{
    "departement": {
        "code": "77",
        "nom": "Seine-et-Marne",
        "slug": "seine-et-marne"
    },
    "region": {
        "id": 11,
        "code": "10",
        "nom": "Île-de-France",
        "slug": "ile-de-france"
    },
    "voisins": [
        {
            "dep_code": "75",
            "dep_nom": "Paris",
            "dep_slug": "paris"
        },
        {
            "dep_code": "78",
            "dep_nom": "Yvelines",
            "dep_slug": "yvelines"
        },
        {
            "dep_code": "91",
            "dep_nom": "Essonne",
            "dep_slug": "essonne"
        },
        {
            "dep_code": "92",
            "dep_nom": "Hauts-de-Seine",
            "dep_slug": "hauts-de-seine"
        }
    ],
    "villes_count": 229,
    "villes": [
        {
            "id": 8088,
            "code_insee": "77001",
            "nom_standard": "Achères-la-Forêt",
            "slug_ville": "acheres-la-foret",
            "code_postal": "77760",
            "population": 1154,
            "superficie_km2": "13.00",
            "latitude_centre": "48.3479996",
            "longitude_centre": "2.5650001"
        },
        {
            "id": 8089,
            "code_insee": "77005",
            "nom_standard": "Annet-sur-Marne",
            "slug_ville": "annet-sur-marne",
            "code_postal": "77410",
            "population": 3317,
            "superficie_km2": "13.00",
            "latitude_centre": "48.9220009",
            "longitude_centre": "2.7079999"
        },
        {
            "id": 8090,
            "code_insee": "77008",
            "nom_standard": "Armentières-en-Brie",
            "slug_ville": "armentieres-en-brie",
            "code_postal": "77440",
            "population": 1205,
            "superficie_km2": "7.00",
            "latitude_centre": "48.9809990",
            "longitude_centre": "3.0160000"
        },
        {
            "id": 8091,
            "code_insee": "77014",
            "nom_standard": "Avon",
            "slug_ville": "avon",
            "code_postal": "77210",
            "population": 13660,
            "superficie_km2": "4.00",
            "latitude_centre": "48.4129982",
            "longitude_centre": "2.7340000"
        },
        {
            "id": 8092,
            "code_insee": "77016",
            "nom_standard": "Bagneaux-sur-Loing",
            "slug_ville": "bagneaux-sur-loing",
            "code_postal": "77167",
            "population": 1595,
            "superficie_km2": "5.00",
            "latitude_centre": "48.2229996",
            "longitude_centre": "2.7079999"
        },
        {
            "id": 8093,
            "code_insee": "77018",
            "nom_standard": "Bailly-Romainvilliers",
            "slug_ville": "bailly-romainvilliers",
            "code_postal": "77700",
            "population": 7169,
            "superficie_km2": "8.00",
            "latitude_centre": "48.8429985",
            "longitude_centre": "2.8169999"
        },
        {
            "id": 8094,
            "code_insee": "77022",
            "nom_standard": "Barbizon",
            "slug_ville": "barbizon",
            "code_postal": "77630",
            "population": 1241,
            "superficie_km2": "5.00",
            "latitude_centre": "48.4480019",
            "longitude_centre": "2.5999999"
        },
        {
            "id": 8095,
            "code_insee": "77027",
            "nom_standard": "Beaumont-du-Gâtinais",
            "slug_ville": "beaumont-du-gatinais",
            "code_postal": "77890",
            "population": 1155,
            "superficie_km2": "17.00",
            "latitude_centre": "48.1409988",
            "longitude_centre": "2.4920001"
        },
        {
            "id": 8096,
            "code_insee": "77037",
            "nom_standard": "Bois-le-Roi",
            "slug_ville": "bois-le-roi",
            "code_postal": "77590",
            "population": 5979,
            "superficie_km2": "7.00",
            "latitude_centre": "48.4760017",
            "longitude_centre": "2.7019999"
        },
        {
            "id": 8097,
            "code_insee": "77039",
            "nom_standard": "Boissise-la-Bertrand",
            "slug_ville": "boissise-la-bertrand",
            "code_postal": "77350",
            "population": 1181,
            "superficie_km2": "8.00",
            "latitude_centre": "48.5340004",
            "longitude_centre": "2.5899999"
        },
        {
            "id": 8098,
            "code_insee": "77040",
            "nom_standard": "Boissise-le-Roi",
            "slug_ville": "boissise-le-roi",
            "code_postal": "77310",
            "population": 3700,
            "superficie_km2": "7.00",
            "latitude_centre": "48.5120010",
            "longitude_centre": "2.5699999"
        },
        {
            "id": 8099,
            "code_insee": "77042",
            "nom_standard": "Boissy-le-Châtel",
            "slug_ville": "boissy-le-chatel",
            "code_postal": "77169",
            "population": 3285,
            "superficie_km2": "10.00",
            "latitude_centre": "48.8250008",
            "longitude_centre": "3.1370001"
        },
        {
            "id": 8100,
            "code_insee": "77047",
            "nom_standard": "Bouleurs",
            "slug_ville": "bouleurs",
            "code_postal": "77580",
            "population": 1720,
            "superficie_km2": "8.00",
            "latitude_centre": "48.8790016",
            "longitude_centre": "2.9080000"
        },
        {
            "id": 8101,
            "code_insee": "77048",
            "nom_standard": "Bourron-Marlotte",
            "slug_ville": "bourron-marlotte",
            "code_postal": "77780",
            "population": 2762,
            "superficie_km2": "11.00",
            "latitude_centre": "48.3349991",
            "longitude_centre": "2.7019999"
        },
        {
            "id": 8102,
            "code_insee": "77051",
            "nom_standard": "Bray-sur-Seine",
            "slug_ville": "bray-sur-seine",
            "code_postal": "77480",
            "population": 2356,
            "superficie_km2": "2.00",
            "latitude_centre": "48.4150009",
            "longitude_centre": "3.2440000"
        },
        {
            "id": 8103,
            "code_insee": "77053",
            "nom_standard": "Brie-Comte-Robert",
            "slug_ville": "brie-comte-robert",
            "code_postal": "77170",
            "population": 19213,
            "superficie_km2": "20.00",
            "latitude_centre": "48.6920013",
            "longitude_centre": "2.6140001"
        },
        {
            "id": 8104,
            "code_insee": "77055",
            "nom_standard": "Brou-sur-Chantereine",
            "slug_ville": "brou-sur-chantereine",
            "code_postal": "77177",
            "population": 4992,
            "superficie_km2": "4.00",
            "latitude_centre": "48.8899994",
            "longitude_centre": "2.6400001"
        },
        {
            "id": 8105,
            "code_insee": "77058",
            "nom_standard": "Bussy-Saint-Georges",
            "slug_ville": "bussy-saint-georges",
            "code_postal": "77600",
            "population": 26571,
            "superficie_km2": "15.00",
            "latitude_centre": "48.8310013",
            "longitude_centre": "2.7219999"
        },
        {
            "id": 8106,
            "code_insee": "77061",
            "nom_standard": "Cannes-Écluse",
            "slug_ville": "cannes-ecluse",
            "code_postal": "77130",
            "population": 2659,
            "superficie_km2": "9.00",
            "latitude_centre": "48.3639984",
            "longitude_centre": "2.9909999"
        },
        {
            "id": 8107,
            "code_insee": "77063",
            "nom_standard": "La Celle-sur-Morin",
            "slug_ville": "la-celle-sur-morin",
            "code_postal": "77515",
            "population": 1251,
            "superficie_km2": "8.00",
            "latitude_centre": "48.7960014",
            "longitude_centre": "2.9719999"
        },
        {
            "id": 8108,
            "code_insee": "77065",
            "nom_standard": "Cély",
            "slug_ville": "cely",
            "code_postal": "77930",
            "population": 1241,
            "superficie_km2": "6.00",
            "latitude_centre": "48.4599991",
            "longitude_centre": "2.5250001"
        },
        {
            "id": 8109,
            "code_insee": "77067",
            "nom_standard": "Cesson",
            "slug_ville": "cesson",
            "code_postal": "77240",
            "population": 11140,
            "superficie_km2": "7.00",
            "latitude_centre": "48.5649986",
            "longitude_centre": "2.5950000"
        },
        {
            "id": 8110,
            "code_insee": "77069",
            "nom_standard": "Chailly-en-Bière",
            "slug_ville": "chailly-en-biere",
            "code_postal": "77930",
            "population": 2118,
            "superficie_km2": "13.00",
            "latitude_centre": "48.4700012",
            "longitude_centre": "2.6120000"
        },
        {
            "id": 8111,
            "code_insee": "77070",
            "nom_standard": "Chailly-en-Brie",
            "slug_ville": "chailly-en-brie",
            "code_postal": "77120",
            "population": 1539,
            "superficie_km2": "18.00",
            "latitude_centre": "48.7919998",
            "longitude_centre": "3.1340001"
        },
        {
            "id": 8112,
            "code_insee": "77075",
            "nom_standard": "Chalifert",
            "slug_ville": "chalifert",
            "code_postal": "77144",
            "population": 1482,
            "superficie_km2": "2.00",
            "latitude_centre": "48.8950005",
            "longitude_centre": "2.7730000"
        },
        {
            "id": 8113,
            "code_insee": "77077",
            "nom_standard": "Chambry",
            "slug_ville": "chambry",
            "code_postal": "77910",
            "population": 1038,
            "superficie_km2": "10.00",
            "latitude_centre": "48.9980011",
            "longitude_centre": "2.8940001"
        },
        {
            "id": 8114,
            "code_insee": "77078",
            "nom_standard": "Chamigny",
            "slug_ville": "chamigny",
            "code_postal": "77260",
            "population": 1378,
            "superficie_km2": "14.00",
            "latitude_centre": "48.9850006",
            "longitude_centre": "3.1420000"
        },
        {
            "id": 8115,
            "code_insee": "77079",
            "nom_standard": "Champagne-sur-Seine",
            "slug_ville": "champagne-sur-seine",
            "code_postal": "77430",
            "population": 6356,
            "superficie_km2": "7.00",
            "latitude_centre": "48.4090004",
            "longitude_centre": "2.8080001"
        },
        {
            "id": 8116,
            "code_insee": "77083",
            "nom_standard": "Champs-sur-Marne",
            "slug_ville": "champs-sur-marne",
            "code_postal": "77420",
            "population": 25695,
            "superficie_km2": "8.00",
            "latitude_centre": "48.8479996",
            "longitude_centre": "2.5960000"
        },
        {
            "id": 8117,
            "code_insee": "77084",
            "nom_standard": "Changis-sur-Marne",
            "slug_ville": "changis-sur-marne",
            "code_postal": "77660",
            "population": 1386,
            "superficie_km2": "7.00",
            "latitude_centre": "48.9659996",
            "longitude_centre": "3.0250001"
        },
        {
            "id": 8118,
            "code_insee": "77085",
            "nom_standard": "Chanteloup-en-Brie",
            "slug_ville": "chanteloup-en-brie",
            "code_postal": "77600",
            "population": 4171,
            "superficie_km2": "3.00",
            "latitude_centre": "48.8580017",
            "longitude_centre": "2.7400000"
        },
        {
            "id": 8119,
            "code_insee": "77086",
            "nom_standard": "La Chapelle-Gauthier",
            "slug_ville": "la-chapelle-gauthier",
            "code_postal": "77720",
            "population": 1420,
            "superficie_km2": "17.00",
            "latitude_centre": "48.5309982",
            "longitude_centre": "2.8629999"
        },
        {
            "id": 8120,
            "code_insee": "77088",
            "nom_standard": "La Chapelle-la-Reine",
            "slug_ville": "la-chapelle-la-reine",
            "code_postal": "77760",
            "population": 2301,
            "superficie_km2": "16.00",
            "latitude_centre": "48.3160019",
            "longitude_centre": "2.5669999"
        },
        {
            "id": 8121,
            "code_insee": "77095",
            "nom_standard": "Charny",
            "slug_ville": "charny",
            "code_postal": "77410",
            "population": 1575,
            "superficie_km2": "13.00",
            "latitude_centre": "48.9700012",
            "longitude_centre": "2.7560000"
        },
        {
            "id": 8122,
            "code_insee": "77096",
            "nom_standard": "Chartrettes",
            "slug_ville": "chartrettes",
            "code_postal": "77590",
            "population": 2543,
            "superficie_km2": "10.00",
            "latitude_centre": "48.4939995",
            "longitude_centre": "2.7140000"
        },
        {
            "id": 8123,
            "code_insee": "77099",
            "nom_standard": "Château-Landon",
            "slug_ville": "chateau-landon",
            "code_postal": "77570",
            "population": 3085,
            "superficie_km2": "29.00",
            "latitude_centre": "48.1479988",
            "longitude_centre": "2.7000000"
        },
        {
            "id": 8124,
            "code_insee": "77100",
            "nom_standard": "Le Châtelet-en-Brie",
            "slug_ville": "le-chatelet-en-brie",
            "code_postal": "77820",
            "population": 4258,
            "superficie_km2": "23.00",
            "latitude_centre": "48.5019989",
            "longitude_centre": "2.8030000"
        },
        {
            "id": 8125,
            "code_insee": "77101",
            "nom_standard": "Châtenay-sur-Seine",
            "slug_ville": "chatenay-sur-seine",
            "code_postal": "77126",
            "population": 1054,
            "superficie_km2": "13.00",
            "latitude_centre": "48.4199982",
            "longitude_centre": "3.0940001"
        },
        {
            "id": 8126,
            "code_insee": "77106",
            "nom_standard": "Chauffry",
            "slug_ville": "chauffry",
            "code_postal": "77169",
            "population": 1014,
            "superficie_km2": "5.00",
            "latitude_centre": "48.8219986",
            "longitude_centre": "3.1810000"
        },
        {
            "id": 8127,
            "code_insee": "77107",
            "nom_standard": "Chaumes-en-Brie",
            "slug_ville": "chaumes-en-brie",
            "code_postal": "77390",
            "population": 3401,
            "superficie_km2": "20.00",
            "latitude_centre": "48.6669998",
            "longitude_centre": "2.8450000"
        },
        {
            "id": 8128,
            "code_insee": "77108",
            "nom_standard": "Chelles",
            "slug_ville": "chelles",
            "code_postal": "77500",
            "population": 54309,
            "superficie_km2": "16.00",
            "latitude_centre": "48.8839989",
            "longitude_centre": "2.5969999"
        },
        {
            "id": 8129,
            "code_insee": "77109",
            "nom_standard": "Chenoise-Cucharmoy",
            "slug_ville": "chenoise-cucharmoy",
            "code_postal": "77160",
            "population": 1654,
            "superficie_km2": "36.00",
            "latitude_centre": "48.6220017",
            "longitude_centre": "3.1919999"
        },
        {
            "id": 8130,
            "code_insee": "77111",
            "nom_standard": "Chessy",
            "slug_ville": "chessy",
            "code_postal": "77700",
            "population": 6875,
            "superficie_km2": "6.00",
            "latitude_centre": "48.8720017",
            "longitude_centre": "2.7700000"
        },
        {
            "id": 8131,
            "code_insee": "77113",
            "nom_standard": "Chevru",
            "slug_ville": "chevru",
            "code_postal": "77320",
            "population": 1047,
            "superficie_km2": "14.00",
            "latitude_centre": "48.7340012",
            "longitude_centre": "3.1960001"
        },
        {
            "id": 8132,
            "code_insee": "77114",
            "nom_standard": "Chevry-Cossigny",
            "slug_ville": "chevry-cossigny",
            "code_postal": "77173",
            "population": 3904,
            "superficie_km2": "17.00",
            "latitude_centre": "48.7229996",
            "longitude_centre": "2.6770000"
        },
        {
            "id": 8133,
            "code_insee": "77116",
            "nom_standard": "Choisy-en-Brie",
            "slug_ville": "choisy-en-brie",
            "code_postal": "77320",
            "population": 1308,
            "superficie_km2": "25.00",
            "latitude_centre": "48.7649994",
            "longitude_centre": "3.2130001"
        },
        {
            "id": 8134,
            "code_insee": "77118",
            "nom_standard": "Claye-Souilly",
            "slug_ville": "claye-souilly",
            "code_postal": "77410",
            "population": 12282,
            "superficie_km2": "15.00",
            "latitude_centre": "48.9430008",
            "longitude_centre": "2.6750000"
        },
        {
            "id": 8135,
            "code_insee": "77121",
            "nom_standard": "Collégien",
            "slug_ville": "collegien",
            "code_postal": "77090",
            "population": 3334,
            "superficie_km2": "3.00",
            "latitude_centre": "48.8269997",
            "longitude_centre": "2.6770000"
        },
        {
            "id": 8136,
            "code_insee": "77122",
            "nom_standard": "Combs-la-Ville",
            "slug_ville": "combs-la-ville",
            "code_postal": "77380",
            "population": 22240,
            "superficie_km2": "15.00",
            "latitude_centre": "48.6580010",
            "longitude_centre": "2.5750000"
        },
        {
            "id": 8137,
            "code_insee": "77124",
            "nom_standard": "Conches-sur-Gondoire",
            "slug_ville": "conches-sur-gondoire",
            "code_postal": "77600",
            "population": 1742,
            "superficie_km2": "2.00",
            "latitude_centre": "48.8580017",
            "longitude_centre": "2.7190001"
        },
        {
            "id": 8138,
            "code_insee": "77125",
            "nom_standard": "Condé-Sainte-Libiaire",
            "slug_ville": "conde-sainte-libiaire",
            "code_postal": "77450",
            "population": 1438,
            "superficie_km2": "2.00",
            "latitude_centre": "48.8989983",
            "longitude_centre": "2.8360000"
        },
        {
            "id": 8139,
            "code_insee": "77126",
            "nom_standard": "Congis-sur-Thérouanne",
            "slug_ville": "congis-sur-therouanne",
            "code_postal": "77440",
            "population": 1772,
            "superficie_km2": "15.00",
            "latitude_centre": "49.0120010",
            "longitude_centre": "2.9779999"
        },
        {
            "id": 8140,
            "code_insee": "77127",
            "nom_standard": "Coubert",
            "slug_ville": "coubert",
            "code_postal": "77170",
            "population": 1879,
            "superficie_km2": "8.00",
            "latitude_centre": "48.6780014",
            "longitude_centre": "2.7079999"
        },
        {
            "id": 8141,
            "code_insee": "77128",
            "nom_standard": "Couilly-Pont-aux-Dames",
            "slug_ville": "couilly-pont-aux-dames",
            "code_postal": "77860",
            "population": 2100,
            "superficie_km2": "5.00",
            "latitude_centre": "48.8820000",
            "longitude_centre": "2.8650000"
        },
        {
            "id": 8142,
            "code_insee": "77131",
            "nom_standard": "Coulommiers",
            "slug_ville": "coulommiers",
            "code_postal": "77120",
            "population": 15250,
            "superficie_km2": "11.00",
            "latitude_centre": "48.8120003",
            "longitude_centre": "3.0910001"
        },
        {
            "id": 8143,
            "code_insee": "77132",
            "nom_standard": "Coupvray",
            "slug_ville": "coupvray",
            "code_postal": "77700",
            "population": 2949,
            "superficie_km2": "8.00",
            "latitude_centre": "48.8860016",
            "longitude_centre": "2.7939999"
        },
        {
            "id": 8144,
            "code_insee": "77135",
            "nom_standard": "Courpalay",
            "slug_ville": "courpalay",
            "code_postal": "77540",
            "population": 1385,
            "superficie_km2": "15.00",
            "latitude_centre": "48.6430016",
            "longitude_centre": "2.9540000"
        },
        {
            "id": 8145,
            "code_insee": "77139",
            "nom_standard": "Courtry",
            "slug_ville": "courtry",
            "code_postal": "77181",
            "population": 6885,
            "superficie_km2": "4.00",
            "latitude_centre": "48.9169998",
            "longitude_centre": "2.6029999"
        },
        {
            "id": 8146,
            "code_insee": "77141",
            "nom_standard": "Coutevroult",
            "slug_ville": "coutevroult",
            "code_postal": "77580",
            "population": 1194,
            "superficie_km2": "8.00",
            "latitude_centre": "48.8530006",
            "longitude_centre": "2.8480001"
        },
        {
            "id": 8147,
            "code_insee": "77142",
            "nom_standard": "Crécy-la-Chapelle",
            "slug_ville": "crecy-la-chapelle",
            "code_postal": "77580",
            "population": 4779,
            "superficie_km2": "15.00",
            "latitude_centre": "48.8569984",
            "longitude_centre": "2.9330001"
        },
        {
            "id": 8148,
            "code_insee": "77143",
            "nom_standard": "Crégy-lès-Meaux",
            "slug_ville": "cregy-les-meaux",
            "code_postal": "77124",
            "population": 5354,
            "superficie_km2": "4.00",
            "latitude_centre": "48.9780006",
            "longitude_centre": "2.8740001"
        },
        {
            "id": 8149,
            "code_insee": "77146",
            "nom_standard": "Croissy-Beaubourg",
            "slug_ville": "croissy-beaubourg",
            "code_postal": "77183",
            "population": 1990,
            "superficie_km2": "11.00",
            "latitude_centre": "48.8170013",
            "longitude_centre": "2.6559999"
        },
        {
            "id": 8150,
            "code_insee": "77148",
            "nom_standard": "Crouy-sur-Ourcq",
            "slug_ville": "crouy-sur-ourcq",
            "code_postal": "77840",
            "population": 1808,
            "superficie_km2": "19.00",
            "latitude_centre": "49.0870018",
            "longitude_centre": "3.0799999"
        },
        {
            "id": 8151,
            "code_insee": "77152",
            "nom_standard": "Dammarie-les-Lys",
            "slug_ville": "dammarie-les-lys",
            "code_postal": "77190",
            "population": 22845,
            "superficie_km2": "10.00",
            "latitude_centre": "48.5139999",
            "longitude_centre": "2.6280000"
        },
        {
            "id": 8152,
            "code_insee": "77153",
            "nom_standard": "Dammartin-en-Goële",
            "slug_ville": "dammartin-en-goele",
            "code_postal": "77230",
            "population": 11272,
            "superficie_km2": "9.00",
            "latitude_centre": "49.0540009",
            "longitude_centre": "2.6789999"
        },
        {
            "id": 8153,
            "code_insee": "77154",
            "nom_standard": "Dammartin-sur-Tigeaux",
            "slug_ville": "dammartin-sur-tigeaux",
            "code_postal": "77163",
            "population": 1249,
            "superficie_km2": "9.00",
            "latitude_centre": "48.8079987",
            "longitude_centre": "2.9030001"
        },
        {
            "id": 8154,
            "code_insee": "77155",
            "nom_standard": "Dampmart",
            "slug_ville": "dampmart",
            "code_postal": "77400",
            "population": 3586,
            "superficie_km2": "6.00",
            "latitude_centre": "48.8940010",
            "longitude_centre": "2.7460001"
        },
        {
            "id": 8155,
            "code_insee": "77159",
            "nom_standard": "Donnemarie-Dontilly",
            "slug_ville": "donnemarie-dontilly",
            "code_postal": "77520",
            "population": 2747,
            "superficie_km2": "12.00",
            "latitude_centre": "48.4780006",
            "longitude_centre": "3.1180000"
        },
        {
            "id": 8156,
            "code_insee": "77162",
            "nom_standard": "Doue",
            "slug_ville": "doue",
            "code_postal": "77510",
            "population": 1108,
            "superficie_km2": "20.00",
            "latitude_centre": "48.8740006",
            "longitude_centre": "3.1689999"
        },
        {
            "id": 8157,
            "code_insee": "77168",
            "nom_standard": "Égreville",
            "slug_ville": "egreville",
            "code_postal": "77620",
            "population": 2143,
            "superficie_km2": "32.00",
            "latitude_centre": "48.1819992",
            "longitude_centre": "2.8840001"
        },
        {
            "id": 8158,
            "code_insee": "77169",
            "nom_standard": "Émerainville",
            "slug_ville": "emerainville",
            "code_postal": "77184",
            "population": 7601,
            "superficie_km2": "5.00",
            "latitude_centre": "48.8199997",
            "longitude_centre": "2.6090000"
        },
        {
            "id": 8159,
            "code_insee": "77171",
            "nom_standard": "Esbly",
            "slug_ville": "esbly",
            "code_postal": "77450",
            "population": 6402,
            "superficie_km2": "3.00",
            "latitude_centre": "48.9010010",
            "longitude_centre": "2.8120000"
        },
        {
            "id": 8160,
            "code_insee": "77175",
            "nom_standard": "Évry-Grégy-sur-Yerre",
            "slug_ville": "evry-gregy-sur-yerre",
            "code_postal": "77166",
            "population": 3150,
            "superficie_km2": "19.00",
            "latitude_centre": "48.6539993",
            "longitude_centre": "2.6400001"
        },
        {
            "id": 8161,
            "code_insee": "77176",
            "nom_standard": "Faremoutiers",
            "slug_ville": "faremoutiers",
            "code_postal": "77515",
            "population": 3013,
            "superficie_km2": "11.00",
            "latitude_centre": "48.7779999",
            "longitude_centre": "3.0000000"
        },
        {
            "id": 8162,
            "code_insee": "77177",
            "nom_standard": "Favières",
            "slug_ville": "favieres",
            "code_postal": "77220",
            "population": 1239,
            "superficie_km2": "28.00",
            "latitude_centre": "48.7799988",
            "longitude_centre": "2.7679999"
        },
        {
            "id": 8163,
            "code_insee": "77180",
            "nom_standard": "Férolles-Attilly",
            "slug_ville": "ferolles-attilly",
            "code_postal": "77150",
            "population": 1255,
            "superficie_km2": "13.00",
            "latitude_centre": "48.7340012",
            "longitude_centre": "2.6389999"
        },
        {
            "id": 8164,
            "code_insee": "77181",
            "nom_standard": "Ferrières-en-Brie",
            "slug_ville": "ferrieres-en-brie",
            "code_postal": "77164",
            "population": 3841,
            "superficie_km2": "6.00",
            "latitude_centre": "48.8199997",
            "longitude_centre": "2.7079999"
        },
        {
            "id": 8165,
            "code_insee": "77182",
            "nom_standard": "La Ferté-Gaucher",
            "slug_ville": "la-ferte-gaucher",
            "code_postal": "77320",
            "population": 4820,
            "superficie_km2": "17.00",
            "latitude_centre": "48.7879982",
            "longitude_centre": "3.3039999"
        },
        {
            "id": 8166,
            "code_insee": "77183",
            "nom_standard": "La Ferté-sous-Jouarre",
            "slug_ville": "la-ferte-sous-jouarre",
            "code_postal": "77260",
            "population": 9714,
            "superficie_km2": "10.00",
            "latitude_centre": "48.9539986",
            "longitude_centre": "3.1280000"
        },
        {
            "id": 8167,
            "code_insee": "77186",
            "nom_standard": "Fontainebleau",
            "slug_ville": "fontainebleau",
            "code_postal": "77300",
            "population": 15945,
            "superficie_km2": "172.00",
            "latitude_centre": "48.4070015",
            "longitude_centre": "2.6800001"
        },
        {
            "id": 8168,
            "code_insee": "77188",
            "nom_standard": "Fontaine-le-Port",
            "slug_ville": "fontaine-le-port",
            "code_postal": "77590",
            "population": 1003,
            "superficie_km2": "8.00",
            "latitude_centre": "48.4840012",
            "longitude_centre": "2.7670000"
        },
        {
            "id": 8169,
            "code_insee": "77191",
            "nom_standard": "Fontenailles",
            "slug_ville": "fontenailles",
            "code_postal": "77370",
            "population": 1070,
            "superficie_km2": "27.00",
            "latitude_centre": "48.5320015",
            "longitude_centre": "2.9270000"
        },
        {
            "id": 8170,
            "code_insee": "77192",
            "nom_standard": "Fontenay-Trésigny",
            "slug_ville": "fontenay-tresigny",
            "code_postal": "77610",
            "population": 5757,
            "superficie_km2": "22.00",
            "latitude_centre": "48.6980019",
            "longitude_centre": "2.8620000"
        },
        {
            "id": 8171,
            "code_insee": "77199",
            "nom_standard": "Fublaines",
            "slug_ville": "fublaines",
            "code_postal": "77470",
            "population": 1391,
            "superficie_km2": "6.00",
            "latitude_centre": "48.9389992",
            "longitude_centre": "2.9410000"
        },
        {
            "id": 8172,
            "code_insee": "77203",
            "nom_standard": "Germigny-l'Évêque",
            "slug_ville": "germigny-l-eveque",
            "code_postal": "77910",
            "population": 1345,
            "superficie_km2": "12.00",
            "latitude_centre": "48.9860001",
            "longitude_centre": "2.9579999"
        },
        {
            "id": 8173,
            "code_insee": "77208",
            "nom_standard": "Gouaix",
            "slug_ville": "gouaix",
            "code_postal": "77114",
            "population": 1335,
            "superficie_km2": "14.00",
            "latitude_centre": "48.4760017",
            "longitude_centre": "3.2969999"
        },
        {
            "id": 8174,
            "code_insee": "77209",
            "nom_standard": "Gouvernes",
            "slug_ville": "gouvernes",
            "code_postal": "77400",
            "population": 1178,
            "superficie_km2": "3.00",
            "latitude_centre": "48.8580017",
            "longitude_centre": "2.6949999"
        },
        {
            "id": 8175,
            "code_insee": "77210",
            "nom_standard": "La Grande-Paroisse",
            "slug_ville": "la-grande-paroisse",
            "code_postal": "77130",
            "population": 2873,
            "superficie_km2": "29.00",
            "latitude_centre": "48.3919983",
            "longitude_centre": "2.8980000"
        },
        {
            "id": 8176,
            "code_insee": "77211",
            "nom_standard": "Grandpuits-Bailly-Carrois",
            "slug_ville": "grandpuits-bailly-carrois",
            "code_postal": "77720",
            "population": 1014,
            "superficie_km2": "24.00",
            "latitude_centre": "48.5820007",
            "longitude_centre": "2.9760001"
        },
        {
            "id": 8177,
            "code_insee": "77215",
            "nom_standard": "Gretz-Armainvilliers",
            "slug_ville": "gretz-armainvilliers",
            "code_postal": "77220",
            "population": 8556,
            "superficie_km2": "14.00",
            "latitude_centre": "48.7500000",
            "longitude_centre": "2.7260001"
        },
        {
            "id": 8178,
            "code_insee": "77216",
            "nom_standard": "Grez-sur-Loing",
            "slug_ville": "grez-sur-loing",
            "code_postal": "77880",
            "population": 1436,
            "superficie_km2": "13.00",
            "latitude_centre": "48.3069992",
            "longitude_centre": "2.6770000"
        },
        {
            "id": 8179,
            "code_insee": "77217",
            "nom_standard": "Grisy-Suisnes",
            "slug_ville": "grisy-suisnes",
            "code_postal": "77166",
            "population": 2749,
            "superficie_km2": "18.00",
            "latitude_centre": "48.6839981",
            "longitude_centre": "2.6760001"
        },
        {
            "id": 8180,
            "code_insee": "77219",
            "nom_standard": "Guérard",
            "slug_ville": "guerard",
            "code_postal": "77580",
            "population": 2655,
            "superficie_km2": "20.00",
            "latitude_centre": "48.8190002",
            "longitude_centre": "2.9519999"
        },
        {
            "id": 8181,
            "code_insee": "77221",
            "nom_standard": "Guermantes",
            "slug_ville": "guermantes",
            "code_postal": "77600",
            "population": 1148,
            "superficie_km2": "1.00",
            "latitude_centre": "48.8510017",
            "longitude_centre": "2.7119999"
        },
        {
            "id": 8182,
            "code_insee": "77222",
            "nom_standard": "Guignes",
            "slug_ville": "guignes",
            "code_postal": "77390",
            "population": 4414,
            "superficie_km2": "6.00",
            "latitude_centre": "48.6360016",
            "longitude_centre": "2.8000000"
        },
        {
            "id": 8183,
            "code_insee": "77226",
            "nom_standard": "Héricy",
            "slug_ville": "hericy",
            "code_postal": "77850",
            "population": 2511,
            "superficie_km2": "11.00",
            "latitude_centre": "48.4420013",
            "longitude_centre": "2.7890000"
        },
        {
            "id": 8184,
            "code_insee": "77229",
            "nom_standard": "La Houssaye-en-Brie",
            "slug_ville": "la-houssaye-en-brie",
            "code_postal": "77610",
            "population": 1675,
            "superficie_km2": "12.00",
            "latitude_centre": "48.7560005",
            "longitude_centre": "2.8680000"
        },
        {
            "id": 8185,
            "code_insee": "77232",
            "nom_standard": "Isles-lès-Villenoy",
            "slug_ville": "isles-les-villenoy",
            "code_postal": "77450",
            "population": 1140,
            "superficie_km2": "7.00",
            "latitude_centre": "48.9169998",
            "longitude_centre": "2.8310001"
        },
        {
            "id": 8186,
            "code_insee": "77238",
            "nom_standard": "Jouarre",
            "slug_ville": "jouarre",
            "code_postal": "77640",
            "population": 4304,
            "superficie_km2": "42.00",
            "latitude_centre": "48.9020004",
            "longitude_centre": "3.1129999"
        },
        {
            "id": 8187,
            "code_insee": "77239",
            "nom_standard": "Jouy-le-Châtel",
            "slug_ville": "jouy-le-chatel",
            "code_postal": "77970",
            "population": 1526,
            "superficie_km2": "38.00",
            "latitude_centre": "48.6640015",
            "longitude_centre": "3.1350000"
        },
        {
            "id": 8188,
            "code_insee": "77240",
            "nom_standard": "Jouy-sur-Morin",
            "slug_ville": "jouy-sur-morin",
            "code_postal": "77320",
            "population": 2212,
            "superficie_km2": "18.00",
            "latitude_centre": "48.7960014",
            "longitude_centre": "3.2720001"
        },
        {
            "id": 8189,
            "code_insee": "77241",
            "nom_standard": "Juilly",
            "slug_ville": "juilly",
            "code_postal": "77230",
            "population": 2020,
            "superficie_km2": "8.00",
            "latitude_centre": "49.0219994",
            "longitude_centre": "2.7060001"
        },
        {
            "id": 8190,
            "code_insee": "77243",
            "nom_standard": "Lagny-sur-Marne",
            "slug_ville": "lagny-sur-marne",
            "code_postal": "77400",
            "population": 21191,
            "superficie_km2": "6.00",
            "latitude_centre": "48.8730011",
            "longitude_centre": "2.7100000"
        },
        {
            "id": 8191,
            "code_insee": "77249",
            "nom_standard": "Lésigny",
            "slug_ville": "lesigny",
            "code_postal": "77150",
            "population": 7102,
            "superficie_km2": "10.00",
            "latitude_centre": "48.7500000",
            "longitude_centre": "2.6159999"
        },
        {
            "id": 8192,
            "code_insee": "77251",
            "nom_standard": "Lieusaint",
            "slug_ville": "lieusaint",
            "code_postal": "77127",
            "population": 13808,
            "superficie_km2": "12.00",
            "latitude_centre": "48.6259995",
            "longitude_centre": "2.5500000"
        },
        {
            "id": 8193,
            "code_insee": "77254",
            "nom_standard": "Liverdy-en-Brie",
            "slug_ville": "liverdy-en-brie",
            "code_postal": "77220",
            "population": 1306,
            "superficie_km2": "9.00",
            "latitude_centre": "48.6959992",
            "longitude_centre": "2.7800000"
        },
        {
            "id": 8194,
            "code_insee": "77255",
            "nom_standard": "Livry-sur-Seine",
            "slug_ville": "livry-sur-seine",
            "code_postal": "77000",
            "population": 2215,
            "superficie_km2": "5.00",
            "latitude_centre": "48.5050011",
            "longitude_centre": "2.6860001"
        },
        {
            "id": 8195,
            "code_insee": "77257",
            "nom_standard": "Lizy-sur-Ourcq",
            "slug_ville": "lizy-sur-ourcq",
            "code_postal": "77440",
            "population": 3519,
            "superficie_km2": "11.00",
            "latitude_centre": "49.0349999",
            "longitude_centre": "3.0190001"
        },
        {
            "id": 8196,
            "code_insee": "77258",
            "nom_standard": "Lognes",
            "slug_ville": "lognes",
            "code_postal": "77185",
            "population": 14650,
            "superficie_km2": "4.00",
            "latitude_centre": "48.8330002",
            "longitude_centre": "2.6340001"
        },
        {
            "id": 8197,
            "code_insee": "77259",
            "nom_standard": "Longperrier",
            "slug_ville": "longperrier",
            "code_postal": "77230",
            "population": 2669,
            "superficie_km2": "5.00",
            "latitude_centre": "49.0509987",
            "longitude_centre": "2.6550000"
        },
        {
            "id": 8198,
            "code_insee": "77260",
            "nom_standard": "Longueville",
            "slug_ville": "longueville",
            "code_postal": "77650",
            "population": 1800,
            "superficie_km2": "6.00",
            "latitude_centre": "48.5139999",
            "longitude_centre": "3.2379999"
        },
        {
            "id": 8199,
            "code_insee": "77261",
            "nom_standard": "Lorrez-le-Bocage-Préaux",
            "slug_ville": "lorrez-le-bocage-preaux",
            "code_postal": "77710",
            "population": 1213,
            "superficie_km2": "20.00",
            "latitude_centre": "48.2400017",
            "longitude_centre": "2.8959999"
        },
        {
            "id": 8200,
            "code_insee": "77264",
            "nom_standard": "Lumigny-Nesles-Ormeaux",
            "slug_ville": "lumigny-nesles-ormeaux",
            "code_postal": "77540",
            "population": 1497,
            "superficie_km2": "36.00",
            "latitude_centre": "48.7200012",
            "longitude_centre": "2.9540000"
        },
        {
            "id": 8201,
            "code_insee": "77265",
            "nom_standard": "Luzancy",
            "slug_ville": "luzancy",
            "code_postal": "77138",
            "population": 1070,
            "superficie_km2": "7.00",
            "latitude_centre": "48.9780006",
            "longitude_centre": "3.1810000"
        },
        {
            "id": 8202,
            "code_insee": "77268",
            "nom_standard": "Magny-le-Hongre",
            "slug_ville": "magny-le-hongre",
            "code_postal": "77700",
            "population": 9064,
            "superficie_km2": "5.00",
            "latitude_centre": "48.8670006",
            "longitude_centre": "2.8139999"
        },
        {
            "id": 8203,
            "code_insee": "77269",
            "nom_standard": "Maincy",
            "slug_ville": "maincy",
            "code_postal": "77950",
            "population": 1833,
            "superficie_km2": "10.00",
            "latitude_centre": "48.5540009",
            "longitude_centre": "2.7060001"
        },
        {
            "id": 8204,
            "code_insee": "77276",
            "nom_standard": "Mareuil-lès-Meaux",
            "slug_ville": "mareuil-les-meaux",
            "code_postal": "77100",
            "population": 3304,
            "superficie_km2": "7.00",
            "latitude_centre": "48.9239998",
            "longitude_centre": "2.8699999"
        },
        {
            "id": 8205,
            "code_insee": "77277",
            "nom_standard": "Marles-en-Brie",
            "slug_ville": "marles-en-brie",
            "code_postal": "77610",
            "population": 1843,
            "superficie_km2": "13.00",
            "latitude_centre": "48.7249985",
            "longitude_centre": "2.8880000"
        },
        {
            "id": 8206,
            "code_insee": "77279",
            "nom_standard": "Marolles-sur-Seine",
            "slug_ville": "marolles-sur-seine",
            "code_postal": "77130",
            "population": 1812,
            "superficie_km2": "20.00",
            "latitude_centre": "48.3839989",
            "longitude_centre": "3.0320001"
        },
        {
            "id": 8207,
            "code_insee": "77280",
            "nom_standard": "Mary-sur-Marne",
            "slug_ville": "mary-sur-marne",
            "code_postal": "77440",
            "population": 1114,
            "superficie_km2": "2.00",
            "latitude_centre": "49.0159988",
            "longitude_centre": "3.0330000"
        },
        {
            "id": 8208,
            "code_insee": "77284",
            "nom_standard": "Meaux",
            "slug_ville": "meaux",
            "code_postal": "77100",
            "population": 55616,
            "superficie_km2": "15.00",
            "latitude_centre": "48.9570007",
            "longitude_centre": "2.9000001"
        },
        {
            "id": 8209,
            "code_insee": "77285",
            "nom_standard": "Le Mée-sur-Seine",
            "slug_ville": "le-mee-sur-seine",
            "code_postal": "77350",
            "population": 20207,
            "superficie_km2": "6.00",
            "latitude_centre": "48.5400009",
            "longitude_centre": "2.6289999"
        },
        {
            "id": 8210,
            "code_insee": "77288",
            "nom_standard": "Melun",
            "slug_ville": "melun",
            "code_postal": "77000",
            "population": 42367,
            "superficie_km2": "8.00",
            "latitude_centre": "48.5439987",
            "longitude_centre": "2.6580000"
        },
        {
            "id": 8211,
            "code_insee": "77291",
            "nom_standard": "Le Mesnil-Amelot",
            "slug_ville": "le-mesnil-amelot",
            "code_postal": "77990",
            "population": 1016,
            "superficie_km2": "10.00",
            "latitude_centre": "49.0159988",
            "longitude_centre": "2.5960000"
        },
        {
            "id": 8212,
            "code_insee": "77292",
            "nom_standard": "Messy",
            "slug_ville": "messy",
            "code_postal": "77410",
            "population": 1213,
            "superficie_km2": "10.00",
            "latitude_centre": "48.9669991",
            "longitude_centre": "2.7010000"
        },
        {
            "id": 8213,
            "code_insee": "77294",
            "nom_standard": "Mitry-Mory",
            "slug_ville": "mitry-mory",
            "code_postal": "77290",
            "population": 20627,
            "superficie_km2": "30.00",
            "latitude_centre": "48.9780006",
            "longitude_centre": "2.6120000"
        },
        {
            "id": 8214,
            "code_insee": "77295",
            "nom_standard": "Moisenay",
            "slug_ville": "moisenay",
            "code_postal": "77950",
            "population": 1371,
            "superficie_km2": "9.00",
            "latitude_centre": "48.5649986",
            "longitude_centre": "2.7409999"
        },
        {
            "id": 8215,
            "code_insee": "77296",
            "nom_standard": "Moissy-Cramayel",
            "slug_ville": "moissy-cramayel",
            "code_postal": "77550",
            "population": 18248,
            "superficie_km2": "14.00",
            "latitude_centre": "48.6290016",
            "longitude_centre": "2.5960000"
        },
        {
            "id": 8216,
            "code_insee": "77302",
            "nom_standard": "Montcourt-Fromonville",
            "slug_ville": "montcourt-fromonville",
            "code_postal": "77140",
            "population": 1925,
            "superficie_km2": "8.00",
            "latitude_centre": "48.2989998",
            "longitude_centre": "2.7119999"
        },
        {
            "id": 8217,
            "code_insee": "77305",
            "nom_standard": "Montereau-Fault-Yonne",
            "slug_ville": "montereau-fault-yonne",
            "code_postal": "77130",
            "population": 22259,
            "superficie_km2": "9.00",
            "latitude_centre": "48.3899994",
            "longitude_centre": "2.9619999"
        },
        {
            "id": 8218,
            "code_insee": "77307",
            "nom_standard": "Montévrain",
            "slug_ville": "montevrain",
            "code_postal": "77144",
            "population": 13934,
            "superficie_km2": "5.00",
            "latitude_centre": "48.8680000",
            "longitude_centre": "2.7500000"
        },
        {
            "id": 8219,
            "code_insee": "77309",
            "nom_standard": "Monthyon",
            "slug_ville": "monthyon",
            "code_postal": "77122",
            "population": 1749,
            "superficie_km2": "12.00",
            "latitude_centre": "49.0099983",
            "longitude_centre": "2.8329999"
        },
        {
            "id": 8220,
            "code_insee": "77311",
            "nom_standard": "Montigny-Lencoup",
            "slug_ville": "montigny-lencoup",
            "code_postal": "77520",
            "population": 1384,
            "superficie_km2": "21.00",
            "latitude_centre": "48.4539986",
            "longitude_centre": "3.0530000"
        },
        {
            "id": 8221,
            "code_insee": "77312",
            "nom_standard": "Montigny-sur-Loing",
            "slug_ville": "montigny-sur-loing",
            "code_postal": "77690",
            "population": 2621,
            "superficie_km2": "9.00",
            "latitude_centre": "48.3409996",
            "longitude_centre": "2.7509999"
        },
        {
            "id": 8222,
            "code_insee": "77315",
            "nom_standard": "Montry",
            "slug_ville": "montry",
            "code_postal": "77450",
            "population": 3799,
            "superficie_km2": "3.00",
            "latitude_centre": "48.8860016",
            "longitude_centre": "2.8230000"
        },
        {
            "id": 8223,
            "code_insee": "77316",
            "nom_standard": "Moret-Loing-et-Orvanne",
            "slug_ville": "moret-loing-et-orvanne",
            "code_postal": "77250",
            "population": 12581,
            "superficie_km2": "5.00",
            "latitude_centre": "48.3650017",
            "longitude_centre": "2.8120000"
        },
        {
            "id": 8224,
            "code_insee": "77317",
            "nom_standard": "Mormant",
            "slug_ville": "mormant",
            "code_postal": "77720",
            "population": 5222,
            "superficie_km2": "17.00",
            "latitude_centre": "48.5979996",
            "longitude_centre": "2.8820000"
        },
        {
            "id": 8225,
            "code_insee": "77318",
            "nom_standard": "Mortcerf",
            "slug_ville": "mortcerf",
            "code_postal": "77163",
            "population": 1416,
            "superficie_km2": "18.00",
            "latitude_centre": "48.7830010",
            "longitude_centre": "2.9059999"
        },
        {
            "id": 8226,
            "code_insee": "77320",
            "nom_standard": "Mouroux",
            "slug_ville": "mouroux",
            "code_postal": "77120",
            "population": 5928,
            "superficie_km2": "17.00",
            "latitude_centre": "48.8269997",
            "longitude_centre": "3.0510001"
        },
        {
            "id": 8227,
            "code_insee": "77322",
            "nom_standard": "Moussy-le-Neuf",
            "slug_ville": "moussy-le-neuf",
            "code_postal": "77230",
            "population": 3270,
            "superficie_km2": "15.00",
            "latitude_centre": "49.0699997",
            "longitude_centre": "2.6080000"
        },
        {
            "id": 8228,
            "code_insee": "77323",
            "nom_standard": "Moussy-le-Vieux",
            "slug_ville": "moussy-le-vieux",
            "code_postal": "77230",
            "population": 1476,
            "superficie_km2": "7.00",
            "latitude_centre": "49.0480003",
            "longitude_centre": "2.6240001"
        },
        {
            "id": 8229,
            "code_insee": "77326",
            "nom_standard": "Nandy",
            "slug_ville": "nandy",
            "code_postal": "77176",
            "population": 6294,
            "superficie_km2": "9.00",
            "latitude_centre": "48.5820007",
            "longitude_centre": "2.5480001"
        },
        {
            "id": 8230,
            "code_insee": "77327",
            "nom_standard": "Nangis",
            "slug_ville": "nangis",
            "code_postal": "77370",
            "population": 8898,
            "superficie_km2": "24.00",
            "latitude_centre": "48.5550003",
            "longitude_centre": "3.0090001"
        },
        {
            "id": 8231,
            "code_insee": "77330",
            "nom_standard": "Nanteuil-lès-Meaux",
            "slug_ville": "nanteuil-les-meaux",
            "code_postal": "77100",
            "population": 6800,
            "superficie_km2": "8.00",
            "latitude_centre": "48.9290009",
            "longitude_centre": "2.8989999"
        },
        {
            "id": 8232,
            "code_insee": "77333",
            "nom_standard": "Nemours",
            "slug_ville": "nemours",
            "code_postal": "77140",
            "population": 13189,
            "superficie_km2": "10.00",
            "latitude_centre": "48.2599983",
            "longitude_centre": "2.7110000"
        },
        {
            "id": 8233,
            "code_insee": "77335",
            "nom_standard": "Chauconin-Neufmontiers",
            "slug_ville": "chauconin-neufmontiers",
            "code_postal": "77124",
            "population": 3655,
            "superficie_km2": "17.00",
            "latitude_centre": "48.9720001",
            "longitude_centre": "2.8320000"
        },
        {
            "id": 8234,
            "code_insee": "77336",
            "nom_standard": "Neufmoutiers-en-Brie",
            "slug_ville": "neufmoutiers-en-brie",
            "code_postal": "77610",
            "population": 1216,
            "superficie_km2": "16.00",
            "latitude_centre": "48.7739983",
            "longitude_centre": "2.8260000"
        },
        {
            "id": 8235,
            "code_insee": "77337",
            "nom_standard": "Noisiel",
            "slug_ville": "noisiel",
            "code_postal": "77186",
            "population": 15461,
            "superficie_km2": "4.00",
            "latitude_centre": "48.8460007",
            "longitude_centre": "2.6199999"
        },
        {
            "id": 8236,
            "code_insee": "77339",
            "nom_standard": "Noisy-sur-École",
            "slug_ville": "noisy-sur-ecole",
            "code_postal": "77123",
            "population": 1822,
            "superficie_km2": "30.00",
            "latitude_centre": "48.3779984",
            "longitude_centre": "2.5090001"
        },
        {
            "id": 8237,
            "code_insee": "77344",
            "nom_standard": "Oissery",
            "slug_ville": "oissery",
            "code_postal": "77178",
            "population": 2459,
            "superficie_km2": "15.00",
            "latitude_centre": "49.0699997",
            "longitude_centre": "2.8180001"
        },
        {
            "id": 8238,
            "code_insee": "77349",
            "nom_standard": "Othis",
            "slug_ville": "othis",
            "code_postal": "77280",
            "population": 6739,
            "superficie_km2": "13.00",
            "latitude_centre": "49.0830002",
            "longitude_centre": "2.6540000"
        },
        {
            "id": 8239,
            "code_insee": "77350",
            "nom_standard": "Ozoir-la-Ferrière",
            "slug_ville": "ozoir-la-ferriere",
            "code_postal": "77330",
            "population": 20692,
            "superficie_km2": "16.00",
            "latitude_centre": "48.7639999",
            "longitude_centre": "2.6800001"
        },
        {
            "id": 8240,
            "code_insee": "77352",
            "nom_standard": "Ozouer-le-Voulgis",
            "slug_ville": "ozouer-le-voulgis",
            "code_postal": "77390",
            "population": 1970,
            "superficie_km2": "11.00",
            "latitude_centre": "48.6650009",
            "longitude_centre": "2.7770000"
        },
        {
            "id": 8241,
            "code_insee": "77358",
            "nom_standard": "Penchard",
            "slug_ville": "penchard",
            "code_postal": "77124",
            "population": 1354,
            "superficie_km2": "4.00",
            "latitude_centre": "48.9910011",
            "longitude_centre": "2.8580000"
        },
        {
            "id": 8242,
            "code_insee": "77359",
            "nom_standard": "Perthes",
            "slug_ville": "perthes",
            "code_postal": "77930",
            "population": 2040,
            "superficie_km2": "12.00",
            "latitude_centre": "48.4799995",
            "longitude_centre": "2.5500000"
        },
        {
            "id": 8243,
            "code_insee": "77363",
            "nom_standard": "Le Pin",
            "slug_ville": "le-pin",
            "code_postal": "77181",
            "population": 1548,
            "superficie_km2": "7.00",
            "latitude_centre": "48.9140015",
            "longitude_centre": "2.6280000"
        },
        {
            "id": 8244,
            "code_insee": "77371",
            "nom_standard": "Pommeuse",
            "slug_ville": "pommeuse",
            "code_postal": "77515",
            "population": 3015,
            "superficie_km2": "13.00",
            "latitude_centre": "48.8180008",
            "longitude_centre": "3.0060000"
        },
        {
            "id": 8245,
            "code_insee": "77372",
            "nom_standard": "Pomponne",
            "slug_ville": "pomponne",
            "code_postal": "77400",
            "population": 4158,
            "superficie_km2": "7.00",
            "latitude_centre": "48.8870010",
            "longitude_centre": "2.6750000"
        },
        {
            "id": 8246,
            "code_insee": "77373",
            "nom_standard": "Pontault-Combault",
            "slug_ville": "pontault-combault",
            "code_postal": "77340",
            "population": 38258,
            "superficie_km2": "14.00",
            "latitude_centre": "48.7869988",
            "longitude_centre": "2.6140001"
        },
        {
            "id": 8247,
            "code_insee": "77374",
            "nom_standard": "Pontcarré",
            "slug_ville": "pontcarre",
            "code_postal": "77135",
            "population": 2156,
            "superficie_km2": "10.00",
            "latitude_centre": "48.7960014",
            "longitude_centre": "2.7070000"
        },
        {
            "id": 8248,
            "code_insee": "77377",
            "nom_standard": "Presles-en-Brie",
            "slug_ville": "presles-en-brie",
            "code_postal": "77220",
            "population": 2313,
            "superficie_km2": "17.00",
            "latitude_centre": "48.7130013",
            "longitude_centre": "2.7370000"
        },
        {
            "id": 8249,
            "code_insee": "77378",
            "nom_standard": "Pringy",
            "slug_ville": "pringy",
            "code_postal": "77310",
            "population": 3558,
            "superficie_km2": "4.00",
            "latitude_centre": "48.5180016",
            "longitude_centre": "2.5500000"
        },
        {
            "id": 8250,
            "code_insee": "77379",
            "nom_standard": "Provins",
            "slug_ville": "provins",
            "code_postal": "77160",
            "population": 11958,
            "superficie_km2": "15.00",
            "latitude_centre": "48.5629997",
            "longitude_centre": "3.2880001"
        },
        {
            "id": 8251,
            "code_insee": "77382",
            "nom_standard": "Quincy-Voisins",
            "slug_ville": "quincy-voisins",
            "code_postal": "77860",
            "population": 5435,
            "superficie_km2": "10.00",
            "latitude_centre": "48.8989983",
            "longitude_centre": "2.8780000"
        },
        {
            "id": 8252,
            "code_insee": "77384",
            "nom_standard": "Réau",
            "slug_ville": "reau",
            "code_postal": "77550",
            "population": 1966,
            "superficie_km2": "13.00",
            "latitude_centre": "48.6069984",
            "longitude_centre": "2.6240001"
        },
        {
            "id": 8253,
            "code_insee": "77385",
            "nom_standard": "Rebais",
            "slug_ville": "rebais",
            "code_postal": "77510",
            "population": 2289,
            "superficie_km2": "11.00",
            "latitude_centre": "48.8580017",
            "longitude_centre": "3.2330000"
        },
        {
            "id": 8254,
            "code_insee": "77389",
            "nom_standard": "La Rochette",
            "slug_ville": "la-rochette",
            "code_postal": "77000",
            "population": 3870,
            "superficie_km2": "6.00",
            "latitude_centre": "48.5070000",
            "longitude_centre": "2.6600001"
        },
        {
            "id": 8255,
            "code_insee": "77390",
            "nom_standard": "Roissy-en-Brie",
            "slug_ville": "roissy-en-brie",
            "code_postal": "77680",
            "population": 23061,
            "superficie_km2": "14.00",
            "latitude_centre": "48.7900009",
            "longitude_centre": "2.6610000"
        },
        {
            "id": 8256,
            "code_insee": "77392",
            "nom_standard": "Rouvres",
            "slug_ville": "rouvres",
            "code_postal": "77230",
            "population": 1005,
            "superficie_km2": "4.00",
            "latitude_centre": "49.0639992",
            "longitude_centre": "2.7179999"
        },
        {
            "id": 8257,
            "code_insee": "77393",
            "nom_standard": "Rozay-en-Brie",
            "slug_ville": "rozay-en-brie",
            "code_postal": "77540",
            "population": 2819,
            "superficie_km2": "3.00",
            "latitude_centre": "48.6839981",
            "longitude_centre": "2.9640000"
        },
        {
            "id": 8258,
            "code_insee": "77394",
            "nom_standard": "Rubelles",
            "slug_ville": "rubelles",
            "code_postal": "77950",
            "population": 3273,
            "superficie_km2": "4.00",
            "latitude_centre": "48.5649986",
            "longitude_centre": "2.6800001"
        },
        {
            "id": 8259,
            "code_insee": "77397",
            "nom_standard": "Saâcy-sur-Marne",
            "slug_ville": "saacy-sur-marne",
            "code_postal": "77730",
            "population": 1864,
            "superficie_km2": "14.00",
            "latitude_centre": "48.9510002",
            "longitude_centre": "3.2170000"
        },
        {
            "id": 8260,
            "code_insee": "77400",
            "nom_standard": "Saint-Augustin",
            "slug_ville": "saint-augustin",
            "code_postal": "77515",
            "population": 1820,
            "superficie_km2": "10.00",
            "latitude_centre": "48.7890015",
            "longitude_centre": "3.0290000"
        },
        {
            "id": 8261,
            "code_insee": "77404",
            "nom_standard": "Sainte-Colombe",
            "slug_ville": "sainte-colombe",
            "code_postal": "77650",
            "population": 1793,
            "superficie_km2": "8.00",
            "latitude_centre": "48.5340004",
            "longitude_centre": "3.2590001"
        },
        {
            "id": 8262,
            "code_insee": "77405",
            "nom_standard": "Saint-Cyr-sur-Morin",
            "slug_ville": "saint-cyr-sur-morin",
            "code_postal": "77750",
            "population": 1954,
            "superficie_km2": "19.00",
            "latitude_centre": "48.9119988",
            "longitude_centre": "3.1750000"
        },
        {
            "id": 8263,
            "code_insee": "77406",
            "nom_standard": "Saint-Denis-lès-Rebais",
            "slug_ville": "saint-denis-les-rebais",
            "code_postal": "77510",
            "population": 1012,
            "superficie_km2": "15.00",
            "latitude_centre": "48.8450012",
            "longitude_centre": "3.1989999"
        },
        {
            "id": 8264,
            "code_insee": "77407",
            "nom_standard": "Saint-Fargeau-Ponthierry",
            "slug_ville": "saint-fargeau-ponthierry",
            "code_postal": "77310",
            "population": 14516,
            "superficie_km2": "17.00",
            "latitude_centre": "48.5390015",
            "longitude_centre": "2.5250001"
        },
        {
            "id": 8265,
            "code_insee": "77409",
            "nom_standard": "Saint-Germain-Laval",
            "slug_ville": "saint-germain-laval",
            "code_postal": "77130",
            "population": 2828,
            "superficie_km2": "9.00",
            "latitude_centre": "48.4090004",
            "longitude_centre": "2.9949999"
        },
        {
            "id": 8266,
            "code_insee": "77413",
            "nom_standard": "Saint-Germain-sur-Morin",
            "slug_ville": "saint-germain-sur-morin",
            "code_postal": "77860",
            "population": 3881,
            "superficie_km2": "5.00",
            "latitude_centre": "48.8750000",
            "longitude_centre": "2.8399999"
        },
        {
            "id": 8267,
            "code_insee": "77415",
            "nom_standard": "Saint-Jean-les-Deux-Jumeaux",
            "slug_ville": "saint-jean-les-deux-jumeaux",
            "code_postal": "77660",
            "population": 1285,
            "superficie_km2": "13.00",
            "latitude_centre": "48.9389992",
            "longitude_centre": "3.0270000"
        },
        {
            "id": 8268,
            "code_insee": "77419",
            "nom_standard": "Saint-Mammès",
            "slug_ville": "saint-mammes",
            "code_postal": "77670",
            "population": 3302,
            "superficie_km2": "2.00",
            "latitude_centre": "48.3870010",
            "longitude_centre": "2.8190000"
        },
        {
            "id": 8269,
            "code_insee": "77420",
            "nom_standard": "Saint-Mard",
            "slug_ville": "saint-mard",
            "code_postal": "77230",
            "population": 3847,
            "superficie_km2": "6.00",
            "latitude_centre": "49.0390015",
            "longitude_centre": "2.6970000"
        },
        {
            "id": 8270,
            "code_insee": "77430",
            "nom_standard": "Saint-Pathus",
            "slug_ville": "saint-pathus",
            "code_postal": "77178",
            "population": 6358,
            "superficie_km2": "5.00",
            "latitude_centre": "49.0740013",
            "longitude_centre": "2.7880001"
        },
        {
            "id": 8271,
            "code_insee": "77431",
            "nom_standard": "Saint-Pierre-lès-Nemours",
            "slug_ville": "saint-pierre-les-nemours",
            "code_postal": "77140",
            "population": 5416,
            "superficie_km2": "22.00",
            "latitude_centre": "48.2649994",
            "longitude_centre": "2.6659999"
        },
        {
            "id": 8272,
            "code_insee": "77433",
            "nom_standard": "Beautheil-Saints",
            "slug_ville": "beautheil-saints",
            "code_postal": "77120",
            "population": 2035,
            "superficie_km2": "20.00",
            "latitude_centre": "48.7639999",
            "longitude_centre": "3.0590000"
        },
        {
            "id": 8273,
            "code_insee": "77435",
            "nom_standard": "Saint-Sauveur-sur-École",
            "slug_ville": "saint-sauveur-sur-ecole",
            "code_postal": "77930",
            "population": 1103,
            "superficie_km2": "7.00",
            "latitude_centre": "48.5000000",
            "longitude_centre": "2.5339999"
        },
        {
            "id": 8274,
            "code_insee": "77437",
            "nom_standard": "Saint-Soupplets",
            "slug_ville": "saint-soupplets",
            "code_postal": "77165",
            "population": 3585,
            "superficie_km2": "14.00",
            "latitude_centre": "49.0369988",
            "longitude_centre": "2.8020000"
        },
        {
            "id": 8275,
            "code_insee": "77438",
            "nom_standard": "Saint-Thibault-des-Vignes",
            "slug_ville": "saint-thibault-des-vignes",
            "code_postal": "77400",
            "population": 6266,
            "superficie_km2": "5.00",
            "latitude_centre": "48.8639984",
            "longitude_centre": "2.6760001"
        },
        {
            "id": 8276,
            "code_insee": "77439",
            "nom_standard": "Salins",
            "slug_ville": "salins",
            "code_postal": "77148",
            "population": 1171,
            "superficie_km2": "11.00",
            "latitude_centre": "48.4319992",
            "longitude_centre": "3.0190001"
        },
        {
            "id": 8277,
            "code_insee": "77440",
            "nom_standard": "Sammeron",
            "slug_ville": "sammeron",
            "code_postal": "77260",
            "population": 1143,
            "superficie_km2": "6.00",
            "latitude_centre": "48.9420013",
            "longitude_centre": "3.0769999"
        },
        {
            "id": 8278,
            "code_insee": "77441",
            "nom_standard": "Samois-sur-Seine",
            "slug_ville": "samois-sur-seine",
            "code_postal": "77920",
            "population": 2010,
            "superficie_km2": "6.00",
            "latitude_centre": "48.4550018",
            "longitude_centre": "2.7530000"
        },
        {
            "id": 8279,
            "code_insee": "77442",
            "nom_standard": "Samoreau",
            "slug_ville": "samoreau",
            "code_postal": "77210",
            "population": 2426,
            "superficie_km2": "6.00",
            "latitude_centre": "48.4199982",
            "longitude_centre": "2.7700000"
        },
        {
            "id": 8280,
            "code_insee": "77445",
            "nom_standard": "Savigny-le-Temple",
            "slug_ville": "savigny-le-temple",
            "code_postal": "77176",
            "population": 30510,
            "superficie_km2": "12.00",
            "latitude_centre": "48.5880013",
            "longitude_centre": "2.5739999"
        },
        {
            "id": 8281,
            "code_insee": "77447",
            "nom_standard": "Seine-Port",
            "slug_ville": "seine-port",
            "code_postal": "77240",
            "population": 1824,
            "superficie_km2": "9.00",
            "latitude_centre": "48.5519981",
            "longitude_centre": "2.5539999"
        },
        {
            "id": 8282,
            "code_insee": "77449",
            "nom_standard": "Serris",
            "slug_ville": "serris",
            "code_postal": "77700",
            "population": 9706,
            "superficie_km2": "6.00",
            "latitude_centre": "48.8450012",
            "longitude_centre": "2.7880001"
        },
        {
            "id": 8283,
            "code_insee": "77450",
            "nom_standard": "Servon",
            "slug_ville": "servon",
            "code_postal": "77170",
            "population": 3396,
            "superficie_km2": "7.00",
            "latitude_centre": "48.7150002",
            "longitude_centre": "2.5920000"
        },
        {
            "id": 8284,
            "code_insee": "77453",
            "nom_standard": "Sivry-Courtry",
            "slug_ville": "sivry-courtry",
            "code_postal": "77115",
            "population": 1122,
            "superficie_km2": "22.00",
            "latitude_centre": "48.5309982",
            "longitude_centre": "2.7560000"
        },
        {
            "id": 8285,
            "code_insee": "77455",
            "nom_standard": "Soignolles-en-Brie",
            "slug_ville": "soignolles-en-brie",
            "code_postal": "77111",
            "population": 2026,
            "superficie_km2": "11.00",
            "latitude_centre": "48.6450005",
            "longitude_centre": "2.7079999"
        },
        {
            "id": 8286,
            "code_insee": "77457",
            "nom_standard": "Solers",
            "slug_ville": "solers",
            "code_postal": "77111",
            "population": 1231,
            "superficie_km2": "6.00",
            "latitude_centre": "48.6590004",
            "longitude_centre": "2.7270000"
        },
        {
            "id": 8287,
            "code_insee": "77458",
            "nom_standard": "Souppes-sur-Loing",
            "slug_ville": "souppes-sur-loing",
            "code_postal": "77460",
            "population": 5114,
            "superficie_km2": "28.00",
            "latitude_centre": "48.1870003",
            "longitude_centre": "2.7479999"
        },
        {
            "id": 8288,
            "code_insee": "77459",
            "nom_standard": "Sourdun",
            "slug_ville": "sourdun",
            "code_postal": "77171",
            "population": 1517,
            "superficie_km2": "23.00",
            "latitude_centre": "48.5369988",
            "longitude_centre": "3.3629999"
        },
        {
            "id": 8289,
            "code_insee": "77463",
            "nom_standard": "Thomery",
            "slug_ville": "thomery",
            "code_postal": "77810",
            "population": 3411,
            "superficie_km2": "4.00",
            "latitude_centre": "48.4039993",
            "longitude_centre": "2.7800000"
        },
        {
            "id": 8290,
            "code_insee": "77464",
            "nom_standard": "Thorigny-sur-Marne",
            "slug_ville": "thorigny-sur-marne",
            "code_postal": "77400",
            "population": 10405,
            "superficie_km2": "5.00",
            "latitude_centre": "48.8919983",
            "longitude_centre": "2.7119999"
        },
        {
            "id": 8291,
            "code_insee": "77468",
            "nom_standard": "Torcy",
            "slug_ville": "torcy",
            "code_postal": "77200",
            "population": 22444,
            "superficie_km2": "6.00",
            "latitude_centre": "48.8530006",
            "longitude_centre": "2.6510000"
        },
        {
            "id": 8292,
            "code_insee": "77469",
            "nom_standard": "Touquin",
            "slug_ville": "touquin",
            "code_postal": "77131",
            "population": 1221,
            "superficie_km2": "12.00",
            "latitude_centre": "48.7330017",
            "longitude_centre": "3.0290000"
        },
        {
            "id": 8293,
            "code_insee": "77470",
            "nom_standard": "Tournan-en-Brie",
            "slug_ville": "tournan-en-brie",
            "code_postal": "77220",
            "population": 8340,
            "superficie_km2": "16.00",
            "latitude_centre": "48.7400017",
            "longitude_centre": "2.7780001"
        },
        {
            "id": 8294,
            "code_insee": "77475",
            "nom_standard": "Trilport",
            "slug_ville": "trilport",
            "code_postal": "77470",
            "population": 5081,
            "superficie_km2": "11.00",
            "latitude_centre": "48.9589996",
            "longitude_centre": "2.9660001"
        },
        {
            "id": 8295,
            "code_insee": "77478",
            "nom_standard": "Ussy-sur-Marne",
            "slug_ville": "ussy-sur-marne",
            "code_postal": "77260",
            "population": 1074,
            "superficie_km2": "14.00",
            "latitude_centre": "48.9669991",
            "longitude_centre": "3.0820000"
        },
        {
            "id": 8296,
            "code_insee": "77479",
            "nom_standard": "Vaires-sur-Marne",
            "slug_ville": "vaires-sur-marne",
            "code_postal": "77360",
            "population": 13518,
            "superficie_km2": "6.00",
            "latitude_centre": "48.8699989",
            "longitude_centre": "2.6359999"
        },
        {
            "id": 8297,
            "code_insee": "77480",
            "nom_standard": "Valence-en-Brie",
            "slug_ville": "valence-en-brie",
            "code_postal": "77830",
            "population": 1040,
            "superficie_km2": "11.00",
            "latitude_centre": "48.4459992",
            "longitude_centre": "2.8929999"
        },
        {
            "id": 8298,
            "code_insee": "77482",
            "nom_standard": "Varennes-sur-Seine",
            "slug_ville": "varennes-sur-seine",
            "code_postal": "77130",
            "population": 3688,
            "superficie_km2": "10.00",
            "latitude_centre": "48.3680000",
            "longitude_centre": "2.9300001"
        },
        {
            "id": 8299,
            "code_insee": "77483",
            "nom_standard": "Varreddes",
            "slug_ville": "varreddes",
            "code_postal": "77910",
            "population": 2121,
            "superficie_km2": "8.00",
            "latitude_centre": "49.0060005",
            "longitude_centre": "2.9280000"
        },
        {
            "id": 8300,
            "code_insee": "77487",
            "nom_standard": "Vaux-le-Pénil",
            "slug_ville": "vaux-le-penil",
            "code_postal": "77000",
            "population": 11174,
            "superficie_km2": "12.00",
            "latitude_centre": "48.5250015",
            "longitude_centre": "2.6970000"
        },
        {
            "id": 8301,
            "code_insee": "77493",
            "nom_standard": "Verneuil-l'Étang",
            "slug_ville": "verneuil-l-etang",
            "code_postal": "77390",
            "population": 3198,
            "superficie_km2": "8.00",
            "latitude_centre": "48.6370010",
            "longitude_centre": "2.8320000"
        },
        {
            "id": 8302,
            "code_insee": "77494",
            "nom_standard": "Vernou-la-Celle-sur-Seine",
            "slug_ville": "vernou-la-celle-sur-seine",
            "code_postal": "77670",
            "population": 2606,
            "superficie_km2": "22.00",
            "latitude_centre": "48.4059982",
            "longitude_centre": "2.8540001"
        },
        {
            "id": 8303,
            "code_insee": "77495",
            "nom_standard": "Vert-Saint-Denis",
            "slug_ville": "vert-saint-denis",
            "code_postal": "77240",
            "population": 8822,
            "superficie_km2": "16.00",
            "latitude_centre": "48.5709992",
            "longitude_centre": "2.6270001"
        },
        {
            "id": 8304,
            "code_insee": "77504",
            "nom_standard": "Villemaréchal",
            "slug_ville": "villemarechal",
            "code_postal": "77710",
            "population": 1082,
            "superficie_km2": "14.00",
            "latitude_centre": "48.2719994",
            "longitude_centre": "2.8680000"
        },
        {
            "id": 8305,
            "code_insee": "77508",
            "nom_standard": "Villeneuve-le-Comte",
            "slug_ville": "villeneuve-le-comte",
            "code_postal": "77174",
            "population": 1870,
            "superficie_km2": "19.00",
            "latitude_centre": "48.8120003",
            "longitude_centre": "2.8380001"
        },
        {
            "id": 8306,
            "code_insee": "77510",
            "nom_standard": "Villeneuve-Saint-Denis",
            "slug_ville": "villeneuve-saint-denis",
            "code_postal": "77174",
            "population": 1398,
            "superficie_km2": "7.00",
            "latitude_centre": "48.8120003",
            "longitude_centre": "2.7930000"
        },
        {
            "id": 8307,
            "code_insee": "77512",
            "nom_standard": "Villeneuve-sur-Bellot",
            "slug_ville": "villeneuve-sur-bellot",
            "code_postal": "77510",
            "population": 1136,
            "superficie_km2": "10.00",
            "latitude_centre": "48.8730011",
            "longitude_centre": "3.3329999"
        },
        {
            "id": 8308,
            "code_insee": "77513",
            "nom_standard": "Villenoy",
            "slug_ville": "villenoy",
            "code_postal": "77124",
            "population": 5019,
            "superficie_km2": "7.00",
            "latitude_centre": "48.9410019",
            "longitude_centre": "2.8520000"
        },
        {
            "id": 8309,
            "code_insee": "77514",
            "nom_standard": "Villeparisis",
            "slug_ville": "villeparisis",
            "code_postal": "77270",
            "population": 26822,
            "superficie_km2": "8.00",
            "latitude_centre": "48.9420013",
            "longitude_centre": "2.6170001"
        },
        {
            "id": 8310,
            "code_insee": "77517",
            "nom_standard": "Villevaudé",
            "slug_ville": "villevaude",
            "code_postal": "77410",
            "population": 2132,
            "superficie_km2": "10.00",
            "latitude_centre": "48.9119988",
            "longitude_centre": "2.6619999"
        },
        {
            "id": 8311,
            "code_insee": "77519",
            "nom_standard": "Villiers-Saint-Georges",
            "slug_ville": "villiers-saint-georges",
            "code_postal": "77560",
            "population": 1165,
            "superficie_km2": "33.00",
            "latitude_centre": "48.6520004",
            "longitude_centre": "3.4080000"
        },
        {
            "id": 8312,
            "code_insee": "77521",
            "nom_standard": "Villiers-sur-Morin",
            "slug_ville": "villiers-sur-morin",
            "code_postal": "77580",
            "population": 2048,
            "superficie_km2": "6.00",
            "latitude_centre": "48.8489990",
            "longitude_centre": "2.8690000"
        },
        {
            "id": 8313,
            "code_insee": "77528",
            "nom_standard": "Voisenon",
            "slug_ville": "voisenon",
            "code_postal": "77950",
            "population": 1167,
            "superficie_km2": "3.00",
            "latitude_centre": "48.5699997",
            "longitude_centre": "2.6640000"
        },
        {
            "id": 8314,
            "code_insee": "77529",
            "nom_standard": "Voulangis",
            "slug_ville": "voulangis",
            "code_postal": "77580",
            "population": 1499,
            "superficie_km2": "10.00",
            "latitude_centre": "48.8400002",
            "longitude_centre": "2.8900001"
        },
        {
            "id": 8315,
            "code_insee": "77531",
            "nom_standard": "Voulx",
            "slug_ville": "voulx",
            "code_postal": "77940",
            "population": 1632,
            "superficie_km2": "13.00",
            "latitude_centre": "48.2849999",
            "longitude_centre": "2.9700000"
        },
        {
            "id": 8316,
            "code_insee": "77533",
            "nom_standard": "Vulaines-sur-Seine",
            "slug_ville": "vulaines-sur-seine",
            "code_postal": "77870",
            "population": 2731,
            "superficie_km2": "4.00",
            "latitude_centre": "48.4319992",
            "longitude_centre": "2.7690001"
        }
    ]
}