{
    "departement": {
        "code": "78",
        "nom": "Yvelines",
        "slug": "yvelines"
    },
    "region": {
        "id": 11,
        "code": "10",
        "nom": "Île-de-France",
        "slug": "ile-de-france"
    },
    "voisins": [
        {
            "dep_code": "75",
            "dep_nom": "Paris",
            "dep_slug": "paris"
        },
        {
            "dep_code": "77",
            "dep_nom": "Seine-et-Marne",
            "dep_slug": "seine-et-marne"
        },
        {
            "dep_code": "91",
            "dep_nom": "Essonne",
            "dep_slug": "essonne"
        },
        {
            "dep_code": "92",
            "dep_nom": "Hauts-de-Seine",
            "dep_slug": "hauts-de-seine"
        }
    ],
    "villes_count": 143,
    "villes": [
        {
            "id": 8317,
            "code_insee": "78003",
            "nom_standard": "Ablis",
            "slug_ville": "ablis",
            "code_postal": "78660",
            "population": 3715,
            "superficie_km2": "26.00",
            "latitude_centre": "48.5279999",
            "longitude_centre": "1.8510000"
        },
        {
            "id": 8318,
            "code_insee": "78005",
            "nom_standard": "Achères",
            "slug_ville": "acheres",
            "code_postal": "78260",
            "population": 21368,
            "superficie_km2": "10.00",
            "latitude_centre": "48.9720001",
            "longitude_centre": "2.0899999"
        },
        {
            "id": 8319,
            "code_insee": "78007",
            "nom_standard": "Aigremont",
            "slug_ville": "aigremont",
            "code_postal": "78240",
            "population": 1083,
            "superficie_km2": "3.00",
            "latitude_centre": "48.9010010",
            "longitude_centre": "2.0150001"
        },
        {
            "id": 8320,
            "code_insee": "78010",
            "nom_standard": "Les Alluets-le-Roi",
            "slug_ville": "les-alluets-le-roi",
            "code_postal": "78580",
            "population": 1273,
            "superficie_km2": "7.00",
            "latitude_centre": "48.9140015",
            "longitude_centre": "1.9150000"
        },
        {
            "id": 8321,
            "code_insee": "78015",
            "nom_standard": "Andrésy",
            "slug_ville": "andresy",
            "code_postal": "78570",
            "population": 13230,
            "superficie_km2": "7.00",
            "latitude_centre": "48.9819984",
            "longitude_centre": "2.0500000"
        },
        {
            "id": 8322,
            "code_insee": "78029",
            "nom_standard": "Aubergenville",
            "slug_ville": "aubergenville",
            "code_postal": "78410",
            "population": 12317,
            "superficie_km2": "9.00",
            "latitude_centre": "48.9630013",
            "longitude_centre": "1.8490000"
        },
        {
            "id": 8323,
            "code_insee": "78030",
            "nom_standard": "Auffargis",
            "slug_ville": "auffargis",
            "code_postal": "78610",
            "population": 1974,
            "superficie_km2": "17.00",
            "latitude_centre": "48.6839981",
            "longitude_centre": "1.9020000"
        },
        {
            "id": 8324,
            "code_insee": "78033",
            "nom_standard": "Aulnay-sur-Mauldre",
            "slug_ville": "aulnay-sur-mauldre",
            "code_postal": "78126",
            "population": 1137,
            "superficie_km2": "2.00",
            "latitude_centre": "48.9290009",
            "longitude_centre": "1.8410000"
        },
        {
            "id": 8325,
            "code_insee": "78043",
            "nom_standard": "Bailly",
            "slug_ville": "bailly",
            "code_postal": "78870",
            "population": 3650,
            "superficie_km2": "7.00",
            "latitude_centre": "48.8370018",
            "longitude_centre": "2.0810001"
        },
        {
            "id": 8326,
            "code_insee": "78048",
            "nom_standard": "Bazainville",
            "slug_ville": "bazainville",
            "code_postal": "78550",
            "population": 1456,
            "superficie_km2": "12.00",
            "latitude_centre": "48.8069992",
            "longitude_centre": "1.6680000"
        },
        {
            "id": 8327,
            "code_insee": "78049",
            "nom_standard": "Bazemont",
            "slug_ville": "bazemont",
            "code_postal": "78580",
            "population": 1695,
            "superficie_km2": "7.00",
            "latitude_centre": "48.9319992",
            "longitude_centre": "1.8740000"
        },
        {
            "id": 8328,
            "code_insee": "78057",
            "nom_standard": "Bennecourt",
            "slug_ville": "bennecourt",
            "code_postal": "78270",
            "population": 1837,
            "superficie_km2": "7.00",
            "latitude_centre": "49.0480003",
            "longitude_centre": "1.5720000"
        },
        {
            "id": 8329,
            "code_insee": "78062",
            "nom_standard": "Beynes",
            "slug_ville": "beynes",
            "code_postal": "78650",
            "population": 7617,
            "superficie_km2": "19.00",
            "latitude_centre": "48.8540001",
            "longitude_centre": "1.8700000"
        },
        {
            "id": 8330,
            "code_insee": "78073",
            "nom_standard": "Bois-d'Arcy",
            "slug_ville": "bois-d-arcy",
            "code_postal": "78390",
            "population": 15435,
            "superficie_km2": "6.00",
            "latitude_centre": "48.8040009",
            "longitude_centre": "2.0190001"
        },
        {
            "id": 8331,
            "code_insee": "78087",
            "nom_standard": "Bonnelles",
            "slug_ville": "bonnelles",
            "code_postal": "78830",
            "population": 2123,
            "superficie_km2": "11.00",
            "latitude_centre": "48.6180000",
            "longitude_centre": "2.0300000"
        },
        {
            "id": 8332,
            "code_insee": "78089",
            "nom_standard": "Bonnières-sur-Seine",
            "slug_ville": "bonnieres-sur-seine",
            "code_postal": "78270",
            "population": 5038,
            "superficie_km2": "8.00",
            "latitude_centre": "49.0200005",
            "longitude_centre": "1.5710000"
        },
        {
            "id": 8333,
            "code_insee": "78090",
            "nom_standard": "Bouafle",
            "slug_ville": "bouafle",
            "code_postal": "78410",
            "population": 2213,
            "superficie_km2": "7.00",
            "latitude_centre": "48.9609985",
            "longitude_centre": "1.8970000"
        },
        {
            "id": 8334,
            "code_insee": "78092",
            "nom_standard": "Bougival",
            "slug_ville": "bougival",
            "code_postal": "78380",
            "population": 9031,
            "superficie_km2": "3.00",
            "latitude_centre": "48.8639984",
            "longitude_centre": "2.1380000"
        },
        {
            "id": 8335,
            "code_insee": "78107",
            "nom_standard": "Bréval",
            "slug_ville": "breval",
            "code_postal": "78980",
            "population": 1908,
            "superficie_km2": "12.00",
            "latitude_centre": "48.9550018",
            "longitude_centre": "1.5420001"
        },
        {
            "id": 8336,
            "code_insee": "78108",
            "nom_standard": "Les Bréviaires",
            "slug_ville": "les-breviaires",
            "code_postal": "78610",
            "population": 1311,
            "superficie_km2": "20.00",
            "latitude_centre": "48.7210007",
            "longitude_centre": "1.8160000"
        },
        {
            "id": 8337,
            "code_insee": "78117",
            "nom_standard": "Buc",
            "slug_ville": "buc",
            "code_postal": "78530",
            "population": 5920,
            "superficie_km2": "8.00",
            "latitude_centre": "48.7719994",
            "longitude_centre": "2.1240001"
        },
        {
            "id": 8338,
            "code_insee": "78118",
            "nom_standard": "Buchelay",
            "slug_ville": "buchelay",
            "code_postal": "78200",
            "population": 3340,
            "superficie_km2": "5.00",
            "latitude_centre": "48.9840012",
            "longitude_centre": "1.6740000"
        },
        {
            "id": 8339,
            "code_insee": "78120",
            "nom_standard": "Bullion",
            "slug_ville": "bullion",
            "code_postal": "78830",
            "population": 1914,
            "superficie_km2": "21.00",
            "latitude_centre": "48.6250000",
            "longitude_centre": "1.9830000"
        },
        {
            "id": 8340,
            "code_insee": "78123",
            "nom_standard": "Carrières-sous-Poissy",
            "slug_ville": "carrieres-sous-poissy",
            "code_postal": "78955",
            "population": 18316,
            "superficie_km2": "7.00",
            "latitude_centre": "48.9459992",
            "longitude_centre": "2.0290000"
        },
        {
            "id": 8341,
            "code_insee": "78124",
            "nom_standard": "Carrières-sur-Seine",
            "slug_ville": "carrieres-sur-seine",
            "code_postal": "78420",
            "population": 15038,
            "superficie_km2": "5.00",
            "latitude_centre": "48.9119988",
            "longitude_centre": "2.1780000"
        },
        {
            "id": 8342,
            "code_insee": "78126",
            "nom_standard": "La Celle-Saint-Cloud",
            "slug_ville": "la-celle-saint-cloud",
            "code_postal": "78170",
            "population": 20476,
            "superficie_km2": "6.00",
            "latitude_centre": "48.8470001",
            "longitude_centre": "2.1350000"
        },
        {
            "id": 8343,
            "code_insee": "78128",
            "nom_standard": "Cernay-la-Ville",
            "slug_ville": "cernay-la-ville",
            "code_postal": "78720",
            "population": 1536,
            "superficie_km2": "10.00",
            "latitude_centre": "48.6699982",
            "longitude_centre": "1.9600000"
        },
        {
            "id": 8344,
            "code_insee": "78133",
            "nom_standard": "Chambourcy",
            "slug_ville": "chambourcy",
            "code_postal": "78240",
            "population": 5736,
            "superficie_km2": "8.00",
            "latitude_centre": "48.8959999",
            "longitude_centre": "2.0330000"
        },
        {
            "id": 8345,
            "code_insee": "78138",
            "nom_standard": "Chanteloup-les-Vignes",
            "slug_ville": "chanteloup-les-vignes",
            "code_postal": "78570",
            "population": 10735,
            "superficie_km2": "3.00",
            "latitude_centre": "48.9760017",
            "longitude_centre": "2.0320001"
        },
        {
            "id": 8346,
            "code_insee": "78140",
            "nom_standard": "Chapet",
            "slug_ville": "chapet",
            "code_postal": "78130",
            "population": 1344,
            "superficie_km2": "5.00",
            "latitude_centre": "48.9679985",
            "longitude_centre": "1.9400001"
        },
        {
            "id": 8347,
            "code_insee": "78143",
            "nom_standard": "Châteaufort",
            "slug_ville": "chateaufort",
            "code_postal": "78117",
            "population": 1515,
            "superficie_km2": "5.00",
            "latitude_centre": "48.7389984",
            "longitude_centre": "2.0950000"
        },
        {
            "id": 8348,
            "code_insee": "78146",
            "nom_standard": "Chatou",
            "slug_ville": "chatou",
            "code_postal": "78400",
            "population": 29649,
            "superficie_km2": "5.00",
            "latitude_centre": "48.8969994",
            "longitude_centre": "2.1540000"
        },
        {
            "id": 8349,
            "code_insee": "78152",
            "nom_standard": "Chavenay",
            "slug_ville": "chavenay",
            "code_postal": "78450",
            "population": 1746,
            "superficie_km2": "6.00",
            "latitude_centre": "48.8479996",
            "longitude_centre": "1.9830000"
        },
        {
            "id": 8350,
            "code_insee": "78158",
            "nom_standard": "Le Chesnay-Rocquencourt",
            "slug_ville": "le-chesnay-rocquencourt",
            "code_postal": "78150",
            "population": 30924,
            "superficie_km2": "4.00",
            "latitude_centre": "48.8269997",
            "longitude_centre": "2.1300001"
        },
        {
            "id": 8351,
            "code_insee": "78160",
            "nom_standard": "Chevreuse",
            "slug_ville": "chevreuse",
            "code_postal": "78460",
            "population": 5536,
            "superficie_km2": "14.00",
            "latitude_centre": "48.7070007",
            "longitude_centre": "2.0369999"
        },
        {
            "id": 8352,
            "code_insee": "78165",
            "nom_standard": "Les Clayes-sous-Bois",
            "slug_ville": "les-clayes-sous-bois",
            "code_postal": "78340",
            "population": 17237,
            "superficie_km2": "6.00",
            "latitude_centre": "48.8190002",
            "longitude_centre": "1.9840000"
        },
        {
            "id": 8353,
            "code_insee": "78168",
            "nom_standard": "Coignières",
            "slug_ville": "coignieres",
            "code_postal": "78310",
            "population": 4377,
            "superficie_km2": "8.00",
            "latitude_centre": "48.7500000",
            "longitude_centre": "1.9140000"
        },
        {
            "id": 8354,
            "code_insee": "78171",
            "nom_standard": "Condé-sur-Vesgre",
            "slug_ville": "conde-sur-vesgre",
            "code_postal": "78113",
            "population": 1250,
            "superficie_km2": "11.00",
            "latitude_centre": "48.7319984",
            "longitude_centre": "1.6740000"
        },
        {
            "id": 8355,
            "code_insee": "78172",
            "nom_standard": "Conflans-Sainte-Honorine",
            "slug_ville": "conflans-sainte-honorine",
            "code_postal": "78700",
            "population": 35926,
            "superficie_km2": "10.00",
            "latitude_centre": "49.0000000",
            "longitude_centre": "2.0990000"
        },
        {
            "id": 8356,
            "code_insee": "78189",
            "nom_standard": "Crespières",
            "slug_ville": "crespieres",
            "code_postal": "78121",
            "population": 1702,
            "superficie_km2": "15.00",
            "latitude_centre": "48.8820000",
            "longitude_centre": "1.9210000"
        },
        {
            "id": 8357,
            "code_insee": "78190",
            "nom_standard": "Croissy-sur-Seine",
            "slug_ville": "croissy-sur-seine",
            "code_postal": "78290",
            "population": 10399,
            "superficie_km2": "3.00",
            "latitude_centre": "48.8790016",
            "longitude_centre": "2.1350000"
        },
        {
            "id": 8358,
            "code_insee": "78192",
            "nom_standard": "Dammartin-en-Serve",
            "slug_ville": "dammartin-en-serve",
            "code_postal": "78111",
            "population": 1394,
            "superficie_km2": "14.00",
            "latitude_centre": "48.9109993",
            "longitude_centre": "1.6180000"
        },
        {
            "id": 8359,
            "code_insee": "78206",
            "nom_standard": "Ecquevilly",
            "slug_ville": "ecquevilly",
            "code_postal": "78920",
            "population": 4105,
            "superficie_km2": "11.00",
            "latitude_centre": "48.9459992",
            "longitude_centre": "1.9200000"
        },
        {
            "id": 8360,
            "code_insee": "78208",
            "nom_standard": "Élancourt",
            "slug_ville": "elancourt",
            "code_postal": "78990",
            "population": 26082,
            "superficie_km2": "9.00",
            "latitude_centre": "48.7779999",
            "longitude_centre": "1.9600000"
        },
        {
            "id": 8361,
            "code_insee": "78217",
            "nom_standard": "Épône",
            "slug_ville": "epone",
            "code_postal": "78680",
            "population": 6585,
            "superficie_km2": "13.00",
            "latitude_centre": "48.9469986",
            "longitude_centre": "1.8130000"
        },
        {
            "id": 8362,
            "code_insee": "78220",
            "nom_standard": "Les Essarts-le-Roi",
            "slug_ville": "les-essarts-le-roi",
            "code_postal": "78690",
            "population": 6775,
            "superficie_km2": "20.00",
            "latitude_centre": "48.7159996",
            "longitude_centre": "1.8950000"
        },
        {
            "id": 8363,
            "code_insee": "78224",
            "nom_standard": "L'Étang-la-Ville",
            "slug_ville": "l-etang-la-ville",
            "code_postal": "78620",
            "population": 4673,
            "superficie_km2": "5.00",
            "latitude_centre": "48.8670006",
            "longitude_centre": "2.0599999"
        },
        {
            "id": 8364,
            "code_insee": "78233",
            "nom_standard": "Feucherolles",
            "slug_ville": "feucherolles",
            "code_postal": "78810",
            "population": 3020,
            "superficie_km2": "13.00",
            "latitude_centre": "48.8800011",
            "longitude_centre": "1.9800000"
        },
        {
            "id": 8365,
            "code_insee": "78238",
            "nom_standard": "Flins-sur-Seine",
            "slug_ville": "flins-sur-seine",
            "code_postal": "78410",
            "population": 2424,
            "superficie_km2": "9.00",
            "latitude_centre": "48.9669991",
            "longitude_centre": "1.8730000"
        },
        {
            "id": 8366,
            "code_insee": "78239",
            "nom_standard": "Follainville-Dennemont",
            "slug_ville": "follainville-dennemont",
            "code_postal": "78520",
            "population": 2173,
            "superficie_km2": "10.00",
            "latitude_centre": "49.0229988",
            "longitude_centre": "1.7090000"
        },
        {
            "id": 8367,
            "code_insee": "78242",
            "nom_standard": "Fontenay-le-Fleury",
            "slug_ville": "fontenay-le-fleury",
            "code_postal": "78330",
            "population": 13455,
            "superficie_km2": "6.00",
            "latitude_centre": "48.8180008",
            "longitude_centre": "2.0469999"
        },
        {
            "id": 8368,
            "code_insee": "78255",
            "nom_standard": "Freneuse",
            "slug_ville": "freneuse",
            "code_postal": "78840",
            "population": 4285,
            "superficie_km2": "10.00",
            "latitude_centre": "49.0499992",
            "longitude_centre": "1.6100000"
        },
        {
            "id": 8369,
            "code_insee": "78262",
            "nom_standard": "Galluis",
            "slug_ville": "galluis",
            "code_postal": "78490",
            "population": 1263,
            "superficie_km2": "5.00",
            "latitude_centre": "48.7980003",
            "longitude_centre": "1.7910000"
        },
        {
            "id": 8370,
            "code_insee": "78263",
            "nom_standard": "Gambais",
            "slug_ville": "gambais",
            "code_postal": "78950",
            "population": 2451,
            "superficie_km2": "23.00",
            "latitude_centre": "48.7799988",
            "longitude_centre": "1.6760000"
        },
        {
            "id": 8371,
            "code_insee": "78265",
            "nom_standard": "Garancières",
            "slug_ville": "garancieres",
            "code_postal": "78890",
            "population": 2512,
            "superficie_km2": "10.00",
            "latitude_centre": "48.8240013",
            "longitude_centre": "1.7580000"
        },
        {
            "id": 8372,
            "code_insee": "78267",
            "nom_standard": "Gargenville",
            "slug_ville": "gargenville",
            "code_postal": "78440",
            "population": 7863,
            "superficie_km2": "9.00",
            "latitude_centre": "48.9930000",
            "longitude_centre": "1.8110000"
        },
        {
            "id": 8373,
            "code_insee": "78269",
            "nom_standard": "Gazeran",
            "slug_ville": "gazeran",
            "code_postal": "78125",
            "population": 1288,
            "superficie_km2": "26.00",
            "latitude_centre": "48.6329994",
            "longitude_centre": "1.7780000"
        },
        {
            "id": 8374,
            "code_insee": "78290",
            "nom_standard": "Guernes",
            "slug_ville": "guernes",
            "code_postal": "78520",
            "population": 1075,
            "superficie_km2": "9.00",
            "latitude_centre": "49.0149994",
            "longitude_centre": "1.6420000"
        },
        {
            "id": 8375,
            "code_insee": "78291",
            "nom_standard": "Guerville",
            "slug_ville": "guerville",
            "code_postal": "78930",
            "population": 2124,
            "superficie_km2": "10.00",
            "latitude_centre": "48.9519997",
            "longitude_centre": "1.7410001"
        },
        {
            "id": 8376,
            "code_insee": "78297",
            "nom_standard": "Guyancourt",
            "slug_ville": "guyancourt",
            "code_postal": "78280",
            "population": 29406,
            "superficie_km2": "13.00",
            "latitude_centre": "48.7729988",
            "longitude_centre": "2.0760000"
        },
        {
            "id": 8377,
            "code_insee": "78299",
            "nom_standard": "Hardricourt",
            "slug_ville": "hardricourt",
            "code_postal": "78250",
            "population": 2480,
            "superficie_km2": "3.00",
            "latitude_centre": "49.0110016",
            "longitude_centre": "1.8870000"
        },
        {
            "id": 8378,
            "code_insee": "78310",
            "nom_standard": "Houdan",
            "slug_ville": "houdan",
            "code_postal": "78550",
            "population": 3699,
            "superficie_km2": "10.00",
            "latitude_centre": "48.7989998",
            "longitude_centre": "1.5970000"
        },
        {
            "id": 8379,
            "code_insee": "78311",
            "nom_standard": "Houilles",
            "slug_ville": "houilles",
            "code_postal": "78800",
            "population": 33449,
            "superficie_km2": "4.00",
            "latitude_centre": "48.9269981",
            "longitude_centre": "2.1880000"
        },
        {
            "id": 8380,
            "code_insee": "78314",
            "nom_standard": "Issou",
            "slug_ville": "issou",
            "code_postal": "78440",
            "population": 3928,
            "superficie_km2": "5.00",
            "latitude_centre": "48.9869995",
            "longitude_centre": "1.7890000"
        },
        {
            "id": 8381,
            "code_insee": "78321",
            "nom_standard": "Jouars-Pontchartrain",
            "slug_ville": "jouars-pontchartrain",
            "code_postal": "78760",
            "population": 5814,
            "superficie_km2": "10.00",
            "latitude_centre": "48.7900009",
            "longitude_centre": "1.9080000"
        },
        {
            "id": 8382,
            "code_insee": "78322",
            "nom_standard": "Jouy-en-Josas",
            "slug_ville": "jouy-en-josas",
            "code_postal": "78350",
            "population": 7928,
            "superficie_km2": "10.00",
            "latitude_centre": "48.7659988",
            "longitude_centre": "2.1630001"
        },
        {
            "id": 8383,
            "code_insee": "78327",
            "nom_standard": "Juziers",
            "slug_ville": "juziers",
            "code_postal": "78820",
            "population": 3976,
            "superficie_km2": "9.00",
            "latitude_centre": "49.0000000",
            "longitude_centre": "1.8400000"
        },
        {
            "id": 8384,
            "code_insee": "78334",
            "nom_standard": "Lévis-Saint-Nom",
            "slug_ville": "levis-saint-nom",
            "code_postal": "78320",
            "population": 1607,
            "superficie_km2": "8.00",
            "latitude_centre": "48.7270012",
            "longitude_centre": "1.9349999"
        },
        {
            "id": 8385,
            "code_insee": "78335",
            "nom_standard": "Limay",
            "slug_ville": "limay",
            "code_postal": "78520",
            "population": 17626,
            "superficie_km2": "12.00",
            "latitude_centre": "48.9949989",
            "longitude_centre": "1.7400000"
        },
        {
            "id": 8386,
            "code_insee": "78337",
            "nom_standard": "Limetz-Villez",
            "slug_ville": "limetz-villez",
            "code_postal": "78270",
            "population": 2025,
            "superficie_km2": "9.00",
            "latitude_centre": "49.0600014",
            "longitude_centre": "1.5510000"
        },
        {
            "id": 8387,
            "code_insee": "78343",
            "nom_standard": "Les Loges-en-Josas",
            "slug_ville": "les-loges-en-josas",
            "code_postal": "78350",
            "population": 1646,
            "superficie_km2": "2.00",
            "latitude_centre": "48.7620010",
            "longitude_centre": "2.1389999"
        },
        {
            "id": 8388,
            "code_insee": "78346",
            "nom_standard": "Longnes",
            "slug_ville": "longnes",
            "code_postal": "78980",
            "population": 1544,
            "superficie_km2": "14.00",
            "latitude_centre": "48.9230003",
            "longitude_centre": "1.5800000"
        },
        {
            "id": 8389,
            "code_insee": "78350",
            "nom_standard": "Louveciennes",
            "slug_ville": "louveciennes",
            "code_postal": "78430",
            "population": 7563,
            "superficie_km2": "5.00",
            "latitude_centre": "48.8590012",
            "longitude_centre": "2.1140001"
        },
        {
            "id": 8390,
            "code_insee": "78354",
            "nom_standard": "Magnanville",
            "slug_ville": "magnanville",
            "code_postal": "78200",
            "population": 6155,
            "superficie_km2": "4.00",
            "latitude_centre": "48.9679985",
            "longitude_centre": "1.6860000"
        },
        {
            "id": 8391,
            "code_insee": "78356",
            "nom_standard": "Magny-les-Hameaux",
            "slug_ville": "magny-les-hameaux",
            "code_postal": "78114",
            "population": 9385,
            "superficie_km2": "17.00",
            "latitude_centre": "48.7410011",
            "longitude_centre": "2.0520000"
        },
        {
            "id": 8392,
            "code_insee": "78358",
            "nom_standard": "Maisons-Laffitte",
            "slug_ville": "maisons-laffitte",
            "code_postal": "78600",
            "population": 23080,
            "superficie_km2": "7.00",
            "latitude_centre": "48.9519997",
            "longitude_centre": "2.1520000"
        },
        {
            "id": 8393,
            "code_insee": "78361",
            "nom_standard": "Mantes-la-Jolie",
            "slug_ville": "mantes-la-jolie",
            "code_postal": "78200",
            "population": 44539,
            "superficie_km2": "9.00",
            "latitude_centre": "48.9980011",
            "longitude_centre": "1.6930000"
        },
        {
            "id": 8394,
            "code_insee": "78362",
            "nom_standard": "Mantes-la-Ville",
            "slug_ville": "mantes-la-ville",
            "code_postal": "78711",
            "population": 21376,
            "superficie_km2": "6.00",
            "latitude_centre": "48.9749985",
            "longitude_centre": "1.7120000"
        },
        {
            "id": 8395,
            "code_insee": "78367",
            "nom_standard": "Mareil-Marly",
            "slug_ville": "mareil-marly",
            "code_postal": "78750",
            "population": 3826,
            "superficie_km2": "2.00",
            "latitude_centre": "48.8810005",
            "longitude_centre": "2.0769999"
        },
        {
            "id": 8396,
            "code_insee": "78368",
            "nom_standard": "Mareil-sur-Mauldre",
            "slug_ville": "mareil-sur-mauldre",
            "code_postal": "78124",
            "population": 1709,
            "superficie_km2": "4.00",
            "latitude_centre": "48.8889999",
            "longitude_centre": "1.8750000"
        },
        {
            "id": 8397,
            "code_insee": "78372",
            "nom_standard": "Marly-le-Roi",
            "slug_ville": "marly-le-roi",
            "code_postal": "78160",
            "population": 16531,
            "superficie_km2": "7.00",
            "latitude_centre": "48.8650017",
            "longitude_centre": "2.0910001"
        },
        {
            "id": 8398,
            "code_insee": "78380",
            "nom_standard": "Maule",
            "slug_ville": "maule",
            "code_postal": "78580",
            "population": 6024,
            "superficie_km2": "17.00",
            "latitude_centre": "48.9080010",
            "longitude_centre": "1.8400000"
        },
        {
            "id": 8399,
            "code_insee": "78381",
            "nom_standard": "Maulette",
            "slug_ville": "maulette",
            "code_postal": "78550",
            "population": 1049,
            "superficie_km2": "8.00",
            "latitude_centre": "48.7840004",
            "longitude_centre": "1.6160001"
        },
        {
            "id": 8400,
            "code_insee": "78382",
            "nom_standard": "Maurecourt",
            "slug_ville": "maurecourt",
            "code_postal": "78780",
            "population": 4355,
            "superficie_km2": "4.00",
            "latitude_centre": "48.9990006",
            "longitude_centre": "2.0530000"
        },
        {
            "id": 8401,
            "code_insee": "78383",
            "nom_standard": "Maurepas",
            "slug_ville": "maurepas",
            "code_postal": "78310",
            "population": 18611,
            "superficie_km2": "8.00",
            "latitude_centre": "48.7700005",
            "longitude_centre": "1.9240000"
        },
        {
            "id": 8402,
            "code_insee": "78384",
            "nom_standard": "Médan",
            "slug_ville": "medan",
            "code_postal": "78670",
            "population": 1322,
            "superficie_km2": "3.00",
            "latitude_centre": "48.9550018",
            "longitude_centre": "1.9880000"
        },
        {
            "id": 8403,
            "code_insee": "78389",
            "nom_standard": "Méré",
            "slug_ville": "mere",
            "code_postal": "78490",
            "population": 1667,
            "superficie_km2": "11.00",
            "latitude_centre": "48.7960014",
            "longitude_centre": "1.8200001"
        },
        {
            "id": 8404,
            "code_insee": "78396",
            "nom_standard": "Le Mesnil-le-Roi",
            "slug_ville": "le-mesnil-le-roi",
            "code_postal": "78600",
            "population": 6322,
            "superficie_km2": "4.00",
            "latitude_centre": "48.9259987",
            "longitude_centre": "2.1220000"
        },
        {
            "id": 8405,
            "code_insee": "78397",
            "nom_standard": "Le Mesnil-Saint-Denis",
            "slug_ville": "le-mesnil-saint-denis",
            "code_postal": "78320",
            "population": 6929,
            "superficie_km2": "9.00",
            "latitude_centre": "48.7400017",
            "longitude_centre": "1.9660000"
        },
        {
            "id": 8406,
            "code_insee": "78401",
            "nom_standard": "Meulan-en-Yvelines",
            "slug_ville": "meulan-en-yvelines",
            "code_postal": "78250",
            "population": 9041,
            "superficie_km2": "3.00",
            "latitude_centre": "49.0060005",
            "longitude_centre": "1.9130000"
        },
        {
            "id": 8407,
            "code_insee": "78402",
            "nom_standard": "Mézières-sur-Seine",
            "slug_ville": "mezieres-sur-seine",
            "code_postal": "78970",
            "population": 3826,
            "superficie_km2": "11.00",
            "latitude_centre": "48.9529991",
            "longitude_centre": "1.7830000"
        },
        {
            "id": 8408,
            "code_insee": "78403",
            "nom_standard": "Mézy-sur-Seine",
            "slug_ville": "mezy-sur-seine",
            "code_postal": "78250",
            "population": 2287,
            "superficie_km2": "5.00",
            "latitude_centre": "49.0029984",
            "longitude_centre": "1.8690000"
        },
        {
            "id": 8409,
            "code_insee": "78418",
            "nom_standard": "Montesson",
            "slug_ville": "montesson",
            "code_postal": "78360",
            "population": 14511,
            "superficie_km2": "7.00",
            "latitude_centre": "48.9169998",
            "longitude_centre": "2.1400001"
        },
        {
            "id": 8410,
            "code_insee": "78420",
            "nom_standard": "Montfort-l'Amaury",
            "slug_ville": "montfort-l-amaury",
            "code_postal": "78490",
            "population": 2870,
            "superficie_km2": "6.00",
            "latitude_centre": "48.7709999",
            "longitude_centre": "1.8090000"
        },
        {
            "id": 8411,
            "code_insee": "78423",
            "nom_standard": "Montigny-le-Bretonneux",
            "slug_ville": "montigny-le-bretonneux",
            "code_postal": "78180",
            "population": 31777,
            "superficie_km2": "11.00",
            "latitude_centre": "48.7799988",
            "longitude_centre": "2.0300000"
        },
        {
            "id": 8412,
            "code_insee": "78431",
            "nom_standard": "Morainvilliers",
            "slug_ville": "morainvilliers",
            "code_postal": "78630",
            "population": 3082,
            "superficie_km2": "7.00",
            "latitude_centre": "48.9339981",
            "longitude_centre": "1.9460000"
        },
        {
            "id": 8413,
            "code_insee": "78440",
            "nom_standard": "Les Mureaux",
            "slug_ville": "les-mureaux",
            "code_postal": "78130",
            "population": 33977,
            "superficie_km2": "12.00",
            "latitude_centre": "48.9889984",
            "longitude_centre": "1.9140000"
        },
        {
            "id": 8414,
            "code_insee": "78442",
            "nom_standard": "Neauphle-le-Château",
            "slug_ville": "neauphle-le-chateau",
            "code_postal": "78640",
            "population": 3340,
            "superficie_km2": "2.00",
            "latitude_centre": "48.8129997",
            "longitude_centre": "1.9050000"
        },
        {
            "id": 8415,
            "code_insee": "78451",
            "nom_standard": "Nézel",
            "slug_ville": "nezel",
            "code_postal": "78410",
            "population": 1083,
            "superficie_km2": "1.00",
            "latitude_centre": "48.9420013",
            "longitude_centre": "1.8390000"
        },
        {
            "id": 8416,
            "code_insee": "78455",
            "nom_standard": "Noisy-le-Roi",
            "slug_ville": "noisy-le-roi",
            "code_postal": "78590",
            "population": 7631,
            "superficie_km2": "6.00",
            "latitude_centre": "48.8460007",
            "longitude_centre": "2.0550001"
        },
        {
            "id": 8417,
            "code_insee": "78460",
            "nom_standard": "Oinville-sur-Montcient",
            "slug_ville": "oinville-sur-montcient",
            "code_postal": "78250",
            "population": 1095,
            "superficie_km2": "4.00",
            "latitude_centre": "49.0260010",
            "longitude_centre": "1.8460000"
        },
        {
            "id": 8418,
            "code_insee": "78465",
            "nom_standard": "Orgerus",
            "slug_ville": "orgerus",
            "code_postal": "78910",
            "population": 2480,
            "superficie_km2": "14.00",
            "latitude_centre": "48.8380013",
            "longitude_centre": "1.6960000"
        },
        {
            "id": 8419,
            "code_insee": "78466",
            "nom_standard": "Orgeval",
            "slug_ville": "orgeval",
            "code_postal": "78630",
            "population": 6948,
            "superficie_km2": "15.00",
            "latitude_centre": "48.9160004",
            "longitude_centre": "1.9690000"
        },
        {
            "id": 8420,
            "code_insee": "78481",
            "nom_standard": "Le Pecq",
            "slug_ville": "le-pecq",
            "code_postal": "78230",
            "population": 15832,
            "superficie_km2": "3.00",
            "latitude_centre": "48.8940010",
            "longitude_centre": "2.1050000"
        },
        {
            "id": 8421,
            "code_insee": "78486",
            "nom_standard": "Le Perray-en-Yvelines",
            "slug_ville": "le-perray-en-yvelines",
            "code_postal": "78610",
            "population": 6543,
            "superficie_km2": "14.00",
            "latitude_centre": "48.6969986",
            "longitude_centre": "1.8440000"
        },
        {
            "id": 8422,
            "code_insee": "78490",
            "nom_standard": "Plaisir",
            "slug_ville": "plaisir",
            "code_postal": "78370",
            "population": 31375,
            "superficie_km2": "18.00",
            "latitude_centre": "48.8129997",
            "longitude_centre": "1.9470000"
        },
        {
            "id": 8423,
            "code_insee": "78498",
            "nom_standard": "Poissy",
            "slug_ville": "poissy",
            "code_postal": "78300",
            "population": 40016,
            "superficie_km2": "13.00",
            "latitude_centre": "48.9239998",
            "longitude_centre": "2.0270000"
        },
        {
            "id": 8424,
            "code_insee": "78501",
            "nom_standard": "Porcheville",
            "slug_ville": "porcheville",
            "code_postal": "78440",
            "population": 3162,
            "superficie_km2": "5.00",
            "latitude_centre": "48.9760017",
            "longitude_centre": "1.7680000"
        },
        {
            "id": 8425,
            "code_insee": "78502",
            "nom_standard": "Le Port-Marly",
            "slug_ville": "le-port-marly",
            "code_postal": "78560",
            "population": 5608,
            "superficie_km2": "1.00",
            "latitude_centre": "48.8800011",
            "longitude_centre": "2.1090000"
        },
        {
            "id": 8426,
            "code_insee": "78513",
            "nom_standard": "La Queue-les-Yvelines",
            "slug_ville": "la-queue-les-yvelines",
            "code_postal": "78940",
            "population": 2381,
            "superficie_km2": "6.00",
            "latitude_centre": "48.8030014",
            "longitude_centre": "1.7670000"
        },
        {
            "id": 8427,
            "code_insee": "78516",
            "nom_standard": "Raizeux",
            "slug_ville": "raizeux",
            "code_postal": "78125",
            "population": 1011,
            "superficie_km2": "10.00",
            "latitude_centre": "48.6360016",
            "longitude_centre": "1.6890000"
        },
        {
            "id": 8428,
            "code_insee": "78517",
            "nom_standard": "Rambouillet",
            "slug_ville": "rambouillet",
            "code_postal": "78120",
            "population": 26816,
            "superficie_km2": "36.00",
            "latitude_centre": "48.6539993",
            "longitude_centre": "1.8260000"
        },
        {
            "id": 8429,
            "code_insee": "78520",
            "nom_standard": "Richebourg",
            "slug_ville": "richebourg",
            "code_postal": "78550",
            "population": 1568,
            "superficie_km2": "11.00",
            "latitude_centre": "48.8250008",
            "longitude_centre": "1.6350000"
        },
        {
            "id": 8430,
            "code_insee": "78531",
            "nom_standard": "Rosny-sur-Seine",
            "slug_ville": "rosny-sur-seine",
            "code_postal": "78710",
            "population": 6929,
            "superficie_km2": "19.00",
            "latitude_centre": "48.9959984",
            "longitude_centre": "1.6080000"
        },
        {
            "id": 8431,
            "code_insee": "78537",
            "nom_standard": "Saint-Arnoult-en-Yvelines",
            "slug_ville": "saint-arnoult-en-yvelines",
            "code_postal": "78730",
            "population": 5870,
            "superficie_km2": "13.00",
            "latitude_centre": "48.5719986",
            "longitude_centre": "1.9349999"
        },
        {
            "id": 8432,
            "code_insee": "78545",
            "nom_standard": "Saint-Cyr-l'École",
            "slug_ville": "saint-cyr-l-ecole",
            "code_postal": "78210",
            "population": 20971,
            "superficie_km2": "5.00",
            "latitude_centre": "48.8069992",
            "longitude_centre": "2.0660000"
        },
        {
            "id": 8433,
            "code_insee": "78550",
            "nom_standard": "Saint-Germain-de-la-Grange",
            "slug_ville": "saint-germain-de-la-grange",
            "code_postal": "78640",
            "population": 1841,
            "superficie_km2": "5.00",
            "latitude_centre": "48.8330002",
            "longitude_centre": "1.9020000"
        },
        {
            "id": 8434,
            "code_insee": "78551",
            "nom_standard": "Saint-Germain-en-Laye",
            "slug_ville": "saint-germain-en-laye",
            "code_postal": "78112",
            "population": 44380,
            "superficie_km2": "49.00",
            "latitude_centre": "48.9410019",
            "longitude_centre": "2.0990000"
        },
        {
            "id": 8435,
            "code_insee": "78562",
            "nom_standard": "Saint-Léger-en-Yvelines",
            "slug_ville": "saint-leger-en-yvelines",
            "code_postal": "78610",
            "population": 1412,
            "superficie_km2": "35.00",
            "latitude_centre": "48.7299995",
            "longitude_centre": "1.7600000"
        },
        {
            "id": 8436,
            "code_insee": "78571",
            "nom_standard": "Saint-Nom-la-Bretèche",
            "slug_ville": "saint-nom-la-breteche",
            "code_postal": "78860",
            "population": 4886,
            "superficie_km2": "12.00",
            "latitude_centre": "48.8629990",
            "longitude_centre": "2.0190001"
        },
        {
            "id": 8437,
            "code_insee": "78575",
            "nom_standard": "Saint-Rémy-lès-Chevreuse",
            "slug_ville": "saint-remy-les-chevreuse",
            "code_postal": "78470",
            "population": 7747,
            "superficie_km2": "10.00",
            "latitude_centre": "48.7039986",
            "longitude_centre": "2.0790000"
        },
        {
            "id": 8438,
            "code_insee": "78576",
            "nom_standard": "Saint-Rémy-l'Honoré",
            "slug_ville": "saint-remy-l-honore",
            "code_postal": "78690",
            "population": 1668,
            "superficie_km2": "10.00",
            "latitude_centre": "48.7490006",
            "longitude_centre": "1.8760000"
        },
        {
            "id": 8439,
            "code_insee": "78586",
            "nom_standard": "Sartrouville",
            "slug_ville": "sartrouville",
            "code_postal": "78500",
            "population": 51220,
            "superficie_km2": "8.00",
            "latitude_centre": "48.9399986",
            "longitude_centre": "2.1750000"
        },
        {
            "id": 8440,
            "code_insee": "78591",
            "nom_standard": "Septeuil",
            "slug_ville": "septeuil",
            "code_postal": "78790",
            "population": 2272,
            "superficie_km2": "9.00",
            "latitude_centre": "48.8880005",
            "longitude_centre": "1.6849999"
        },
        {
            "id": 8441,
            "code_insee": "78601",
            "nom_standard": "Sonchamp",
            "slug_ville": "sonchamp",
            "code_postal": "78120",
            "population": 1630,
            "superficie_km2": "46.00",
            "latitude_centre": "48.5880013",
            "longitude_centre": "1.8690000"
        },
        {
            "id": 8442,
            "code_insee": "78605",
            "nom_standard": "Tacoignières",
            "slug_ville": "tacoignieres",
            "code_postal": "78910",
            "population": 1143,
            "superficie_km2": "3.00",
            "latitude_centre": "48.8330002",
            "longitude_centre": "1.6650000"
        },
        {
            "id": 8443,
            "code_insee": "78615",
            "nom_standard": "Thiverval-Grignon",
            "slug_ville": "thiverval-grignon",
            "code_postal": "78850",
            "population": 1192,
            "superficie_km2": "11.00",
            "latitude_centre": "48.8440018",
            "longitude_centre": "1.9340000"
        },
        {
            "id": 8444,
            "code_insee": "78616",
            "nom_standard": "Thoiry",
            "slug_ville": "thoiry",
            "code_postal": "78770",
            "population": 1432,
            "superficie_km2": "7.00",
            "latitude_centre": "48.8720017",
            "longitude_centre": "1.7980000"
        },
        {
            "id": 8445,
            "code_insee": "78620",
            "nom_standard": "Toussus-le-Noble",
            "slug_ville": "toussus-le-noble",
            "code_postal": "78117",
            "population": 1157,
            "superficie_km2": "4.00",
            "latitude_centre": "48.7470017",
            "longitude_centre": "2.1180000"
        },
        {
            "id": 8446,
            "code_insee": "78621",
            "nom_standard": "Trappes",
            "slug_ville": "trappes",
            "code_postal": "78190",
            "population": 33717,
            "superficie_km2": "14.00",
            "latitude_centre": "48.7750015",
            "longitude_centre": "1.9930000"
        },
        {
            "id": 8447,
            "code_insee": "78624",
            "nom_standard": "Triel-sur-Seine",
            "slug_ville": "triel-sur-seine",
            "code_postal": "78510",
            "population": 12388,
            "superficie_km2": "14.00",
            "latitude_centre": "48.9780006",
            "longitude_centre": "2.0090001"
        },
        {
            "id": 8448,
            "code_insee": "78638",
            "nom_standard": "Vaux-sur-Seine",
            "slug_ville": "vaux-sur-seine",
            "code_postal": "78740",
            "population": 5083,
            "superficie_km2": "8.00",
            "latitude_centre": "49.0099983",
            "longitude_centre": "1.9740000"
        },
        {
            "id": 8449,
            "code_insee": "78640",
            "nom_standard": "Vélizy-Villacoublay",
            "slug_ville": "velizy-villacoublay",
            "code_postal": "78140",
            "population": 22713,
            "superficie_km2": "9.00",
            "latitude_centre": "48.7840004",
            "longitude_centre": "2.1970000"
        },
        {
            "id": 8450,
            "code_insee": "78642",
            "nom_standard": "Verneuil-sur-Seine",
            "slug_ville": "verneuil-sur-seine",
            "code_postal": "78480",
            "population": 15914,
            "superficie_km2": "10.00",
            "latitude_centre": "48.9869995",
            "longitude_centre": "1.9630001"
        },
        {
            "id": 8451,
            "code_insee": "78643",
            "nom_standard": "Vernouillet",
            "slug_ville": "vernouillet",
            "code_postal": "78540",
            "population": 10025,
            "superficie_km2": "7.00",
            "latitude_centre": "48.9659996",
            "longitude_centre": "1.9750000"
        },
        {
            "id": 8452,
            "code_insee": "78644",
            "nom_standard": "La Verrière",
            "slug_ville": "la-verriere",
            "code_postal": "78320",
            "population": 6183,
            "superficie_km2": "2.00",
            "latitude_centre": "48.7550011",
            "longitude_centre": "1.9510000"
        },
        {
            "id": 8453,
            "code_insee": "78646",
            "nom_standard": "Versailles",
            "slug_ville": "versailles",
            "code_postal": "78000",
            "population": 83587,
            "superficie_km2": "26.00",
            "latitude_centre": "48.8030014",
            "longitude_centre": "2.1180000"
        },
        {
            "id": 8454,
            "code_insee": "78650",
            "nom_standard": "Le Vésinet",
            "slug_ville": "le-vesinet",
            "code_postal": "78110",
            "population": 15646,
            "superficie_km2": "5.00",
            "latitude_centre": "48.8940010",
            "longitude_centre": "2.1300001"
        },
        {
            "id": 8455,
            "code_insee": "78672",
            "nom_standard": "Villennes-sur-Seine",
            "slug_ville": "villennes-sur-seine",
            "code_postal": "78670",
            "population": 5628,
            "superficie_km2": "5.00",
            "latitude_centre": "48.9370003",
            "longitude_centre": "1.9960001"
        },
        {
            "id": 8456,
            "code_insee": "78674",
            "nom_standard": "Villepreux",
            "slug_ville": "villepreux",
            "code_postal": "78450",
            "population": 11150,
            "superficie_km2": "10.00",
            "latitude_centre": "48.8310013",
            "longitude_centre": "2.0130000"
        },
        {
            "id": 8457,
            "code_insee": "78683",
            "nom_standard": "Villiers-Saint-Frédéric",
            "slug_ville": "villiers-saint-frederic",
            "code_postal": "78640",
            "population": 3068,
            "superficie_km2": "5.00",
            "latitude_centre": "48.8199997",
            "longitude_centre": "1.8820000"
        },
        {
            "id": 8458,
            "code_insee": "78686",
            "nom_standard": "Viroflay",
            "slug_ville": "viroflay",
            "code_postal": "78220",
            "population": 16960,
            "superficie_km2": "3.00",
            "latitude_centre": "48.8019981",
            "longitude_centre": "2.1719999"
        },
        {
            "id": 8459,
            "code_insee": "78688",
            "nom_standard": "Voisins-le-Bretonneux",
            "slug_ville": "voisins-le-bretonneux",
            "code_postal": "78960",
            "population": 10721,
            "superficie_km2": "4.00",
            "latitude_centre": "48.7589989",
            "longitude_centre": "2.0480001"
        }
    ]
}