{
    "departement": {
        "code": "91",
        "nom": "Essonne",
        "slug": "essonne"
    },
    "region": {
        "id": 11,
        "code": "10",
        "nom": "Île-de-France",
        "slug": "ile-de-france"
    },
    "voisins": [
        {
            "dep_code": "75",
            "dep_nom": "Paris",
            "dep_slug": "paris"
        },
        {
            "dep_code": "77",
            "dep_nom": "Seine-et-Marne",
            "dep_slug": "seine-et-marne"
        },
        {
            "dep_code": "78",
            "dep_nom": "Yvelines",
            "dep_slug": "yvelines"
        },
        {
            "dep_code": "92",
            "dep_nom": "Hauts-de-Seine",
            "dep_slug": "hauts-de-seine"
        }
    ],
    "villes_count": 131,
    "villes": [
        {
            "id": 9495,
            "code_insee": "91016",
            "nom_standard": "Angerville",
            "slug_ville": "angerville",
            "code_postal": "91670",
            "population": 4395,
            "superficie_km2": "26.00",
            "latitude_centre": "48.3100014",
            "longitude_centre": "2.0060000"
        },
        {
            "id": 9496,
            "code_insee": "91017",
            "nom_standard": "Angervilliers",
            "slug_ville": "angervilliers",
            "code_postal": "91470",
            "population": 1731,
            "superficie_km2": "9.00",
            "latitude_centre": "48.5909996",
            "longitude_centre": "2.0590000"
        },
        {
            "id": 9497,
            "code_insee": "91021",
            "nom_standard": "Arpajon",
            "slug_ville": "arpajon",
            "code_postal": "91290",
            "population": 11281,
            "superficie_km2": "2.00",
            "latitude_centre": "48.5909996",
            "longitude_centre": "2.2440000"
        },
        {
            "id": 9498,
            "code_insee": "91027",
            "nom_standard": "Athis-Mons",
            "slug_ville": "athis-mons",
            "code_postal": "91200",
            "population": 36222,
            "superficie_km2": "9.00",
            "latitude_centre": "48.7089996",
            "longitude_centre": "2.3870001"
        },
        {
            "id": 9499,
            "code_insee": "91038",
            "nom_standard": "Auvers-Saint-Georges",
            "slug_ville": "auvers-saint-georges",
            "code_postal": "91580",
            "population": 1277,
            "superficie_km2": "13.00",
            "latitude_centre": "48.4770012",
            "longitude_centre": "2.2260001"
        },
        {
            "id": 9500,
            "code_insee": "91041",
            "nom_standard": "Avrainville",
            "slug_ville": "avrainville",
            "code_postal": "91630",
            "population": 1030,
            "superficie_km2": "9.00",
            "latitude_centre": "48.5579987",
            "longitude_centre": "2.2440000"
        },
        {
            "id": 9501,
            "code_insee": "91044",
            "nom_standard": "Ballainvilliers",
            "slug_ville": "ballainvilliers",
            "code_postal": "91160",
            "population": 4752,
            "superficie_km2": "4.00",
            "latitude_centre": "48.6710014",
            "longitude_centre": "2.2890000"
        },
        {
            "id": 9502,
            "code_insee": "91045",
            "nom_standard": "Ballancourt-sur-Essonne",
            "slug_ville": "ballancourt-sur-essonne",
            "code_postal": "91610",
            "population": 7757,
            "superficie_km2": "11.00",
            "latitude_centre": "48.5219994",
            "longitude_centre": "2.3880000"
        },
        {
            "id": 9503,
            "code_insee": "91047",
            "nom_standard": "Baulne",
            "slug_ville": "baulne",
            "code_postal": "91590",
            "population": 1416,
            "superficie_km2": "8.00",
            "latitude_centre": "48.4949989",
            "longitude_centre": "2.3810000"
        },
        {
            "id": 9504,
            "code_insee": "91064",
            "nom_standard": "Bièvres",
            "slug_ville": "bievres",
            "code_postal": "91570",
            "population": 4748,
            "superficie_km2": "10.00",
            "latitude_centre": "48.7570000",
            "longitude_centre": "2.2070000"
        },
        {
            "id": 9505,
            "code_insee": "91080",
            "nom_standard": "Boissy-le-Cutté",
            "slug_ville": "boissy-le-cutte",
            "code_postal": "91590",
            "population": 1355,
            "superficie_km2": "5.00",
            "latitude_centre": "48.4700012",
            "longitude_centre": "2.2850001"
        },
        {
            "id": 9506,
            "code_insee": "91085",
            "nom_standard": "Boissy-sous-Saint-Yon",
            "slug_ville": "boissy-sous-saint-yon",
            "code_postal": "91790",
            "population": 3828,
            "superficie_km2": "8.00",
            "latitude_centre": "48.5499992",
            "longitude_centre": "2.2130001"
        },
        {
            "id": 9507,
            "code_insee": "91086",
            "nom_standard": "Bondoufle",
            "slug_ville": "bondoufle",
            "code_postal": "91070",
            "population": 10862,
            "superficie_km2": "7.00",
            "latitude_centre": "48.6139984",
            "longitude_centre": "2.3800001"
        },
        {
            "id": 9508,
            "code_insee": "91095",
            "nom_standard": "Bouray-sur-Juine",
            "slug_ville": "bouray-sur-juine",
            "code_postal": "91850",
            "population": 2080,
            "superficie_km2": "7.00",
            "latitude_centre": "48.5120010",
            "longitude_centre": "2.2960000"
        },
        {
            "id": 9509,
            "code_insee": "91097",
            "nom_standard": "Boussy-Saint-Antoine",
            "slug_ville": "boussy-saint-antoine",
            "code_postal": "91800",
            "population": 7980,
            "superficie_km2": "3.00",
            "latitude_centre": "48.6899986",
            "longitude_centre": "2.5339999"
        },
        {
            "id": 9510,
            "code_insee": "91099",
            "nom_standard": "Boutigny-sur-Essonne",
            "slug_ville": "boutigny-sur-essonne",
            "code_postal": "91820",
            "population": 2950,
            "superficie_km2": "16.00",
            "latitude_centre": "48.4360008",
            "longitude_centre": "2.3950000"
        },
        {
            "id": 9511,
            "code_insee": "91103",
            "nom_standard": "Brétigny-sur-Orge",
            "slug_ville": "bretigny-sur-orge",
            "code_postal": "91220",
            "population": 27106,
            "superficie_km2": "15.00",
            "latitude_centre": "48.6020012",
            "longitude_centre": "2.3020000"
        },
        {
            "id": 9512,
            "code_insee": "91105",
            "nom_standard": "Breuillet",
            "slug_ville": "breuillet",
            "code_postal": "91650",
            "population": 8873,
            "superficie_km2": "7.00",
            "latitude_centre": "48.5719986",
            "longitude_centre": "2.1659999"
        },
        {
            "id": 9513,
            "code_insee": "91106",
            "nom_standard": "Breux-Jouy",
            "slug_ville": "breux-jouy",
            "code_postal": "91650",
            "population": 1281,
            "superficie_km2": "5.00",
            "latitude_centre": "48.5550003",
            "longitude_centre": "2.1600001"
        },
        {
            "id": 9514,
            "code_insee": "91109",
            "nom_standard": "Brières-les-Scellés",
            "slug_ville": "brieres-les-scelles",
            "code_postal": "91150",
            "population": 1250,
            "superficie_km2": "9.00",
            "latitude_centre": "48.4640007",
            "longitude_centre": "2.1429999"
        },
        {
            "id": 9515,
            "code_insee": "91111",
            "nom_standard": "Briis-sous-Forges",
            "slug_ville": "briis-sous-forges",
            "code_postal": "91640",
            "population": 3380,
            "superficie_km2": "11.00",
            "latitude_centre": "48.6269989",
            "longitude_centre": "2.1310000"
        },
        {
            "id": 9516,
            "code_insee": "91114",
            "nom_standard": "Brunoy",
            "slug_ville": "brunoy",
            "code_postal": "91800",
            "population": 25423,
            "superficie_km2": "7.00",
            "latitude_centre": "48.6959992",
            "longitude_centre": "2.5039999"
        },
        {
            "id": 9517,
            "code_insee": "91115",
            "nom_standard": "Bruyères-le-Châtel",
            "slug_ville": "bruyeres-le-chatel",
            "code_postal": "91680",
            "population": 3584,
            "superficie_km2": "13.00",
            "latitude_centre": "48.5999985",
            "longitude_centre": "2.1870000"
        },
        {
            "id": 9518,
            "code_insee": "91122",
            "nom_standard": "Bures-sur-Yvette",
            "slug_ville": "bures-sur-yvette",
            "code_postal": "91440",
            "population": 9254,
            "superficie_km2": "4.00",
            "latitude_centre": "48.6930008",
            "longitude_centre": "2.1580000"
        },
        {
            "id": 9519,
            "code_insee": "91129",
            "nom_standard": "Cerny",
            "slug_ville": "cerny",
            "code_postal": "91590",
            "population": 3345,
            "superficie_km2": "17.00",
            "latitude_centre": "48.4860001",
            "longitude_centre": "2.3110001"
        },
        {
            "id": 9520,
            "code_insee": "91130",
            "nom_standard": "Chalo-Saint-Mars",
            "slug_ville": "chalo-saint-mars",
            "code_postal": "91780",
            "population": 1031,
            "superficie_km2": "29.00",
            "latitude_centre": "48.4169998",
            "longitude_centre": "2.0520000"
        },
        {
            "id": 9521,
            "code_insee": "91132",
            "nom_standard": "Chamarande",
            "slug_ville": "chamarande",
            "code_postal": "91730",
            "population": 1119,
            "superficie_km2": "6.00",
            "latitude_centre": "48.5169983",
            "longitude_centre": "2.2179999"
        },
        {
            "id": 9522,
            "code_insee": "91135",
            "nom_standard": "Champcueil",
            "slug_ville": "champcueil",
            "code_postal": "91750",
            "population": 2893,
            "superficie_km2": "16.00",
            "latitude_centre": "48.5070000",
            "longitude_centre": "2.4480000"
        },
        {
            "id": 9523,
            "code_insee": "91136",
            "nom_standard": "Champlan",
            "slug_ville": "champlan",
            "code_postal": "91160",
            "population": 2597,
            "superficie_km2": "4.00",
            "latitude_centre": "48.7080002",
            "longitude_centre": "2.2780001"
        },
        {
            "id": 9524,
            "code_insee": "91156",
            "nom_standard": "Cheptainville",
            "slug_ville": "cheptainville",
            "code_postal": "91630",
            "population": 2219,
            "superficie_km2": "7.00",
            "latitude_centre": "48.5470009",
            "longitude_centre": "2.2739999"
        },
        {
            "id": 9525,
            "code_insee": "91159",
            "nom_standard": "Chevannes",
            "slug_ville": "chevannes",
            "code_postal": "91750",
            "population": 1550,
            "superficie_km2": "10.00",
            "latitude_centre": "48.5340004",
            "longitude_centre": "2.4410000"
        },
        {
            "id": 9526,
            "code_insee": "91161",
            "nom_standard": "Chilly-Mazarin",
            "slug_ville": "chilly-mazarin",
            "code_postal": "91380",
            "population": 19938,
            "superficie_km2": "6.00",
            "latitude_centre": "48.7080002",
            "longitude_centre": "2.3110001"
        },
        {
            "id": 9527,
            "code_insee": "91174",
            "nom_standard": "Corbeil-Essonnes",
            "slug_ville": "corbeil-essonnes",
            "code_postal": "91100",
            "population": 52683,
            "superficie_km2": "11.00",
            "latitude_centre": "48.6040001",
            "longitude_centre": "2.4690001"
        },
        {
            "id": 9528,
            "code_insee": "91175",
            "nom_standard": "Corbreuse",
            "slug_ville": "corbreuse",
            "code_postal": "91410",
            "population": 1706,
            "superficie_km2": "16.00",
            "latitude_centre": "48.4949989",
            "longitude_centre": "1.9600000"
        },
        {
            "id": 9529,
            "code_insee": "91179",
            "nom_standard": "Le Coudray-Montceaux",
            "slug_ville": "le-coudray-montceaux",
            "code_postal": "91830",
            "population": 4814,
            "superficie_km2": "11.00",
            "latitude_centre": "48.5589981",
            "longitude_centre": "2.4870000"
        },
        {
            "id": 9530,
            "code_insee": "91191",
            "nom_standard": "Crosne",
            "slug_ville": "crosne",
            "code_postal": "91560",
            "population": 9532,
            "superficie_km2": "2.00",
            "latitude_centre": "48.7200012",
            "longitude_centre": "2.4630001"
        },
        {
            "id": 9531,
            "code_insee": "91198",
            "nom_standard": "D'Huison-Longueville",
            "slug_ville": "d-huison-longueville",
            "code_postal": "91590",
            "population": 1514,
            "superficie_km2": "10.00",
            "latitude_centre": "48.4560013",
            "longitude_centre": "2.3280001"
        },
        {
            "id": 9532,
            "code_insee": "91200",
            "nom_standard": "Dourdan",
            "slug_ville": "dourdan",
            "code_postal": "91410",
            "population": 11279,
            "superficie_km2": "31.00",
            "latitude_centre": "48.5359993",
            "longitude_centre": "1.9940000"
        },
        {
            "id": 9533,
            "code_insee": "91201",
            "nom_standard": "Draveil",
            "slug_ville": "draveil",
            "code_postal": "91210",
            "population": 29173,
            "superficie_km2": "16.00",
            "latitude_centre": "48.6780014",
            "longitude_centre": "2.4219999"
        },
        {
            "id": 9534,
            "code_insee": "91207",
            "nom_standard": "Égly",
            "slug_ville": "egly",
            "code_postal": "91520",
            "population": 6756,
            "superficie_km2": "4.00",
            "latitude_centre": "48.5779991",
            "longitude_centre": "2.2210000"
        },
        {
            "id": 9535,
            "code_insee": "91215",
            "nom_standard": "Épinay-sous-Sénart",
            "slug_ville": "epinay-sous-senart",
            "code_postal": "91860",
            "population": 11869,
            "superficie_km2": "4.00",
            "latitude_centre": "48.6870003",
            "longitude_centre": "2.5160000"
        },
        {
            "id": 9536,
            "code_insee": "91216",
            "nom_standard": "Épinay-sur-Orge",
            "slug_ville": "epinay-sur-orge",
            "code_postal": "91360",
            "population": 10760,
            "superficie_km2": "4.00",
            "latitude_centre": "48.6730003",
            "longitude_centre": "2.3180001"
        },
        {
            "id": 9537,
            "code_insee": "91223",
            "nom_standard": "Étampes",
            "slug_ville": "etampes",
            "code_postal": "91150",
            "population": 26529,
            "superficie_km2": "46.00",
            "latitude_centre": "48.4210014",
            "longitude_centre": "2.1380000"
        },
        {
            "id": 9538,
            "code_insee": "91225",
            "nom_standard": "Étiolles",
            "slug_ville": "etiolles",
            "code_postal": "91450",
            "population": 3086,
            "superficie_km2": "12.00",
            "latitude_centre": "48.6500015",
            "longitude_centre": "2.4830000"
        },
        {
            "id": 9539,
            "code_insee": "91226",
            "nom_standard": "Étréchy",
            "slug_ville": "etrechy",
            "code_postal": "91580",
            "population": 6866,
            "superficie_km2": "14.00",
            "latitude_centre": "48.4920006",
            "longitude_centre": "2.1789999"
        },
        {
            "id": 9540,
            "code_insee": "91228",
            "nom_standard": "Évry-Courcouronnes",
            "slug_ville": "evry-courcouronnes",
            "code_postal": "91080",
            "population": 66177,
            "superficie_km2": "9.00",
            "latitude_centre": "48.6300011",
            "longitude_centre": "2.4400001"
        },
        {
            "id": 9541,
            "code_insee": "91232",
            "nom_standard": "La Ferté-Alais",
            "slug_ville": "la-ferte-alais",
            "code_postal": "91590",
            "population": 3649,
            "superficie_km2": "5.00",
            "latitude_centre": "48.4809990",
            "longitude_centre": "2.3670001"
        },
        {
            "id": 9542,
            "code_insee": "91235",
            "nom_standard": "Fleury-Mérogis",
            "slug_ville": "fleury-merogis",
            "code_postal": "91700",
            "population": 13983,
            "superficie_km2": "6.00",
            "latitude_centre": "48.6329994",
            "longitude_centre": "2.3680000"
        },
        {
            "id": 9543,
            "code_insee": "91243",
            "nom_standard": "Fontenay-lès-Briis",
            "slug_ville": "fontenay-les-briis",
            "code_postal": "91640",
            "population": 2297,
            "superficie_km2": "10.00",
            "latitude_centre": "48.6110001",
            "longitude_centre": "2.1650000"
        },
        {
            "id": 9544,
            "code_insee": "91244",
            "nom_standard": "Fontenay-le-Vicomte",
            "slug_ville": "fontenay-le-vicomte",
            "code_postal": "91540",
            "population": 1564,
            "superficie_km2": "7.00",
            "latitude_centre": "48.5470009",
            "longitude_centre": "2.4010000"
        },
        {
            "id": 9545,
            "code_insee": "91249",
            "nom_standard": "Forges-les-Bains",
            "slug_ville": "forges-les-bains",
            "code_postal": "91470",
            "population": 4132,
            "superficie_km2": "15.00",
            "latitude_centre": "48.6199989",
            "longitude_centre": "2.0829999"
        },
        {
            "id": 9546,
            "code_insee": "91272",
            "nom_standard": "Gif-sur-Yvette",
            "slug_ville": "gif-sur-yvette",
            "code_postal": "91190",
            "population": 22352,
            "superficie_km2": "12.00",
            "latitude_centre": "48.6990013",
            "longitude_centre": "2.1280000"
        },
        {
            "id": 9547,
            "code_insee": "91274",
            "nom_standard": "Gometz-la-Ville",
            "slug_ville": "gometz-la-ville",
            "code_postal": "91400",
            "population": 1506,
            "superficie_km2": "10.00",
            "latitude_centre": "48.6720009",
            "longitude_centre": "2.1099999"
        },
        {
            "id": 9548,
            "code_insee": "91275",
            "nom_standard": "Gometz-le-Châtel",
            "slug_ville": "gometz-le-chatel",
            "code_postal": "91940",
            "population": 2615,
            "superficie_km2": "5.00",
            "latitude_centre": "48.6749992",
            "longitude_centre": "2.1429999"
        },
        {
            "id": 9549,
            "code_insee": "91284",
            "nom_standard": "Les Granges-le-Roi",
            "slug_ville": "les-granges-le-roi",
            "code_postal": "91410",
            "population": 1183,
            "superficie_km2": "13.00",
            "latitude_centre": "48.4980011",
            "longitude_centre": "2.0109999"
        },
        {
            "id": 9550,
            "code_insee": "91286",
            "nom_standard": "Grigny",
            "slug_ville": "grigny",
            "code_postal": "91350",
            "population": 27257,
            "superficie_km2": "5.00",
            "latitude_centre": "48.6570015",
            "longitude_centre": "2.3880000"
        },
        {
            "id": 9551,
            "code_insee": "91312",
            "nom_standard": "Igny",
            "slug_ville": "igny",
            "code_postal": "91430",
            "population": 10213,
            "superficie_km2": "4.00",
            "latitude_centre": "48.7360001",
            "longitude_centre": "2.2240000"
        },
        {
            "id": 9552,
            "code_insee": "91315",
            "nom_standard": "Itteville",
            "slug_ville": "itteville",
            "code_postal": "91760",
            "population": 6603,
            "superficie_km2": "12.00",
            "latitude_centre": "48.5139999",
            "longitude_centre": "2.3440001"
        },
        {
            "id": 9553,
            "code_insee": "91318",
            "nom_standard": "Janville-sur-Juine",
            "slug_ville": "janville-sur-juine",
            "code_postal": "91510",
            "population": 1953,
            "superficie_km2": "11.00",
            "latitude_centre": "48.5009995",
            "longitude_centre": "2.2539999"
        },
        {
            "id": 9554,
            "code_insee": "91326",
            "nom_standard": "Juvisy-sur-Orge",
            "slug_ville": "juvisy-sur-orge",
            "code_postal": "91260",
            "population": 18424,
            "superficie_km2": "2.00",
            "latitude_centre": "48.6920013",
            "longitude_centre": "2.3740001"
        },
        {
            "id": 9555,
            "code_insee": "91330",
            "nom_standard": "Lardy",
            "slug_ville": "lardy",
            "code_postal": "91510",
            "population": 5509,
            "superficie_km2": "8.00",
            "latitude_centre": "48.5270004",
            "longitude_centre": "2.2700000"
        },
        {
            "id": 9556,
            "code_insee": "91332",
            "nom_standard": "Leudeville",
            "slug_ville": "leudeville",
            "code_postal": "91630",
            "population": 1559,
            "superficie_km2": "8.00",
            "latitude_centre": "48.5709992",
            "longitude_centre": "2.3280001"
        },
        {
            "id": 9557,
            "code_insee": "91333",
            "nom_standard": "Leuville-sur-Orge",
            "slug_ville": "leuville-sur-orge",
            "code_postal": "91310",
            "population": 4304,
            "superficie_km2": "2.00",
            "latitude_centre": "48.6139984",
            "longitude_centre": "2.2679999"
        },
        {
            "id": 9558,
            "code_insee": "91338",
            "nom_standard": "Limours",
            "slug_ville": "limours",
            "code_postal": "91470",
            "population": 6431,
            "superficie_km2": "14.00",
            "latitude_centre": "48.6459999",
            "longitude_centre": "2.0810001"
        },
        {
            "id": 9559,
            "code_insee": "91339",
            "nom_standard": "Linas",
            "slug_ville": "linas",
            "code_postal": "91310",
            "population": 7032,
            "superficie_km2": "8.00",
            "latitude_centre": "48.6259995",
            "longitude_centre": "2.2509999"
        },
        {
            "id": 9560,
            "code_insee": "91340",
            "nom_standard": "Lisses",
            "slug_ville": "lisses",
            "code_postal": "91090",
            "population": 7292,
            "superficie_km2": "10.00",
            "latitude_centre": "48.5970001",
            "longitude_centre": "2.4250000"
        },
        {
            "id": 9561,
            "code_insee": "91345",
            "nom_standard": "Longjumeau",
            "slug_ville": "longjumeau",
            "code_postal": "91160",
            "population": 20620,
            "superficie_km2": "5.00",
            "latitude_centre": "48.6899986",
            "longitude_centre": "2.3020000"
        },
        {
            "id": 9562,
            "code_insee": "91347",
            "nom_standard": "Longpont-sur-Orge",
            "slug_ville": "longpont-sur-orge",
            "code_postal": "91310",
            "population": 6417,
            "superficie_km2": "5.00",
            "latitude_centre": "48.6399994",
            "longitude_centre": "2.2860000"
        },
        {
            "id": 9563,
            "code_insee": "91359",
            "nom_standard": "Maisse",
            "slug_ville": "maisse",
            "code_postal": "91720",
            "population": 2802,
            "superficie_km2": "21.00",
            "latitude_centre": "48.3959999",
            "longitude_centre": "2.3699999"
        },
        {
            "id": 9564,
            "code_insee": "91363",
            "nom_standard": "Marcoussis",
            "slug_ville": "marcoussis",
            "code_postal": "91460",
            "population": 8430,
            "superficie_km2": "17.00",
            "latitude_centre": "48.6459999",
            "longitude_centre": "2.2060001"
        },
        {
            "id": 9565,
            "code_insee": "91376",
            "nom_standard": "Marolles-en-Hurepoix",
            "slug_ville": "marolles-en-hurepoix",
            "code_postal": "91630",
            "population": 5667,
            "superficie_km2": "7.00",
            "latitude_centre": "48.5649986",
            "longitude_centre": "2.2990000"
        },
        {
            "id": 9566,
            "code_insee": "91377",
            "nom_standard": "Massy",
            "slug_ville": "massy",
            "code_postal": "91300",
            "population": 50962,
            "superficie_km2": "9.00",
            "latitude_centre": "48.7280006",
            "longitude_centre": "2.2750001"
        },
        {
            "id": 9567,
            "code_insee": "91386",
            "nom_standard": "Mennecy",
            "slug_ville": "mennecy",
            "code_postal": "91540",
            "population": 15711,
            "superficie_km2": "11.00",
            "latitude_centre": "48.5589981",
            "longitude_centre": "2.4380000"
        },
        {
            "id": 9568,
            "code_insee": "91390",
            "nom_standard": "Le Mérévillois",
            "slug_ville": "le-merevillois",
            "code_postal": "91660",
            "population": 3364,
            "superficie_km2": "27.00",
            "latitude_centre": "48.3180008",
            "longitude_centre": "2.0739999"
        },
        {
            "id": 9569,
            "code_insee": "91405",
            "nom_standard": "Milly-la-Forêt",
            "slug_ville": "milly-la-foret",
            "code_postal": "91490",
            "population": 4603,
            "superficie_km2": "34.00",
            "latitude_centre": "48.4029999",
            "longitude_centre": "2.4649999"
        },
        {
            "id": 9570,
            "code_insee": "91408",
            "nom_standard": "Moigny-sur-École",
            "slug_ville": "moigny-sur-ecole",
            "code_postal": "91490",
            "population": 1279,
            "superficie_km2": "12.00",
            "latitude_centre": "48.4370003",
            "longitude_centre": "2.4400001"
        },
        {
            "id": 9571,
            "code_insee": "91411",
            "nom_standard": "Les Molières",
            "slug_ville": "les-molieres",
            "code_postal": "91470",
            "population": 1896,
            "superficie_km2": "7.00",
            "latitude_centre": "48.6720009",
            "longitude_centre": "2.0730000"
        },
        {
            "id": 9572,
            "code_insee": "91421",
            "nom_standard": "Montgeron",
            "slug_ville": "montgeron",
            "code_postal": "91230",
            "population": 23800,
            "superficie_km2": "11.00",
            "latitude_centre": "48.6949997",
            "longitude_centre": "2.4619999"
        },
        {
            "id": 9573,
            "code_insee": "91425",
            "nom_standard": "Montlhéry",
            "slug_ville": "montlhery",
            "code_postal": "91310",
            "population": 8670,
            "superficie_km2": "3.00",
            "latitude_centre": "48.6419983",
            "longitude_centre": "2.2679999"
        },
        {
            "id": 9574,
            "code_insee": "91432",
            "nom_standard": "Morangis",
            "slug_ville": "morangis",
            "code_postal": "91420",
            "population": 13211,
            "superficie_km2": "5.00",
            "latitude_centre": "48.7029991",
            "longitude_centre": "2.3360000"
        },
        {
            "id": 9575,
            "code_insee": "91433",
            "nom_standard": "Morigny-Champigny",
            "slug_ville": "morigny-champigny",
            "code_postal": "91150",
            "population": 4405,
            "superficie_km2": "31.00",
            "latitude_centre": "48.4410019",
            "longitude_centre": "2.2079999"
        },
        {
            "id": 9576,
            "code_insee": "91434",
            "nom_standard": "Morsang-sur-Orge",
            "slug_ville": "morsang-sur-orge",
            "code_postal": "91390",
            "population": 20785,
            "superficie_km2": "4.00",
            "latitude_centre": "48.6559982",
            "longitude_centre": "2.3510001"
        },
        {
            "id": 9577,
            "code_insee": "91457",
            "nom_standard": "La Norville",
            "slug_ville": "la-norville",
            "code_postal": "91290",
            "population": 4312,
            "superficie_km2": "5.00",
            "latitude_centre": "48.5810013",
            "longitude_centre": "2.2660000"
        },
        {
            "id": 9578,
            "code_insee": "91458",
            "nom_standard": "Nozay",
            "slug_ville": "nozay",
            "code_postal": "91620",
            "population": 4482,
            "superficie_km2": "7.00",
            "latitude_centre": "48.6609993",
            "longitude_centre": "2.2379999"
        },
        {
            "id": 9579,
            "code_insee": "91461",
            "nom_standard": "Ollainville",
            "slug_ville": "ollainville",
            "code_postal": "91340",
            "population": 5314,
            "superficie_km2": "11.00",
            "latitude_centre": "48.6059990",
            "longitude_centre": "2.2190001"
        },
        {
            "id": 9580,
            "code_insee": "91463",
            "nom_standard": "Oncy-sur-École",
            "slug_ville": "oncy-sur-ecole",
            "code_postal": "91490",
            "population": 1031,
            "superficie_km2": "5.00",
            "latitude_centre": "48.3820000",
            "longitude_centre": "2.4570000"
        },
        {
            "id": 9581,
            "code_insee": "91468",
            "nom_standard": "Ormoy",
            "slug_ville": "ormoy",
            "code_postal": "91540",
            "population": 2568,
            "superficie_km2": "2.00",
            "latitude_centre": "48.5730019",
            "longitude_centre": "2.4579999"
        },
        {
            "id": 9582,
            "code_insee": "91471",
            "nom_standard": "Orsay",
            "slug_ville": "orsay",
            "code_postal": "91400",
            "population": 16007,
            "superficie_km2": "8.00",
            "latitude_centre": "48.7000008",
            "longitude_centre": "2.1870000"
        },
        {
            "id": 9583,
            "code_insee": "91477",
            "nom_standard": "Palaiseau",
            "slug_ville": "palaiseau",
            "code_postal": "91120",
            "population": 34893,
            "superficie_km2": "12.00",
            "latitude_centre": "48.7150002",
            "longitude_centre": "2.2290001"
        },
        {
            "id": 9584,
            "code_insee": "91479",
            "nom_standard": "Paray-Vieille-Poste",
            "slug_ville": "paray-vieille-poste",
            "code_postal": "91550",
            "population": 7868,
            "superficie_km2": "6.00",
            "latitude_centre": "48.7239990",
            "longitude_centre": "2.3599999"
        },
        {
            "id": 9585,
            "code_insee": "91494",
            "nom_standard": "Le Plessis-Pâté",
            "slug_ville": "le-plessis-pate",
            "code_postal": "91220",
            "population": 4147,
            "superficie_km2": "8.00",
            "latitude_centre": "48.6069984",
            "longitude_centre": "2.3420000"
        },
        {
            "id": 9586,
            "code_insee": "91511",
            "nom_standard": "Pussay",
            "slug_ville": "pussay",
            "code_postal": "91740",
            "population": 2169,
            "superficie_km2": "12.00",
            "latitude_centre": "48.3499985",
            "longitude_centre": "1.9980000"
        },
        {
            "id": 9587,
            "code_insee": "91514",
            "nom_standard": "Quincy-sous-Sénart",
            "slug_ville": "quincy-sous-senart",
            "code_postal": "91480",
            "population": 9477,
            "superficie_km2": "5.00",
            "latitude_centre": "48.6699982",
            "longitude_centre": "2.5280001"
        },
        {
            "id": 9588,
            "code_insee": "91521",
            "nom_standard": "Ris-Orangis",
            "slug_ville": "ris-orangis",
            "code_postal": "91130",
            "population": 29825,
            "superficie_km2": "8.00",
            "latitude_centre": "48.6450005",
            "longitude_centre": "2.4080000"
        },
        {
            "id": 9589,
            "code_insee": "91525",
            "nom_standard": "Roinville",
            "slug_ville": "roinville",
            "code_postal": "91410",
            "population": 1314,
            "superficie_km2": "14.00",
            "latitude_centre": "48.5169983",
            "longitude_centre": "2.0530000"
        },
        {
            "id": 9590,
            "code_insee": "91533",
            "nom_standard": "Saclas",
            "slug_ville": "saclas",
            "code_postal": "91690",
            "population": 1847,
            "superficie_km2": "14.00",
            "latitude_centre": "48.3580017",
            "longitude_centre": "2.1129999"
        },
        {
            "id": 9591,
            "code_insee": "91534",
            "nom_standard": "Saclay",
            "slug_ville": "saclay",
            "code_postal": "91400",
            "population": 4323,
            "superficie_km2": "14.00",
            "latitude_centre": "48.7350006",
            "longitude_centre": "2.1659999"
        },
        {
            "id": 9592,
            "code_insee": "91540",
            "nom_standard": "Saint-Chéron",
            "slug_ville": "saint-cheron",
            "code_postal": "91530",
            "population": 5220,
            "superficie_km2": "12.00",
            "latitude_centre": "48.5489998",
            "longitude_centre": "2.1270001"
        },
        {
            "id": 9593,
            "code_insee": "91549",
            "nom_standard": "Sainte-Geneviève-des-Bois",
            "slug_ville": "sainte-genevieve-des-bois",
            "code_postal": "91700",
            "population": 35846,
            "superficie_km2": "9.00",
            "latitude_centre": "48.6409988",
            "longitude_centre": "2.3299999"
        },
        {
            "id": 9594,
            "code_insee": "91552",
            "nom_standard": "Saint-Germain-lès-Arpajon",
            "slug_ville": "saint-germain-les-arpajon",
            "code_postal": "91180",
            "population": 11305,
            "superficie_km2": "6.00",
            "latitude_centre": "48.5979996",
            "longitude_centre": "2.2650001"
        },
        {
            "id": 9595,
            "code_insee": "91553",
            "nom_standard": "Saint-Germain-lès-Corbeil",
            "slug_ville": "saint-germain-les-corbeil",
            "code_postal": "91250",
            "population": 7472,
            "superficie_km2": "4.00",
            "latitude_centre": "48.6259995",
            "longitude_centre": "2.4909999"
        },
        {
            "id": 9596,
            "code_insee": "91568",
            "nom_standard": "Saint-Maurice-Montcouronne",
            "slug_ville": "saint-maurice-montcouronne",
            "code_postal": "91530",
            "population": 1536,
            "superficie_km2": "9.00",
            "latitude_centre": "48.5789986",
            "longitude_centre": "2.1210001"
        },
        {
            "id": 9597,
            "code_insee": "91570",
            "nom_standard": "Saint-Michel-sur-Orge",
            "slug_ville": "saint-michel-sur-orge",
            "code_postal": "91240",
            "population": 21437,
            "superficie_km2": "5.00",
            "latitude_centre": "48.6320000",
            "longitude_centre": "2.3120000"
        },
        {
            "id": 9598,
            "code_insee": "91573",
            "nom_standard": "Saint-Pierre-du-Perray",
            "slug_ville": "saint-pierre-du-perray",
            "code_postal": "91280",
            "population": 11680,
            "superficie_km2": "12.00",
            "latitude_centre": "48.6059990",
            "longitude_centre": "2.5160000"
        },
        {
            "id": 9599,
            "code_insee": "91577",
            "nom_standard": "Saintry-sur-Seine",
            "slug_ville": "saintry-sur-seine",
            "code_postal": "91250",
            "population": 5829,
            "superficie_km2": "3.00",
            "latitude_centre": "48.5929985",
            "longitude_centre": "2.4940000"
        },
        {
            "id": 9600,
            "code_insee": "91579",
            "nom_standard": "Saint-Vrain",
            "slug_ville": "saint-vrain",
            "code_postal": "91770",
            "population": 3023,
            "superficie_km2": "12.00",
            "latitude_centre": "48.5369988",
            "longitude_centre": "2.3230000"
        },
        {
            "id": 9601,
            "code_insee": "91587",
            "nom_standard": "Saulx-les-Chartreux",
            "slug_ville": "saulx-les-chartreux",
            "code_postal": "91160",
            "population": 6583,
            "superficie_km2": "8.00",
            "latitude_centre": "48.6850014",
            "longitude_centre": "2.2660000"
        },
        {
            "id": 9602,
            "code_insee": "91589",
            "nom_standard": "Savigny-sur-Orge",
            "slug_ville": "savigny-sur-orge",
            "code_postal": "91600",
            "population": 37371,
            "superficie_km2": "7.00",
            "latitude_centre": "48.6839981",
            "longitude_centre": "2.3490000"
        },
        {
            "id": 9603,
            "code_insee": "91593",
            "nom_standard": "Sermaise",
            "slug_ville": "sermaise",
            "code_postal": "91530",
            "population": 1594,
            "superficie_km2": "14.00",
            "latitude_centre": "48.5309982",
            "longitude_centre": "2.0890000"
        },
        {
            "id": 9604,
            "code_insee": "91599",
            "nom_standard": "Soisy-sur-École",
            "slug_ville": "soisy-sur-ecole",
            "code_postal": "91840",
            "population": 1207,
            "superficie_km2": "12.00",
            "latitude_centre": "48.4790001",
            "longitude_centre": "2.4820001"
        },
        {
            "id": 9605,
            "code_insee": "91600",
            "nom_standard": "Soisy-sur-Seine",
            "slug_ville": "soisy-sur-seine",
            "code_postal": "91450",
            "population": 7322,
            "superficie_km2": "9.00",
            "latitude_centre": "48.6599999",
            "longitude_centre": "2.4630001"
        },
        {
            "id": 9606,
            "code_insee": "91617",
            "nom_standard": "Tigery",
            "slug_ville": "tigery",
            "code_postal": "91250",
            "population": 4318,
            "superficie_km2": "9.00",
            "latitude_centre": "48.6440010",
            "longitude_centre": "2.5190001"
        },
        {
            "id": 9607,
            "code_insee": "91630",
            "nom_standard": "Le Val-Saint-Germain",
            "slug_ville": "le-val-saint-germain",
            "code_postal": "91530",
            "population": 1524,
            "superficie_km2": "13.00",
            "latitude_centre": "48.5680008",
            "longitude_centre": "2.0810001"
        },
        {
            "id": 9608,
            "code_insee": "91631",
            "nom_standard": "Varennes-Jarcy",
            "slug_ville": "varennes-jarcy",
            "code_postal": "91480",
            "population": 2296,
            "superficie_km2": "6.00",
            "latitude_centre": "48.6819992",
            "longitude_centre": "2.5620000"
        },
        {
            "id": 9609,
            "code_insee": "91634",
            "nom_standard": "Vaugrigneuse",
            "slug_ville": "vaugrigneuse",
            "code_postal": "91640",
            "population": 1417,
            "superficie_km2": "6.00",
            "latitude_centre": "48.6010017",
            "longitude_centre": "2.1050000"
        },
        {
            "id": 9610,
            "code_insee": "91635",
            "nom_standard": "Vauhallan",
            "slug_ville": "vauhallan",
            "code_postal": "91430",
            "population": 2066,
            "superficie_km2": "3.00",
            "latitude_centre": "48.7309990",
            "longitude_centre": "2.1989999"
        },
        {
            "id": 9611,
            "code_insee": "91645",
            "nom_standard": "Verrières-le-Buisson",
            "slug_ville": "verrieres-le-buisson",
            "code_postal": "91370",
            "population": 14597,
            "superficie_km2": "10.00",
            "latitude_centre": "48.7500000",
            "longitude_centre": "2.2520001"
        },
        {
            "id": 9612,
            "code_insee": "91648",
            "nom_standard": "Vert-le-Grand",
            "slug_ville": "vert-le-grand",
            "code_postal": "91810",
            "population": 2252,
            "superficie_km2": "16.00",
            "latitude_centre": "48.5839996",
            "longitude_centre": "2.3670001"
        },
        {
            "id": 9613,
            "code_insee": "91649",
            "nom_standard": "Vert-le-Petit",
            "slug_ville": "vert-le-petit",
            "code_postal": "91710",
            "population": 2749,
            "superficie_km2": "7.00",
            "latitude_centre": "48.5519981",
            "longitude_centre": "2.3659999"
        },
        {
            "id": 9614,
            "code_insee": "91657",
            "nom_standard": "Vigneux-sur-Seine",
            "slug_ville": "vigneux-sur-seine",
            "code_postal": "91270",
            "population": 31050,
            "superficie_km2": "9.00",
            "latitude_centre": "48.7039986",
            "longitude_centre": "2.4280000"
        },
        {
            "id": 9615,
            "code_insee": "91659",
            "nom_standard": "Villabé",
            "slug_ville": "villabe",
            "code_postal": "91100",
            "population": 5457,
            "superficie_km2": "5.00",
            "latitude_centre": "48.5859985",
            "longitude_centre": "2.4519999"
        },
        {
            "id": 9616,
            "code_insee": "91661",
            "nom_standard": "Villebon-sur-Yvette",
            "slug_ville": "villebon-sur-yvette",
            "code_postal": "91140",
            "population": 10322,
            "superficie_km2": "7.00",
            "latitude_centre": "48.6959992",
            "longitude_centre": "2.2349999"
        },
        {
            "id": 9617,
            "code_insee": "91665",
            "nom_standard": "La Ville-du-Bois",
            "slug_ville": "la-ville-du-bois",
            "code_postal": "91620",
            "population": 8080,
            "superficie_km2": "4.00",
            "latitude_centre": "48.6609993",
            "longitude_centre": "2.2650001"
        },
        {
            "id": 9618,
            "code_insee": "91666",
            "nom_standard": "Villejust",
            "slug_ville": "villejust",
            "code_postal": "91140",
            "population": 2496,
            "superficie_km2": "5.00",
            "latitude_centre": "48.6780014",
            "longitude_centre": "2.2230001"
        },
        {
            "id": 9619,
            "code_insee": "91667",
            "nom_standard": "Villemoisson-sur-Orge",
            "slug_ville": "villemoisson-sur-orge",
            "code_postal": "91360",
            "population": 7120,
            "superficie_km2": "2.00",
            "latitude_centre": "48.6609993",
            "longitude_centre": "2.3310001"
        },
        {
            "id": 9620,
            "code_insee": "91679",
            "nom_standard": "Villiers-le-Bâcle",
            "slug_ville": "villiers-le-bacle",
            "code_postal": "91190",
            "population": 1097,
            "superficie_km2": "6.00",
            "latitude_centre": "48.7290001",
            "longitude_centre": "2.1220000"
        },
        {
            "id": 9621,
            "code_insee": "91685",
            "nom_standard": "Villiers-sur-Orge",
            "slug_ville": "villiers-sur-orge",
            "code_postal": "91700",
            "population": 4584,
            "superficie_km2": "2.00",
            "latitude_centre": "48.6580010",
            "longitude_centre": "2.3000000"
        },
        {
            "id": 9622,
            "code_insee": "91687",
            "nom_standard": "Viry-Châtillon",
            "slug_ville": "viry-chatillon",
            "code_postal": "91170",
            "population": 31045,
            "superficie_km2": "6.00",
            "latitude_centre": "48.6699982",
            "longitude_centre": "2.3740001"
        },
        {
            "id": 9623,
            "code_insee": "91689",
            "nom_standard": "Wissous",
            "slug_ville": "wissous",
            "code_postal": "91320",
            "population": 6991,
            "superficie_km2": "9.00",
            "latitude_centre": "48.7299995",
            "longitude_centre": "2.3290000"
        },
        {
            "id": 9624,
            "code_insee": "91691",
            "nom_standard": "Yerres",
            "slug_ville": "yerres",
            "code_postal": "91330",
            "population": 28699,
            "superficie_km2": "10.00",
            "latitude_centre": "48.7159996",
            "longitude_centre": "2.4930000"
        },
        {
            "id": 9625,
            "code_insee": "91692",
            "nom_standard": "Les Ulis",
            "slug_ville": "les-ulis",
            "code_postal": "91940",
            "population": 25253,
            "superficie_km2": "5.00",
            "latitude_centre": "48.6800003",
            "longitude_centre": "2.1849999"
        }
    ]
}