{
    "departement": {
        "code": "95",
        "nom": "Val-d'Oise",
        "slug": "val-d-oise"
    },
    "region": {
        "id": 11,
        "code": "10",
        "nom": "Île-de-France",
        "slug": "ile-de-france"
    },
    "voisins": [
        {
            "dep_code": "75",
            "dep_nom": "Paris",
            "dep_slug": "paris"
        },
        {
            "dep_code": "77",
            "dep_nom": "Seine-et-Marne",
            "dep_slug": "seine-et-marne"
        },
        {
            "dep_code": "78",
            "dep_nom": "Yvelines",
            "dep_slug": "yvelines"
        },
        {
            "dep_code": "91",
            "dep_nom": "Essonne",
            "dep_slug": "essonne"
        }
    ],
    "villes_count": 99,
    "villes": [
        {
            "id": 9749,
            "code_insee": "95002",
            "nom_standard": "Ableiges",
            "slug_ville": "ableiges",
            "code_postal": "95450",
            "population": 1107,
            "superficie_km2": "8.00",
            "latitude_centre": "49.0859985",
            "longitude_centre": "1.9750000"
        },
        {
            "id": 9750,
            "code_insee": "95014",
            "nom_standard": "Andilly",
            "slug_ville": "andilly",
            "code_postal": "95580",
            "population": 2697,
            "superficie_km2": "3.00",
            "latitude_centre": "49.0079994",
            "longitude_centre": "2.3030000"
        },
        {
            "id": 9751,
            "code_insee": "95018",
            "nom_standard": "Argenteuil",
            "slug_ville": "argenteuil",
            "code_postal": "95100",
            "population": 107221,
            "superficie_km2": "17.00",
            "latitude_centre": "48.9510002",
            "longitude_centre": "2.2409999"
        },
        {
            "id": 9752,
            "code_insee": "95019",
            "nom_standard": "Arnouville",
            "slug_ville": "arnouville",
            "code_postal": "95400",
            "population": 14585,
            "superficie_km2": "3.00",
            "latitude_centre": "48.9860001",
            "longitude_centre": "2.4170001"
        },
        {
            "id": 9753,
            "code_insee": "95026",
            "nom_standard": "Asnières-sur-Oise",
            "slug_ville": "asnieres-sur-oise",
            "code_postal": "95270",
            "population": 3082,
            "superficie_km2": "14.00",
            "latitude_centre": "49.1409988",
            "longitude_centre": "2.3800001"
        },
        {
            "id": 9754,
            "code_insee": "95028",
            "nom_standard": "Attainville",
            "slug_ville": "attainville",
            "code_postal": "95570",
            "population": 1765,
            "superficie_km2": "7.00",
            "latitude_centre": "49.0610008",
            "longitude_centre": "2.3499999"
        },
        {
            "id": 9755,
            "code_insee": "95039",
            "nom_standard": "Auvers-sur-Oise",
            "slug_ville": "auvers-sur-oise",
            "code_postal": "95430",
            "population": 6763,
            "superficie_km2": "13.00",
            "latitude_centre": "49.0800018",
            "longitude_centre": "2.1550000"
        },
        {
            "id": 9756,
            "code_insee": "95042",
            "nom_standard": "Baillet-en-France",
            "slug_ville": "baillet-en-france",
            "code_postal": "95560",
            "population": 1893,
            "superficie_km2": "8.00",
            "latitude_centre": "49.0589981",
            "longitude_centre": "2.3020000"
        },
        {
            "id": 9757,
            "code_insee": "95051",
            "nom_standard": "Beauchamp",
            "slug_ville": "beauchamp",
            "code_postal": "95250",
            "population": 9158,
            "superficie_km2": "3.00",
            "latitude_centre": "49.0149994",
            "longitude_centre": "2.1919999"
        },
        {
            "id": 9758,
            "code_insee": "95052",
            "nom_standard": "Beaumont-sur-Oise",
            "slug_ville": "beaumont-sur-oise",
            "code_postal": "95260",
            "population": 9590,
            "superficie_km2": "6.00",
            "latitude_centre": "49.1399994",
            "longitude_centre": "2.3000000"
        },
        {
            "id": 9759,
            "code_insee": "95056",
            "nom_standard": "Belloy-en-France",
            "slug_ville": "belloy-en-france",
            "code_postal": "95270",
            "population": 2228,
            "superficie_km2": "10.00",
            "latitude_centre": "49.0919991",
            "longitude_centre": "2.3720000"
        },
        {
            "id": 9760,
            "code_insee": "95058",
            "nom_standard": "Bernes-sur-Oise",
            "slug_ville": "bernes-sur-oise",
            "code_postal": "95340",
            "population": 2722,
            "superficie_km2": "6.00",
            "latitude_centre": "49.1650009",
            "longitude_centre": "2.3010001"
        },
        {
            "id": 9761,
            "code_insee": "95060",
            "nom_standard": "Bessancourt",
            "slug_ville": "bessancourt",
            "code_postal": "95550",
            "population": 8172,
            "superficie_km2": "6.00",
            "latitude_centre": "49.0369988",
            "longitude_centre": "2.1980000"
        },
        {
            "id": 9762,
            "code_insee": "95063",
            "nom_standard": "Bezons",
            "slug_ville": "bezons",
            "code_postal": "95870",
            "population": 32017,
            "superficie_km2": "4.00",
            "latitude_centre": "48.9259987",
            "longitude_centre": "2.2110000"
        },
        {
            "id": 9763,
            "code_insee": "95078",
            "nom_standard": "Boissy-l'Aillerie",
            "slug_ville": "boissy-l-aillerie",
            "code_postal": "95650",
            "population": 2024,
            "superficie_km2": "6.00",
            "latitude_centre": "49.0830002",
            "longitude_centre": "2.0330000"
        },
        {
            "id": 9764,
            "code_insee": "95088",
            "nom_standard": "Bonneuil-en-France",
            "slug_ville": "bonneuil-en-france",
            "code_postal": "95500",
            "population": 1166,
            "superficie_km2": "5.00",
            "latitude_centre": "48.9650002",
            "longitude_centre": "2.4349999"
        },
        {
            "id": 9765,
            "code_insee": "95091",
            "nom_standard": "Bouffémont",
            "slug_ville": "bouffemont",
            "code_postal": "95570",
            "population": 6584,
            "superficie_km2": "5.00",
            "latitude_centre": "49.0419998",
            "longitude_centre": "2.2980001"
        },
        {
            "id": 9766,
            "code_insee": "95116",
            "nom_standard": "Bruyères-sur-Oise",
            "slug_ville": "bruyeres-sur-oise",
            "code_postal": "95820",
            "population": 4356,
            "superficie_km2": "9.00",
            "latitude_centre": "49.1609993",
            "longitude_centre": "2.3290000"
        },
        {
            "id": 9767,
            "code_insee": "95120",
            "nom_standard": "Butry-sur-Oise",
            "slug_ville": "butry-sur-oise",
            "code_postal": "95430",
            "population": 2254,
            "superficie_km2": "3.00",
            "latitude_centre": "49.0839996",
            "longitude_centre": "2.1919999"
        },
        {
            "id": 9768,
            "code_insee": "95127",
            "nom_standard": "Cergy",
            "slug_ville": "cergy",
            "code_postal": "95000",
            "population": 68348,
            "superficie_km2": "15.00",
            "latitude_centre": "49.0400009",
            "longitude_centre": "2.0510001"
        },
        {
            "id": 9769,
            "code_insee": "95134",
            "nom_standard": "Champagne-sur-Oise",
            "slug_ville": "champagne-sur-oise",
            "code_postal": "95660",
            "population": 5021,
            "superficie_km2": "9.00",
            "latitude_centre": "49.1430016",
            "longitude_centre": "2.2279999"
        },
        {
            "id": 9770,
            "code_insee": "95142",
            "nom_standard": "Chars",
            "slug_ville": "chars",
            "code_postal": "95750",
            "population": 2028,
            "superficie_km2": "17.00",
            "latitude_centre": "49.1580010",
            "longitude_centre": "1.9320000"
        },
        {
            "id": 9771,
            "code_insee": "95149",
            "nom_standard": "Chaumontel",
            "slug_ville": "chaumontel",
            "code_postal": "95270",
            "population": 3356,
            "superficie_km2": "4.00",
            "latitude_centre": "49.1290016",
            "longitude_centre": "2.4360001"
        },
        {
            "id": 9772,
            "code_insee": "95176",
            "nom_standard": "Cormeilles-en-Parisis",
            "slug_ville": "cormeilles-en-parisis",
            "code_postal": "95240",
            "population": 26741,
            "superficie_km2": "8.00",
            "latitude_centre": "48.9679985",
            "longitude_centre": "2.1989999"
        },
        {
            "id": 9773,
            "code_insee": "95177",
            "nom_standard": "Cormeilles-en-Vexin",
            "slug_ville": "cormeilles-en-vexin",
            "code_postal": "95830",
            "population": 1285,
            "superficie_km2": "10.00",
            "latitude_centre": "49.1129990",
            "longitude_centre": "2.0200000"
        },
        {
            "id": 9774,
            "code_insee": "95183",
            "nom_standard": "Courdimanche",
            "slug_ville": "courdimanche",
            "code_postal": "95800",
            "population": 6816,
            "superficie_km2": "6.00",
            "latitude_centre": "49.0410004",
            "longitude_centre": "1.9990000"
        },
        {
            "id": 9775,
            "code_insee": "95197",
            "nom_standard": "Deuil-la-Barre",
            "slug_ville": "deuil-la-barre",
            "code_postal": "95170",
            "population": 22510,
            "superficie_km2": "4.00",
            "latitude_centre": "48.9710007",
            "longitude_centre": "2.3260000"
        },
        {
            "id": 9776,
            "code_insee": "95199",
            "nom_standard": "Domont",
            "slug_ville": "domont",
            "code_postal": "95330",
            "population": 16078,
            "superficie_km2": "9.00",
            "latitude_centre": "49.0299988",
            "longitude_centre": "2.3230000"
        },
        {
            "id": 9777,
            "code_insee": "95203",
            "nom_standard": "Eaubonne",
            "slug_ville": "eaubonne",
            "code_postal": "95600",
            "population": 25373,
            "superficie_km2": "4.00",
            "latitude_centre": "48.9910011",
            "longitude_centre": "2.2780001"
        },
        {
            "id": 9778,
            "code_insee": "95205",
            "nom_standard": "Écouen",
            "slug_ville": "ecouen",
            "code_postal": "95440",
            "population": 7145,
            "superficie_km2": "8.00",
            "latitude_centre": "49.0260010",
            "longitude_centre": "2.3850000"
        },
        {
            "id": 9779,
            "code_insee": "95210",
            "nom_standard": "Enghien-les-Bains",
            "slug_ville": "enghien-les-bains",
            "code_postal": "95880",
            "population": 11440,
            "superficie_km2": "2.00",
            "latitude_centre": "48.9700012",
            "longitude_centre": "2.3050001"
        },
        {
            "id": 9780,
            "code_insee": "95211",
            "nom_standard": "Ennery",
            "slug_ville": "ennery",
            "code_postal": "95300",
            "population": 2383,
            "superficie_km2": "7.00",
            "latitude_centre": "49.0779991",
            "longitude_centre": "2.1090000"
        },
        {
            "id": 9781,
            "code_insee": "95218",
            "nom_standard": "Éragny",
            "slug_ville": "eragny",
            "code_postal": "95610",
            "population": 18468,
            "superficie_km2": "5.00",
            "latitude_centre": "49.0200005",
            "longitude_centre": "2.1010001"
        },
        {
            "id": 9782,
            "code_insee": "95219",
            "nom_standard": "Ermont",
            "slug_ville": "ermont",
            "code_postal": "95120",
            "population": 28987,
            "superficie_km2": "4.00",
            "latitude_centre": "48.9879990",
            "longitude_centre": "2.2570000"
        },
        {
            "id": 9783,
            "code_insee": "95229",
            "nom_standard": "Ézanville",
            "slug_ville": "ezanville",
            "code_postal": "95460",
            "population": 9573,
            "superficie_km2": "5.00",
            "latitude_centre": "49.0390015",
            "longitude_centre": "2.3629999"
        },
        {
            "id": 9784,
            "code_insee": "95241",
            "nom_standard": "Fontenay-en-Parisis",
            "slug_ville": "fontenay-en-parisis",
            "code_postal": "95190",
            "population": 2149,
            "superficie_km2": "11.00",
            "latitude_centre": "49.0499992",
            "longitude_centre": "2.4449999"
        },
        {
            "id": 9785,
            "code_insee": "95250",
            "nom_standard": "Fosses",
            "slug_ville": "fosses",
            "code_postal": "95470",
            "population": 9929,
            "superficie_km2": "4.00",
            "latitude_centre": "49.0999985",
            "longitude_centre": "2.4990001"
        },
        {
            "id": 9786,
            "code_insee": "95252",
            "nom_standard": "Franconville",
            "slug_ville": "franconville",
            "code_postal": "95130",
            "population": 37520,
            "superficie_km2": "6.00",
            "latitude_centre": "48.9879990",
            "longitude_centre": "2.2240000"
        },
        {
            "id": 9787,
            "code_insee": "95256",
            "nom_standard": "Frépillon",
            "slug_ville": "frepillon",
            "code_postal": "95740",
            "population": 3334,
            "superficie_km2": "3.00",
            "latitude_centre": "49.0499992",
            "longitude_centre": "2.2049999"
        },
        {
            "id": 9788,
            "code_insee": "95257",
            "nom_standard": "La Frette-sur-Seine",
            "slug_ville": "la-frette-sur-seine",
            "code_postal": "95530",
            "population": 4621,
            "superficie_km2": "2.00",
            "latitude_centre": "48.9739990",
            "longitude_centre": "2.1780000"
        },
        {
            "id": 9789,
            "code_insee": "95268",
            "nom_standard": "Garges-lès-Gonesse",
            "slug_ville": "garges-les-gonesse",
            "code_postal": "95140",
            "population": 42841,
            "superficie_km2": "5.00",
            "latitude_centre": "48.9700012",
            "longitude_centre": "2.4050000"
        },
        {
            "id": 9790,
            "code_insee": "95277",
            "nom_standard": "Gonesse",
            "slug_ville": "gonesse",
            "code_postal": "95500",
            "population": 25963,
            "superficie_km2": "20.00",
            "latitude_centre": "48.9860001",
            "longitude_centre": "2.4570000"
        },
        {
            "id": 9791,
            "code_insee": "95280",
            "nom_standard": "Goussainville",
            "slug_ville": "goussainville",
            "code_postal": "95190",
            "population": 30693,
            "superficie_km2": "11.00",
            "latitude_centre": "49.0239983",
            "longitude_centre": "2.4660001"
        },
        {
            "id": 9792,
            "code_insee": "95288",
            "nom_standard": "Groslay",
            "slug_ville": "groslay",
            "code_postal": "95410",
            "population": 8416,
            "superficie_km2": "3.00",
            "latitude_centre": "48.9850006",
            "longitude_centre": "2.3499999"
        },
        {
            "id": 9793,
            "code_insee": "95306",
            "nom_standard": "Herblay-sur-Seine",
            "slug_ville": "herblay-sur-seine",
            "code_postal": "95220",
            "population": 31605,
            "superficie_km2": "13.00",
            "latitude_centre": "49.0009995",
            "longitude_centre": "2.1500001"
        },
        {
            "id": 9794,
            "code_insee": "95313",
            "nom_standard": "L'Isle-Adam",
            "slug_ville": "l-isle-adam",
            "code_postal": "95290",
            "population": 11846,
            "superficie_km2": "16.00",
            "latitude_centre": "49.1069984",
            "longitude_centre": "2.2340000"
        },
        {
            "id": 9795,
            "code_insee": "95323",
            "nom_standard": "Jouy-le-Moutier",
            "slug_ville": "jouy-le-moutier",
            "code_postal": "95280",
            "population": 17175,
            "superficie_km2": "7.00",
            "latitude_centre": "49.0110016",
            "longitude_centre": "2.0339999"
        },
        {
            "id": 9796,
            "code_insee": "95351",
            "nom_standard": "Louvres",
            "slug_ville": "louvres",
            "code_postal": "95380",
            "population": 12083,
            "superficie_km2": "11.00",
            "latitude_centre": "49.0419998",
            "longitude_centre": "2.5039999"
        },
        {
            "id": 9797,
            "code_insee": "95352",
            "nom_standard": "Luzarches",
            "slug_ville": "luzarches",
            "code_postal": "95270",
            "population": 4867,
            "superficie_km2": "21.00",
            "latitude_centre": "49.1150017",
            "longitude_centre": "2.4410000"
        },
        {
            "id": 9798,
            "code_insee": "95353",
            "nom_standard": "Maffliers",
            "slug_ville": "maffliers",
            "code_postal": "95560",
            "population": 1806,
            "superficie_km2": "7.00",
            "latitude_centre": "49.0839996",
            "longitude_centre": "2.3120000"
        },
        {
            "id": 9799,
            "code_insee": "95355",
            "nom_standard": "Magny-en-Vexin",
            "slug_ville": "magny-en-vexin",
            "code_postal": "95420",
            "population": 5788,
            "superficie_km2": "14.00",
            "latitude_centre": "49.1590004",
            "longitude_centre": "1.8099999"
        },
        {
            "id": 9800,
            "code_insee": "95369",
            "nom_standard": "Margency",
            "slug_ville": "margency",
            "code_postal": "95580",
            "population": 2896,
            "superficie_km2": "1.00",
            "latitude_centre": "49.0019989",
            "longitude_centre": "2.2890000"
        },
        {
            "id": 9801,
            "code_insee": "95370",
            "nom_standard": "Marines",
            "slug_ville": "marines",
            "code_postal": "95640",
            "population": 3422,
            "superficie_km2": "8.00",
            "latitude_centre": "49.1479988",
            "longitude_centre": "1.9840000"
        },
        {
            "id": 9802,
            "code_insee": "95371",
            "nom_standard": "Marly-la-Ville",
            "slug_ville": "marly-la-ville",
            "code_postal": "95670",
            "population": 5681,
            "superficie_km2": "9.00",
            "latitude_centre": "49.0820007",
            "longitude_centre": "2.5090001"
        },
        {
            "id": 9803,
            "code_insee": "95388",
            "nom_standard": "Menucourt",
            "slug_ville": "menucourt",
            "code_postal": "95180",
            "population": 6093,
            "superficie_km2": "4.00",
            "latitude_centre": "49.0279999",
            "longitude_centre": "1.9750000"
        },
        {
            "id": 9804,
            "code_insee": "95392",
            "nom_standard": "Mériel",
            "slug_ville": "meriel",
            "code_postal": "95630",
            "population": 5213,
            "superficie_km2": "5.00",
            "latitude_centre": "49.0769997",
            "longitude_centre": "2.2130001"
        },
        {
            "id": 9805,
            "code_insee": "95394",
            "nom_standard": "Méry-sur-Oise",
            "slug_ville": "mery-sur-oise",
            "code_postal": "95540",
            "population": 10046,
            "superficie_km2": "10.00",
            "latitude_centre": "49.0550003",
            "longitude_centre": "2.1740000"
        },
        {
            "id": 9806,
            "code_insee": "95409",
            "nom_standard": "Moisselles",
            "slug_ville": "moisselles",
            "code_postal": "95570",
            "population": 1254,
            "superficie_km2": "1.00",
            "latitude_centre": "49.0460014",
            "longitude_centre": "2.3369999"
        },
        {
            "id": 9807,
            "code_insee": "95424",
            "nom_standard": "Montigny-lès-Cormeilles",
            "slug_ville": "montigny-les-cormeilles",
            "code_postal": "95370",
            "population": 22603,
            "superficie_km2": "4.00",
            "latitude_centre": "48.9939995",
            "longitude_centre": "2.1940000"
        },
        {
            "id": 9808,
            "code_insee": "95426",
            "nom_standard": "Montlignon",
            "slug_ville": "montlignon",
            "code_postal": "95680",
            "population": 2894,
            "superficie_km2": "3.00",
            "latitude_centre": "49.0139999",
            "longitude_centre": "2.2890000"
        },
        {
            "id": 9809,
            "code_insee": "95427",
            "nom_standard": "Montmagny",
            "slug_ville": "montmagny",
            "code_postal": "95360",
            "population": 14775,
            "superficie_km2": "3.00",
            "latitude_centre": "48.9700012",
            "longitude_centre": "2.3460000"
        },
        {
            "id": 9810,
            "code_insee": "95428",
            "nom_standard": "Montmorency",
            "slug_ville": "montmorency",
            "code_postal": "95160",
            "population": 21870,
            "superficie_km2": "5.00",
            "latitude_centre": "48.9920006",
            "longitude_centre": "2.3210001"
        },
        {
            "id": 9811,
            "code_insee": "95430",
            "nom_standard": "Montsoult",
            "slug_ville": "montsoult",
            "code_postal": "95560",
            "population": 4068,
            "superficie_km2": "4.00",
            "latitude_centre": "49.0719986",
            "longitude_centre": "2.3039999"
        },
        {
            "id": 9812,
            "code_insee": "95436",
            "nom_standard": "Mours",
            "slug_ville": "mours",
            "code_postal": "95260",
            "population": 1667,
            "superficie_km2": "2.00",
            "latitude_centre": "49.1300011",
            "longitude_centre": "2.2639999"
        },
        {
            "id": 9813,
            "code_insee": "95446",
            "nom_standard": "Nesles-la-Vallée",
            "slug_ville": "nesles-la-vallee",
            "code_postal": "95690",
            "population": 1803,
            "superficie_km2": "14.00",
            "latitude_centre": "49.1259995",
            "longitude_centre": "2.1719999"
        },
        {
            "id": 9814,
            "code_insee": "95450",
            "nom_standard": "Neuville-sur-Oise",
            "slug_ville": "neuville-sur-oise",
            "code_postal": "95000",
            "population": 2070,
            "superficie_km2": "4.00",
            "latitude_centre": "49.0169983",
            "longitude_centre": "2.0630000"
        },
        {
            "id": 9815,
            "code_insee": "95476",
            "nom_standard": "Osny",
            "slug_ville": "osny",
            "code_postal": "95520",
            "population": 17277,
            "superficie_km2": "12.00",
            "latitude_centre": "49.0680008",
            "longitude_centre": "2.0630000"
        },
        {
            "id": 9816,
            "code_insee": "95480",
            "nom_standard": "Parmain",
            "slug_ville": "parmain",
            "code_postal": "95620",
            "population": 5610,
            "superficie_km2": "9.00",
            "latitude_centre": "49.1230011",
            "longitude_centre": "2.2010000"
        },
        {
            "id": 9817,
            "code_insee": "95487",
            "nom_standard": "Persan",
            "slug_ville": "persan",
            "code_postal": "95340",
            "population": 13996,
            "superficie_km2": "5.00",
            "latitude_centre": "49.1500015",
            "longitude_centre": "2.2700000"
        },
        {
            "id": 9818,
            "code_insee": "95488",
            "nom_standard": "Pierrelaye",
            "slug_ville": "pierrelaye",
            "code_postal": "95220",
            "population": 9998,
            "superficie_km2": "9.00",
            "latitude_centre": "49.0190010",
            "longitude_centre": "2.1610000"
        },
        {
            "id": 9819,
            "code_insee": "95491",
            "nom_standard": "Le Plessis-Bouchard",
            "slug_ville": "le-plessis-bouchard",
            "code_postal": "95130",
            "population": 8393,
            "superficie_km2": "3.00",
            "latitude_centre": "49.0029984",
            "longitude_centre": "2.2340000"
        },
        {
            "id": 9820,
            "code_insee": "95500",
            "nom_standard": "Pontoise",
            "slug_ville": "pontoise",
            "code_postal": "95300",
            "population": 31327,
            "superficie_km2": "7.00",
            "latitude_centre": "49.0509987",
            "longitude_centre": "2.0950000"
        },
        {
            "id": 9821,
            "code_insee": "95504",
            "nom_standard": "Presles",
            "slug_ville": "presles",
            "code_postal": "95590",
            "population": 3970,
            "superficie_km2": "10.00",
            "latitude_centre": "49.1119995",
            "longitude_centre": "2.2869999"
        },
        {
            "id": 9822,
            "code_insee": "95509",
            "nom_standard": "Puiseux-en-France",
            "slug_ville": "puiseux-en-france",
            "code_postal": "95380",
            "population": 3757,
            "superficie_km2": "5.00",
            "latitude_centre": "49.0670013",
            "longitude_centre": "2.4879999"
        },
        {
            "id": 9823,
            "code_insee": "95527",
            "nom_standard": "Roissy-en-France",
            "slug_ville": "roissy-en-france",
            "code_postal": "95700",
            "population": 2738,
            "superficie_km2": "14.00",
            "latitude_centre": "49.0070000",
            "longitude_centre": "2.5139999"
        },
        {
            "id": 9824,
            "code_insee": "95535",
            "nom_standard": "Sagy",
            "slug_ville": "sagy",
            "code_postal": "95450",
            "population": 1101,
            "superficie_km2": "11.00",
            "latitude_centre": "49.0530014",
            "longitude_centre": "1.9680001"
        },
        {
            "id": 9825,
            "code_insee": "95539",
            "nom_standard": "Saint-Brice-sous-Forêt",
            "slug_ville": "saint-brice-sous-foret",
            "code_postal": "95350",
            "population": 15209,
            "superficie_km2": "6.00",
            "latitude_centre": "49.0019989",
            "longitude_centre": "2.3499999"
        },
        {
            "id": 9826,
            "code_insee": "95555",
            "nom_standard": "Saint-Gratien",
            "slug_ville": "saint-gratien",
            "code_postal": "95210",
            "population": 20866,
            "superficie_km2": "3.00",
            "latitude_centre": "48.9690018",
            "longitude_centre": "2.2850001"
        },
        {
            "id": 9827,
            "code_insee": "95563",
            "nom_standard": "Saint-Leu-la-Forêt",
            "slug_ville": "saint-leu-la-foret",
            "code_postal": "95320",
            "population": 15979,
            "superficie_km2": "5.00",
            "latitude_centre": "49.0200005",
            "longitude_centre": "2.2470000"
        },
        {
            "id": 9828,
            "code_insee": "95566",
            "nom_standard": "Saint-Martin-du-Tertre",
            "slug_ville": "saint-martin-du-tertre",
            "code_postal": "95270",
            "population": 2663,
            "superficie_km2": "12.00",
            "latitude_centre": "49.1040001",
            "longitude_centre": "2.3340001"
        },
        {
            "id": 9829,
            "code_insee": "95572",
            "nom_standard": "Saint-Ouen-l'Aumône",
            "slug_ville": "saint-ouen-l-aumone",
            "code_postal": "95310",
            "population": 25023,
            "superficie_km2": "14.00",
            "latitude_centre": "49.0439987",
            "longitude_centre": "2.1289999"
        },
        {
            "id": 9830,
            "code_insee": "95574",
            "nom_standard": "Saint-Prix",
            "slug_ville": "saint-prix",
            "code_postal": "95390",
            "population": 7404,
            "superficie_km2": "8.00",
            "latitude_centre": "49.0209999",
            "longitude_centre": "2.2700000"
        },
        {
            "id": 9831,
            "code_insee": "95580",
            "nom_standard": "Saint-Witz",
            "slug_ville": "saint-witz",
            "code_postal": "95470",
            "population": 2419,
            "superficie_km2": "8.00",
            "latitude_centre": "49.0859985",
            "longitude_centre": "2.5520000"
        },
        {
            "id": 9832,
            "code_insee": "95582",
            "nom_standard": "Sannois",
            "slug_ville": "sannois",
            "code_postal": "95110",
            "population": 26768,
            "superficie_km2": "5.00",
            "latitude_centre": "48.9720001",
            "longitude_centre": "2.2530000"
        },
        {
            "id": 9833,
            "code_insee": "95585",
            "nom_standard": "Sarcelles",
            "slug_ville": "sarcelles",
            "code_postal": "95200",
            "population": 58424,
            "superficie_km2": "8.00",
            "latitude_centre": "48.9900017",
            "longitude_centre": "2.3820000"
        },
        {
            "id": 9834,
            "code_insee": "95592",
            "nom_standard": "Seraincourt",
            "slug_ville": "seraincourt",
            "code_postal": "95450",
            "population": 1305,
            "superficie_km2": "11.00",
            "latitude_centre": "49.0419998",
            "longitude_centre": "1.8789999"
        },
        {
            "id": 9835,
            "code_insee": "95594",
            "nom_standard": "Seugy",
            "slug_ville": "seugy",
            "code_postal": "95270",
            "population": 1045,
            "superficie_km2": "2.00",
            "latitude_centre": "49.1230011",
            "longitude_centre": "2.3950000"
        },
        {
            "id": 9836,
            "code_insee": "95598",
            "nom_standard": "Soisy-sous-Montmorency",
            "slug_ville": "soisy-sous-montmorency",
            "code_postal": "95230",
            "population": 18008,
            "superficie_km2": "4.00",
            "latitude_centre": "48.9879990",
            "longitude_centre": "2.3000000"
        },
        {
            "id": 9837,
            "code_insee": "95604",
            "nom_standard": "Survilliers",
            "slug_ville": "survilliers",
            "code_postal": "95470",
            "population": 4216,
            "superficie_km2": "5.00",
            "latitude_centre": "49.1059990",
            "longitude_centre": "2.5439999"
        },
        {
            "id": 9838,
            "code_insee": "95607",
            "nom_standard": "Taverny",
            "slug_ville": "taverny",
            "code_postal": "95150",
            "population": 27025,
            "superficie_km2": "10.00",
            "latitude_centre": "49.0270004",
            "longitude_centre": "2.2210000"
        },
        {
            "id": 9839,
            "code_insee": "95612",
            "nom_standard": "Le Thillay",
            "slug_ville": "le-thillay",
            "code_postal": "95500",
            "population": 4589,
            "superficie_km2": "4.00",
            "latitude_centre": "49.0040016",
            "longitude_centre": "2.4690001"
        },
        {
            "id": 9840,
            "code_insee": "95625",
            "nom_standard": "Us",
            "slug_ville": "us",
            "code_postal": "95450",
            "population": 1338,
            "superficie_km2": "11.00",
            "latitude_centre": "49.1049995",
            "longitude_centre": "1.9579999"
        },
        {
            "id": 9841,
            "code_insee": "95628",
            "nom_standard": "Valmondois",
            "slug_ville": "valmondois",
            "code_postal": "95760",
            "population": 1215,
            "superficie_km2": "5.00",
            "latitude_centre": "49.0979996",
            "longitude_centre": "2.1800001"
        },
        {
            "id": 9842,
            "code_insee": "95637",
            "nom_standard": "Vauréal",
            "slug_ville": "vaureal",
            "code_postal": "95490",
            "population": 16034,
            "superficie_km2": "4.00",
            "latitude_centre": "49.0299988",
            "longitude_centre": "2.0239999"
        },
        {
            "id": 9843,
            "code_insee": "95641",
            "nom_standard": "Vémars",
            "slug_ville": "vemars",
            "code_postal": "95470",
            "population": 2848,
            "superficie_km2": "8.00",
            "latitude_centre": "49.0629997",
            "longitude_centre": "2.5669999"
        },
        {
            "id": 9844,
            "code_insee": "95652",
            "nom_standard": "Viarmes",
            "slug_ville": "viarmes",
            "code_postal": "95270",
            "population": 5386,
            "superficie_km2": "8.00",
            "latitude_centre": "49.1230011",
            "longitude_centre": "2.3780000"
        },
        {
            "id": 9845,
            "code_insee": "95658",
            "nom_standard": "Vigny",
            "slug_ville": "vigny",
            "code_postal": "95450",
            "population": 1115,
            "superficie_km2": "7.00",
            "latitude_centre": "49.0800018",
            "longitude_centre": "1.9299999"
        },
        {
            "id": 9846,
            "code_insee": "95675",
            "nom_standard": "Villeron",
            "slug_ville": "villeron",
            "code_postal": "95380",
            "population": 1564,
            "superficie_km2": "6.00",
            "latitude_centre": "49.0610008",
            "longitude_centre": "2.5339999"
        },
        {
            "id": 9847,
            "code_insee": "95680",
            "nom_standard": "Villiers-le-Bel",
            "slug_ville": "villiers-le-bel",
            "code_postal": "95400",
            "population": 28836,
            "superficie_km2": "7.00",
            "latitude_centre": "49.0079994",
            "longitude_centre": "2.4040000"
        }
    ]
}