{"ville":{"id":8095,"code_insee":"77027","nom_standard":"Beaumont-du-Gâtinais","nom_a":null,"nom_de":null,"slug_ville":"beaumont-du-gatinais","departement_id":678,"code_postal":"77890","population":1155,"superficie_km2":"17.00","latitude_centre":"48.1409988","longitude_centre":"2.4920001","dep_code":"77","dep_nom":"Seine-et-Marne","dep_slug":"seine-et-marne","reg_code":"10","reg_nom":"Île-de-France","reg_slug":"ile-de-france"},"departement":{"code":"77","nom":"Seine-et-Marne","slug":"seine-et-marne"},"region":{"code":"10","nom":"Île-de-France","slug":"ile-de-france"},"villes_proches":[{"id":4549,"code_insee":"45258","nom_standard":"Puiseaux","nom_a":null,"nom_de":null,"slug_ville":"puiseaux","departement_id":646,"code_postal":"45390","population":3374,"superficie_km2":"20.00","latitude_centre":"48.2089996","longitude_centre":"2.4670000","distance_km":7.79},{"id":4465,"code_insee":"45030","nom_standard":"Beaune-la-Rolande","nom_a":null,"nom_de":null,"slug_ville":"beaune-la-rolande","departement_id":646,"code_postal":"45340","population":1998,"superficie_km2":"21.00","latitude_centre":"48.0750008","longitude_centre":"2.4300001","distance_km":8.66},{"id":4493,"code_insee":"45103","nom_standard":"Corbeilles","nom_a":null,"nom_de":null,"slug_ville":"corbeilles","departement_id":646,"code_postal":"45490","population":1561,"superficie_km2":"33.00","latitude_centre":"48.0750008","longitude_centre":"2.5599999","distance_km":8.91},{"id":4474,"code_insee":"45050","nom_standard":"Boynes","nom_a":null,"nom_de":null,"slug_ville":"boynes","departement_id":646,"code_postal":"45300","population":1323,"superficie_km2":"15.00","latitude_centre":"48.1170006","longitude_centre":"2.3599999","distance_km":10.15},{"id":4517,"code_insee":"45178","nom_standard":"Ladon","nom_a":null,"nom_de":null,"slug_ville":"ladon","departement_id":646,"code_postal":"45270","population":1385,"superficie_km2":"14.00","latitude_centre":"48.0099983","longitude_centre":"2.5260000","distance_km":14.78},{"id":4468,"code_insee":"45035","nom_standard":"Boiscommun","nom_a":null,"nom_de":null,"slug_ville":"boiscommun","departement_id":646,"code_postal":"45340","population":1134,"superficie_km2":"16.00","latitude_centre":"48.0390015","longitude_centre":"2.3570001","distance_km":15.14},{"id":8123,"code_insee":"77099","nom_standard":"Château-Landon","nom_a":null,"nom_de":null,"slug_ville":"chateau-landon","departement_id":678,"code_postal":"77570","population":3085,"superficie_km2":"29.00","latitude_centre":"48.1479988","longitude_centre":"2.7000000","distance_km":15.45},{"id":4497,"code_insee":"45119","nom_standard":"Dadonville","nom_a":null,"nom_de":null,"slug_ville":"dadonville","departement_id":646,"code_postal":"45300","population":2384,"superficie_km2":"18.00","latitude_centre":"48.1529999","longitude_centre":"2.2690001","distance_km":16.6},{"id":4550,"code_insee":"45259","nom_standard":"Quiers-sur-Bezonde","nom_a":null,"nom_de":null,"slug_ville":"quiers-sur-bezonde","departement_id":646,"code_postal":"45270","population":1146,"superficie_km2":"17.00","latitude_centre":"47.9879990","longitude_centre":"2.4260001","distance_km":17.71},{"id":4522,"code_insee":"45191","nom_standard":"Le Malesherbois","nom_a":null,"nom_de":null,"slug_ville":"le-malesherbois","departement_id":646,"code_postal":"45330","population":8005,"superficie_km2":"18.00","latitude_centre":"48.2890015","longitude_centre":"2.3980000","distance_km":17.87},{"id":4460,"code_insee":"45010","nom_standard":"Ascoux","nom_a":null,"nom_de":null,"slug_ville":"ascoux","departement_id":646,"code_postal":"45300","population":1071,"superficie_km2":"7.00","latitude_centre":"48.1269989","longitude_centre":"2.2490001","distance_km":18.1},{"id":8092,"code_insee":"77016","nom_standard":"Bagneaux-sur-Loing","nom_a":null,"nom_de":null,"slug_ville":"bagneaux-sur-loing","departement_id":678,"code_postal":"77167","population":1595,"superficie_km2":"5.00","latitude_centre":"48.2229996","longitude_centre":"2.7079999","distance_km":18.43},{"id":4546,"code_insee":"45252","nom_standard":"Pithiviers","nom_a":null,"nom_de":null,"slug_ville":"pithiviers","departement_id":646,"code_postal":"45300","population":9094,"superficie_km2":"7.00","latitude_centre":"48.1800003","longitude_centre":"2.2500000","distance_km":18.47},{"id":4532,"code_insee":"45222","nom_standard":"Nargis","nom_a":null,"nom_de":null,"slug_ville":"nargis","departement_id":646,"code_postal":"45210","population":1449,"superficie_km2":"22.00","latitude_centre":"48.1110001","longitude_centre":"2.7379999","distance_km":18.56},{"id":4494,"code_insee":"45104","nom_standard":"Corquilleroy","nom_a":null,"nom_de":null,"slug_ville":"corquilleroy","departement_id":646,"code_postal":"45120","population":2831,"superficie_km2":"14.00","latitude_centre":"48.0410004","longitude_centre":"2.6940000","distance_km":18.67},{"id":4466,"code_insee":"45031","nom_standard":"Bellegarde","nom_a":null,"nom_de":null,"slug_ville":"bellegarde","departement_id":646,"code_postal":"45270","population":1435,"superficie_km2":"5.00","latitude_centre":"47.9799995","longitude_centre":"2.4159999","distance_km":18.77},{"id":8271,"code_insee":"77431","nom_standard":"Saint-Pierre-lès-Nemours","nom_a":null,"nom_de":null,"slug_ville":"saint-pierre-les-nemours","departement_id":678,"code_postal":"77140","population":5416,"superficie_km2":"22.00","latitude_centre":"48.2649994","longitude_centre":"2.6659999","distance_km":18.88},{"id":4567,"code_insee":"45293","nom_standard":"Saint-Maurice-sur-Fessard","nom_a":null,"nom_de":null,"slug_ville":"saint-maurice-sur-fessard","departement_id":646,"code_postal":"45700","population":1148,"superficie_km2":"15.00","latitude_centre":"47.9910011","longitude_centre":"2.6150000","distance_km":19.02},{"id":4536,"code_insee":"45228","nom_standard":"Nibelle","nom_a":null,"nom_de":null,"slug_ville":"nibelle","departement_id":646,"code_postal":"45340","population":1182,"superficie_km2":"27.00","latitude_centre":"48.0139999","longitude_centre":"2.3120000","distance_km":19.45},{"id":4544,"code_insee":"45247","nom_standard":"Pannes","nom_a":null,"nom_de":null,"slug_ville":"pannes","departement_id":646,"code_postal":"45700","population":3714,"superficie_km2":"21.00","latitude_centre":"48.0120010","longitude_centre":"2.6689999","distance_km":19.46}]}