{"ville":{"id":9760,"code_insee":"95058","nom_standard":"Bernes-sur-Oise","nom_a":null,"nom_de":null,"slug_ville":"bernes-sur-oise","departement_id":696,"code_postal":"95340","population":2722,"superficie_km2":"6.00","latitude_centre":"49.1650009","longitude_centre":"2.3010001","dep_code":"95","dep_nom":"Val-d'Oise","dep_slug":"val-d-oise","reg_code":"10","reg_nom":"Île-de-France","reg_slug":"ile-de-france"},"departement":{"code":"95","nom":"Val-d'Oise","slug":"val-d-oise"},"region":{"code":"10","nom":"Île-de-France","slug":"ile-de-france"},"villes_proches":[{"id":6109,"code_insee":"60398","nom_standard":"Le Mesnil-en-Thelle","nom_a":null,"nom_de":null,"slug_ville":"le-mesnil-en-thelle","departement_id":661,"code_postal":"60530","population":2329,"superficie_km2":"6.00","latitude_centre":"49.1759987","longitude_centre":"2.2820001","distance_km":1.84},{"id":9766,"code_insee":"95116","nom_standard":"Bruyères-sur-Oise","nom_a":null,"nom_de":null,"slug_ville":"bruyeres-sur-oise","departement_id":696,"code_postal":"95820","population":4356,"superficie_km2":"9.00","latitude_centre":"49.1609993","longitude_centre":"2.3290000","distance_km":2.08},{"id":9758,"code_insee":"95052","nom_standard":"Beaumont-sur-Oise","nom_a":null,"nom_de":null,"slug_ville":"beaumont-sur-oise","departement_id":696,"code_postal":"95260","population":9590,"superficie_km2":"6.00","latitude_centre":"49.1399994","longitude_centre":"2.3000000","distance_km":2.78},{"id":9817,"code_insee":"95487","nom_standard":"Persan","nom_a":null,"nom_de":null,"slug_ville":"persan","departement_id":696,"code_postal":"95340","population":13996,"superficie_km2":"5.00","latitude_centre":"49.1500015","longitude_centre":"2.2700000","distance_km":2.8},{"id":6040,"code_insee":"60086","nom_standard":"Boran-sur-Oise","nom_a":null,"nom_de":null,"slug_ville":"boran-sur-oise","departement_id":661,"code_postal":"60820","population":2127,"superficie_km2":"12.00","latitude_centre":"49.1749992","longitude_centre":"2.3520000","distance_km":3.87},{"id":6055,"code_insee":"60139","nom_standard":"Chambly","nom_a":null,"nom_de":null,"slug_ville":"chambly","departement_id":661,"code_postal":"60230","population":9980,"superficie_km2":"13.00","latitude_centre":"49.1720009","longitude_centre":"2.2470000","distance_km":4},{"id":9812,"code_insee":"95436","nom_standard":"Mours","nom_a":null,"nom_de":null,"slug_ville":"mours","departement_id":696,"code_postal":"95260","population":1667,"superficie_km2":"2.00","latitude_centre":"49.1300011","longitude_centre":"2.2639999","distance_km":4.73},{"id":6072,"code_insee":"60185","nom_standard":"Crouy-en-Thelle","nom_a":null,"nom_de":null,"slug_ville":"crouy-en-thelle","departement_id":661,"code_postal":"60530","population":1108,"superficie_km2":"6.00","latitude_centre":"49.2099991","longitude_centre":"2.3199999","distance_km":5.19},{"id":9769,"code_insee":"95134","nom_standard":"Champagne-sur-Oise","nom_a":null,"nom_de":null,"slug_ville":"champagne-sur-oise","departement_id":696,"code_postal":"95660","population":5021,"superficie_km2":"9.00","latitude_centre":"49.1430016","longitude_centre":"2.2279999","distance_km":5.85},{"id":9821,"code_insee":"95504","nom_standard":"Presles","nom_a":null,"nom_de":null,"slug_ville":"presles","departement_id":696,"code_postal":"95590","population":3970,"superficie_km2":"10.00","latitude_centre":"49.1119995","longitude_centre":"2.2869999","distance_km":5.98},{"id":6136,"code_insee":"60513","nom_standard":"Précy-sur-Oise","nom_a":null,"nom_de":null,"slug_ville":"precy-sur-oise","departement_id":661,"code_postal":"60460","population":3259,"superficie_km2":"10.00","latitude_centre":"49.2029991","longitude_centre":"2.3620000","distance_km":6.12},{"id":9753,"code_insee":"95026","nom_standard":"Asnières-sur-Oise","nom_a":null,"nom_de":null,"slug_ville":"asnieres-sur-oise","departement_id":696,"code_postal":"95270","population":3082,"superficie_km2":"14.00","latitude_centre":"49.1409988","longitude_centre":"2.3800001","distance_km":6.34},{"id":9828,"code_insee":"95566","nom_standard":"Saint-Martin-du-Tertre","nom_a":null,"nom_de":null,"slug_ville":"saint-martin-du-tertre","departement_id":696,"code_postal":"95270","population":2663,"superficie_km2":"12.00","latitude_centre":"49.1040001","longitude_centre":"2.3340001","distance_km":7.2},{"id":6120,"code_insee":"60450","nom_standard":"Neuilly-en-Thelle","nom_a":null,"nom_de":null,"slug_ville":"neuilly-en-thelle","departement_id":661,"code_postal":"60530","population":4077,"superficie_km2":"16.00","latitude_centre":"49.2290001","longitude_centre":"2.2800000","distance_km":7.28},{"id":9844,"code_insee":"95652","nom_standard":"Viarmes","nom_a":null,"nom_de":null,"slug_ville":"viarmes","departement_id":696,"code_postal":"95270","population":5386,"superficie_km2":"8.00","latitude_centre":"49.1230011","longitude_centre":"2.3780000","distance_km":7.29},{"id":6039,"code_insee":"60074","nom_standard":"Blaincourt-lès-Précy","nom_a":null,"nom_de":null,"slug_ville":"blaincourt-les-precy","departement_id":661,"code_postal":"60460","population":1193,"superficie_km2":"8.00","latitude_centre":"49.2280006","longitude_centre":"2.3440001","distance_km":7.67},{"id":6075,"code_insee":"60212","nom_standard":"Ercuis","nom_a":null,"nom_de":null,"slug_ville":"ercuis","departement_id":661,"code_postal":"60530","population":1616,"superficie_km2":"4.00","latitude_centre":"49.2340012","longitude_centre":"2.3080001","distance_km":7.69},{"id":9794,"code_insee":"95313","nom_standard":"L'Isle-Adam","nom_a":null,"nom_de":null,"slug_ville":"l-isle-adam","departement_id":696,"code_postal":"95290","population":11846,"superficie_km2":"16.00","latitude_centre":"49.1069984","longitude_centre":"2.2340000","distance_km":8.08},{"id":9835,"code_insee":"95594","nom_standard":"Seugy","nom_a":null,"nom_de":null,"slug_ville":"seugy","departement_id":696,"code_postal":"95270","population":1045,"superficie_km2":"2.00","latitude_centre":"49.1230011","longitude_centre":"2.3950000","distance_km":8.28},{"id":6182,"code_insee":"60686","nom_standard":"Villers-sous-Saint-Leu","nom_a":null,"nom_de":null,"slug_ville":"villers-sous-saint-leu","departement_id":661,"code_postal":"60340","population":2303,"superficie_km2":"5.00","latitude_centre":"49.2179985","longitude_centre":"2.3850000","distance_km":8.48}]}