{"ville":{"id":9506,"code_insee":"91085","nom_standard":"Boissy-sous-Saint-Yon","nom_a":null,"nom_de":null,"slug_ville":"boissy-sous-saint-yon","departement_id":692,"code_postal":"91790","population":3828,"superficie_km2":"8.00","latitude_centre":"48.5499992","longitude_centre":"2.2130001","dep_code":"91","dep_nom":"Essonne","dep_slug":"essonne","reg_code":"10","reg_nom":"Île-de-France","reg_slug":"ile-de-france"},"departement":{"code":"91","nom":"Essonne","slug":"essonne"},"region":{"code":"10","nom":"Île-de-France","slug":"ile-de-france"},"villes_proches":[{"id":9500,"code_insee":"91041","nom_standard":"Avrainville","nom_a":null,"nom_de":null,"slug_ville":"avrainville","departement_id":692,"code_postal":"91630","population":1030,"superficie_km2":"9.00","latitude_centre":"48.5579987","longitude_centre":"2.2440000","distance_km":2.45},{"id":9534,"code_insee":"91207","nom_standard":"Égly","nom_a":null,"nom_de":null,"slug_ville":"egly","departement_id":692,"code_postal":"91520","population":6756,"superficie_km2":"4.00","latitude_centre":"48.5779991","longitude_centre":"2.2210000","distance_km":3.17},{"id":9521,"code_insee":"91132","nom_standard":"Chamarande","nom_a":null,"nom_de":null,"slug_ville":"chamarande","departement_id":692,"code_postal":"91730","population":1119,"superficie_km2":"6.00","latitude_centre":"48.5169983","longitude_centre":"2.2179999","distance_km":3.69},{"id":9513,"code_insee":"91106","nom_standard":"Breux-Jouy","nom_a":null,"nom_de":null,"slug_ville":"breux-jouy","departement_id":692,"code_postal":"91650","population":1281,"superficie_km2":"5.00","latitude_centre":"48.5550003","longitude_centre":"2.1600001","distance_km":3.94},{"id":9512,"code_insee":"91105","nom_standard":"Breuillet","nom_a":null,"nom_de":null,"slug_ville":"breuillet","departement_id":692,"code_postal":"91650","population":8873,"superficie_km2":"7.00","latitude_centre":"48.5719986","longitude_centre":"2.1659999","distance_km":4.24},{"id":9524,"code_insee":"91156","nom_standard":"Cheptainville","nom_a":null,"nom_de":null,"slug_ville":"cheptainville","departement_id":692,"code_postal":"91630","population":2219,"superficie_km2":"7.00","latitude_centre":"48.5470009","longitude_centre":"2.2739999","distance_km":4.5},{"id":9555,"code_insee":"91330","nom_standard":"Lardy","nom_a":null,"nom_de":null,"slug_ville":"lardy","departement_id":692,"code_postal":"91510","population":5509,"superficie_km2":"8.00","latitude_centre":"48.5270004","longitude_centre":"2.2700000","distance_km":4.91},{"id":9497,"code_insee":"91021","nom_standard":"Arpajon","nom_a":null,"nom_de":null,"slug_ville":"arpajon","departement_id":692,"code_postal":"91290","population":11281,"superficie_km2":"2.00","latitude_centre":"48.5909996","longitude_centre":"2.2440000","distance_km":5.1},{"id":9577,"code_insee":"91457","nom_standard":"La Norville","nom_a":null,"nom_de":null,"slug_ville":"la-norville","departement_id":692,"code_postal":"91290","population":4312,"superficie_km2":"5.00","latitude_centre":"48.5810013","longitude_centre":"2.2660000","distance_km":5.21},{"id":9517,"code_insee":"91115","nom_standard":"Bruyères-le-Châtel","nom_a":null,"nom_de":null,"slug_ville":"bruyeres-le-chatel","departement_id":692,"code_postal":"91680","population":3584,"superficie_km2":"13.00","latitude_centre":"48.5999985","longitude_centre":"2.1870000","distance_km":5.88},{"id":9553,"code_insee":"91318","nom_standard":"Janville-sur-Juine","nom_a":null,"nom_de":null,"slug_ville":"janville-sur-juine","departement_id":692,"code_postal":"91510","population":1953,"superficie_km2":"11.00","latitude_centre":"48.5009995","longitude_centre":"2.2539999","distance_km":6.23},{"id":9579,"code_insee":"91461","nom_standard":"Ollainville","nom_a":null,"nom_de":null,"slug_ville":"ollainville","departement_id":692,"code_postal":"91340","population":5314,"superficie_km2":"11.00","latitude_centre":"48.6059990","longitude_centre":"2.2190001","distance_km":6.24},{"id":9592,"code_insee":"91540","nom_standard":"Saint-Chéron","nom_a":null,"nom_de":null,"slug_ville":"saint-cheron","departement_id":692,"code_postal":"91530","population":5220,"superficie_km2":"12.00","latitude_centre":"48.5489998","longitude_centre":"2.1270001","distance_km":6.33},{"id":9565,"code_insee":"91376","nom_standard":"Marolles-en-Hurepoix","nom_a":null,"nom_de":null,"slug_ville":"marolles-en-hurepoix","departement_id":692,"code_postal":"91630","population":5667,"superficie_km2":"7.00","latitude_centre":"48.5649986","longitude_centre":"2.2990000","distance_km":6.55},{"id":9594,"code_insee":"91552","nom_standard":"Saint-Germain-lès-Arpajon","nom_a":null,"nom_de":null,"slug_ville":"saint-germain-les-arpajon","departement_id":692,"code_postal":"91180","population":11305,"superficie_km2":"6.00","latitude_centre":"48.5979996","longitude_centre":"2.2650001","distance_km":6.57},{"id":9539,"code_insee":"91226","nom_standard":"Étréchy","nom_a":null,"nom_de":null,"slug_ville":"etrechy","departement_id":692,"code_postal":"91580","population":6866,"superficie_km2":"14.00","latitude_centre":"48.4920006","longitude_centre":"2.1789999","distance_km":6.92},{"id":9508,"code_insee":"91095","nom_standard":"Bouray-sur-Juine","nom_a":null,"nom_de":null,"slug_ville":"bouray-sur-juine","departement_id":692,"code_postal":"91850","population":2080,"superficie_km2":"7.00","latitude_centre":"48.5120010","longitude_centre":"2.2960000","distance_km":7.43},{"id":9596,"code_insee":"91568","nom_standard":"Saint-Maurice-Montcouronne","nom_a":null,"nom_de":null,"slug_ville":"saint-maurice-montcouronne","departement_id":692,"code_postal":"91530","population":1536,"superficie_km2":"9.00","latitude_centre":"48.5789986","longitude_centre":"2.1210001","distance_km":7.5},{"id":9543,"code_insee":"91243","nom_standard":"Fontenay-lès-Briis","nom_a":null,"nom_de":null,"slug_ville":"fontenay-les-briis","departement_id":692,"code_postal":"91640","population":2297,"superficie_km2":"10.00","latitude_centre":"48.6110001","longitude_centre":"2.1650000","distance_km":7.65},{"id":9499,"code_insee":"91038","nom_standard":"Auvers-Saint-Georges","nom_a":null,"nom_de":null,"slug_ville":"auvers-saint-georges","departement_id":692,"code_postal":"91580","population":1277,"superficie_km2":"13.00","latitude_centre":"48.4770012","longitude_centre":"2.2260001","distance_km":8.17}]}