{"ville":{"id":8339,"code_insee":"78120","nom_standard":"Bullion","nom_a":null,"nom_de":null,"slug_ville":"bullion","departement_id":679,"code_postal":"78830","population":1914,"superficie_km2":"21.00","latitude_centre":"48.6250000","longitude_centre":"1.9830000","dep_code":"78","dep_nom":"Yvelines","dep_slug":"yvelines","reg_code":"10","reg_nom":"Île-de-France","reg_slug":"ile-de-france"},"departement":{"code":"78","nom":"Yvelines","slug":"yvelines"},"region":{"code":"10","nom":"Île-de-France","slug":"ile-de-france"},"villes_proches":[{"id":8331,"code_insee":"78087","nom_standard":"Bonnelles","nom_a":null,"nom_de":null,"slug_ville":"bonnelles","departement_id":679,"code_postal":"78830","population":2123,"superficie_km2":"11.00","latitude_centre":"48.6180000","longitude_centre":"2.0300000","distance_km":3.54},{"id":8343,"code_insee":"78128","nom_standard":"Cernay-la-Ville","nom_a":null,"nom_de":null,"slug_ville":"cernay-la-ville","departement_id":679,"code_postal":"78720","population":1536,"superficie_km2":"10.00","latitude_centre":"48.6699982","longitude_centre":"1.9600000","distance_km":5.28},{"id":9496,"code_insee":"91017","nom_standard":"Angervilliers","nom_a":null,"nom_de":null,"slug_ville":"angervilliers","departement_id":692,"code_postal":"91470","population":1731,"superficie_km2":"9.00","latitude_centre":"48.5909996","longitude_centre":"2.0590000","distance_km":6.75},{"id":8431,"code_insee":"78537","nom_standard":"Saint-Arnoult-en-Yvelines","nom_a":null,"nom_de":null,"slug_ville":"saint-arnoult-en-yvelines","departement_id":679,"code_postal":"78730","population":5870,"superficie_km2":"13.00","latitude_centre":"48.5719986","longitude_centre":"1.9349999","distance_km":6.87},{"id":9545,"code_insee":"91249","nom_standard":"Forges-les-Bains","nom_a":null,"nom_de":null,"slug_ville":"forges-les-bains","departement_id":692,"code_postal":"91470","population":4132,"superficie_km2":"15.00","latitude_centre":"48.6199989","longitude_centre":"2.0829999","distance_km":7.37},{"id":9558,"code_insee":"91338","nom_standard":"Limours","nom_a":null,"nom_de":null,"slug_ville":"limours","departement_id":692,"code_postal":"91470","population":6431,"superficie_km2":"14.00","latitude_centre":"48.6459999","longitude_centre":"2.0810001","distance_km":7.57},{"id":9571,"code_insee":"91411","nom_standard":"Les Molières","nom_a":null,"nom_de":null,"slug_ville":"les-molieres","departement_id":692,"code_postal":"91470","population":1896,"superficie_km2":"7.00","latitude_centre":"48.6720009","longitude_centre":"2.0730000","distance_km":8.43},{"id":8323,"code_insee":"78030","nom_standard":"Auffargis","nom_a":null,"nom_de":null,"slug_ville":"auffargis","departement_id":679,"code_postal":"78610","population":1974,"superficie_km2":"17.00","latitude_centre":"48.6839981","longitude_centre":"1.9020000","distance_km":8.86},{"id":8441,"code_insee":"78601","nom_standard":"Sonchamp","nom_a":null,"nom_de":null,"slug_ville":"sonchamp","departement_id":679,"code_postal":"78120","population":1630,"superficie_km2":"46.00","latitude_centre":"48.5880013","longitude_centre":"1.8690000","distance_km":9.34},{"id":9609,"code_insee":"91634","nom_standard":"Vaugrigneuse","nom_a":null,"nom_de":null,"slug_ville":"vaugrigneuse","departement_id":692,"code_postal":"91640","population":1417,"superficie_km2":"6.00","latitude_centre":"48.6010017","longitude_centre":"2.1050000","distance_km":9.36},{"id":9607,"code_insee":"91630","nom_standard":"Le Val-Saint-Germain","nom_a":null,"nom_de":null,"slug_ville":"le-val-saint-germain","departement_id":692,"code_postal":"91530","population":1524,"superficie_km2":"13.00","latitude_centre":"48.5680008","longitude_centre":"2.0810001","distance_km":9.6},{"id":9532,"code_insee":"91200","nom_standard":"Dourdan","nom_a":null,"nom_de":null,"slug_ville":"dourdan","departement_id":692,"code_postal":"91410","population":11279,"superficie_km2":"31.00","latitude_centre":"48.5359993","longitude_centre":"1.9940000","distance_km":9.93},{"id":8351,"code_insee":"78160","nom_standard":"Chevreuse","nom_a":null,"nom_de":null,"slug_ville":"chevreuse","departement_id":679,"code_postal":"78460","population":5536,"superficie_km2":"14.00","latitude_centre":"48.7070007","longitude_centre":"2.0369999","distance_km":9.94},{"id":9547,"code_insee":"91274","nom_standard":"Gometz-la-Ville","nom_a":null,"nom_de":null,"slug_ville":"gometz-la-ville","departement_id":692,"code_postal":"91400","population":1506,"superficie_km2":"10.00","latitude_centre":"48.6720009","longitude_centre":"2.1099999","distance_km":10.69},{"id":9515,"code_insee":"91111","nom_standard":"Briis-sous-Forges","nom_a":null,"nom_de":null,"slug_ville":"briis-sous-forges","departement_id":692,"code_postal":"91640","population":3380,"superficie_km2":"11.00","latitude_centre":"48.6269989","longitude_centre":"2.1310000","distance_km":10.88},{"id":8437,"code_insee":"78575","nom_standard":"Saint-Rémy-lès-Chevreuse","nom_a":null,"nom_de":null,"slug_ville":"saint-remy-les-chevreuse","departement_id":679,"code_postal":"78470","population":7747,"superficie_km2":"10.00","latitude_centre":"48.7039986","longitude_centre":"2.0790000","distance_km":11.26},{"id":9596,"code_insee":"91568","nom_standard":"Saint-Maurice-Montcouronne","nom_a":null,"nom_de":null,"slug_ville":"saint-maurice-montcouronne","departement_id":692,"code_postal":"91530","population":1536,"superficie_km2":"9.00","latitude_centre":"48.5789986","longitude_centre":"2.1210001","distance_km":11.36},{"id":8384,"code_insee":"78334","nom_standard":"Lévis-Saint-Nom","nom_a":null,"nom_de":null,"slug_ville":"levis-saint-nom","departement_id":679,"code_postal":"78320","population":1607,"superficie_km2":"8.00","latitude_centre":"48.7270012","longitude_centre":"1.9349999","distance_km":11.88},{"id":8428,"code_insee":"78517","nom_standard":"Rambouillet","nom_a":null,"nom_de":null,"slug_ville":"rambouillet","departement_id":679,"code_postal":"78120","population":26816,"superficie_km2":"36.00","latitude_centre":"48.6539993","longitude_centre":"1.8260000","distance_km":11.98},{"id":8362,"code_insee":"78220","nom_standard":"Les Essarts-le-Roi","nom_a":null,"nom_de":null,"slug_ville":"les-essarts-le-roi","departement_id":679,"code_postal":"78690","population":6775,"superficie_km2":"20.00","latitude_centre":"48.7159996","longitude_centre":"1.8950000","distance_km":12.01}]}