{"ville":{"id":8340,"code_insee":"78123","nom_standard":"Carrières-sous-Poissy","nom_a":null,"nom_de":null,"slug_ville":"carrieres-sous-poissy","departement_id":679,"code_postal":"78955","population":18316,"superficie_km2":"7.00","latitude_centre":"48.9459992","longitude_centre":"2.0290000","dep_code":"78","dep_nom":"Yvelines","dep_slug":"yvelines","reg_code":"10","reg_nom":"Île-de-France","reg_slug":"ile-de-france"},"departement":{"code":"78","nom":"Yvelines","slug":"yvelines"},"region":{"code":"10","nom":"Île-de-France","slug":"ile-de-france"},"villes_proches":[{"id":8423,"code_insee":"78498","nom_standard":"Poissy","nom_a":null,"nom_de":null,"slug_ville":"poissy","departement_id":679,"code_postal":"78300","population":40016,"superficie_km2":"13.00","latitude_centre":"48.9239998","longitude_centre":"2.0270000","distance_km":2.45},{"id":8455,"code_insee":"78672","nom_standard":"Villennes-sur-Seine","nom_a":null,"nom_de":null,"slug_ville":"villennes-sur-seine","departement_id":679,"code_postal":"78670","population":5628,"superficie_km2":"5.00","latitude_centre":"48.9370003","longitude_centre":"1.9960001","distance_km":2.61},{"id":8402,"code_insee":"78384","nom_standard":"Médan","nom_a":null,"nom_de":null,"slug_ville":"medan","departement_id":679,"code_postal":"78670","population":1322,"superficie_km2":"3.00","latitude_centre":"48.9550018","longitude_centre":"1.9880000","distance_km":3.16},{"id":8345,"code_insee":"78138","nom_standard":"Chanteloup-les-Vignes","nom_a":null,"nom_de":null,"slug_ville":"chanteloup-les-vignes","departement_id":679,"code_postal":"78570","population":10735,"superficie_km2":"3.00","latitude_centre":"48.9760017","longitude_centre":"2.0320001","distance_km":3.34},{"id":8447,"code_insee":"78624","nom_standard":"Triel-sur-Seine","nom_a":null,"nom_de":null,"slug_ville":"triel-sur-seine","departement_id":679,"code_postal":"78510","population":12388,"superficie_km2":"14.00","latitude_centre":"48.9780006","longitude_centre":"2.0090001","distance_km":3.85},{"id":8321,"code_insee":"78015","nom_standard":"Andrésy","nom_a":null,"nom_de":null,"slug_ville":"andresy","departement_id":679,"code_postal":"78570","population":13230,"superficie_km2":"7.00","latitude_centre":"48.9819984","longitude_centre":"2.0500000","distance_km":4.29},{"id":8451,"code_insee":"78643","nom_standard":"Vernouillet","nom_a":null,"nom_de":null,"slug_ville":"vernouillet","departement_id":679,"code_postal":"78540","population":10025,"superficie_km2":"7.00","latitude_centre":"48.9659996","longitude_centre":"1.9750000","distance_km":4.53},{"id":8319,"code_insee":"78007","nom_standard":"Aigremont","nom_a":null,"nom_de":null,"slug_ville":"aigremont","departement_id":679,"code_postal":"78240","population":1083,"superficie_km2":"3.00","latitude_centre":"48.9010010","longitude_centre":"2.0150001","distance_km":5.11},{"id":8434,"code_insee":"78551","nom_standard":"Saint-Germain-en-Laye","nom_a":null,"nom_de":null,"slug_ville":"saint-germain-en-laye","departement_id":679,"code_postal":"78112","population":44380,"superficie_km2":"49.00","latitude_centre":"48.9410019","longitude_centre":"2.0990000","distance_km":5.14},{"id":8318,"code_insee":"78005","nom_standard":"Achères","nom_a":null,"nom_de":null,"slug_ville":"acheres","departement_id":679,"code_postal":"78260","population":21368,"superficie_km2":"10.00","latitude_centre":"48.9720001","longitude_centre":"2.0899999","distance_km":5.31},{"id":8419,"code_insee":"78466","nom_standard":"Orgeval","nom_a":null,"nom_de":null,"slug_ville":"orgeval","departement_id":679,"code_postal":"78630","population":6948,"superficie_km2":"15.00","latitude_centre":"48.9160004","longitude_centre":"1.9690000","distance_km":5.51},{"id":8344,"code_insee":"78133","nom_standard":"Chambourcy","nom_a":null,"nom_de":null,"slug_ville":"chambourcy","departement_id":679,"code_postal":"78240","population":5736,"superficie_km2":"8.00","latitude_centre":"48.8959999","longitude_centre":"2.0330000","distance_km":5.57},{"id":8400,"code_insee":"78382","nom_standard":"Maurecourt","nom_a":null,"nom_de":null,"slug_ville":"maurecourt","departement_id":679,"code_postal":"78780","population":4355,"superficie_km2":"4.00","latitude_centre":"48.9990006","longitude_centre":"2.0530000","distance_km":6.15},{"id":8412,"code_insee":"78431","nom_standard":"Morainvilliers","nom_a":null,"nom_de":null,"slug_ville":"morainvilliers","departement_id":679,"code_postal":"78630","population":3082,"superficie_km2":"7.00","latitude_centre":"48.9339981","longitude_centre":"1.9460000","distance_km":6.21},{"id":8450,"code_insee":"78642","nom_standard":"Verneuil-sur-Seine","nom_a":null,"nom_de":null,"slug_ville":"verneuil-sur-seine","departement_id":679,"code_postal":"78480","population":15914,"superficie_km2":"10.00","latitude_centre":"48.9869995","longitude_centre":"1.9630001","distance_km":6.63},{"id":8346,"code_insee":"78140","nom_standard":"Chapet","nom_a":null,"nom_de":null,"slug_ville":"chapet","departement_id":679,"code_postal":"78130","population":1344,"superficie_km2":"5.00","latitude_centre":"48.9679985","longitude_centre":"1.9400001","distance_km":6.94},{"id":8404,"code_insee":"78396","nom_standard":"Le Mesnil-le-Roi","nom_a":null,"nom_de":null,"slug_ville":"le-mesnil-le-roi","departement_id":679,"code_postal":"78600","population":6322,"superficie_km2":"4.00","latitude_centre":"48.9259987","longitude_centre":"2.1220000","distance_km":7.15},{"id":9795,"code_insee":"95323","nom_standard":"Jouy-le-Moutier","nom_a":null,"nom_de":null,"slug_ville":"jouy-le-moutier","departement_id":696,"code_postal":"95280","population":17175,"superficie_km2":"7.00","latitude_centre":"49.0110016","longitude_centre":"2.0339999","distance_km":7.24},{"id":8355,"code_insee":"78172","nom_standard":"Conflans-Sainte-Honorine","nom_a":null,"nom_de":null,"slug_ville":"conflans-sainte-honorine","departement_id":679,"code_postal":"78700","population":35926,"superficie_km2":"10.00","latitude_centre":"49.0000000","longitude_centre":"2.0990000","distance_km":7.88},{"id":8359,"code_insee":"78206","nom_standard":"Ecquevilly","nom_a":null,"nom_de":null,"slug_ville":"ecquevilly","departement_id":679,"code_postal":"78920","population":4105,"superficie_km2":"11.00","latitude_centre":"48.9459992","longitude_centre":"1.9200000","distance_km":7.96}]}