{"ville":{"id":8113,"code_insee":"77077","nom_standard":"Chambry","nom_a":null,"nom_de":null,"slug_ville":"chambry","departement_id":678,"code_postal":"77910","population":1038,"superficie_km2":"10.00","latitude_centre":"48.9980011","longitude_centre":"2.8940001","dep_code":"77","dep_nom":"Seine-et-Marne","dep_slug":"seine-et-marne","reg_code":"10","reg_nom":"Île-de-France","reg_slug":"ile-de-france"},"departement":{"code":"77","nom":"Seine-et-Marne","slug":"seine-et-marne"},"region":{"code":"10","nom":"Île-de-France","slug":"ile-de-france"},"villes_proches":[{"id":8299,"code_insee":"77483","nom_standard":"Varreddes","nom_a":null,"nom_de":null,"slug_ville":"varreddes","departement_id":678,"code_postal":"77910","population":2121,"superficie_km2":"8.00","latitude_centre":"49.0060005","longitude_centre":"2.9280000","distance_km":2.63},{"id":8148,"code_insee":"77143","nom_standard":"Crégy-lès-Meaux","nom_a":null,"nom_de":null,"slug_ville":"cregy-les-meaux","departement_id":678,"code_postal":"77124","population":5354,"superficie_km2":"4.00","latitude_centre":"48.9780006","longitude_centre":"2.8740001","distance_km":2.66},{"id":8241,"code_insee":"77358","nom_standard":"Penchard","nom_a":null,"nom_de":null,"slug_ville":"penchard","departement_id":678,"code_postal":"77124","population":1354,"superficie_km2":"4.00","latitude_centre":"48.9910011","longitude_centre":"2.8580000","distance_km":2.74},{"id":8208,"code_insee":"77284","nom_standard":"Meaux","nom_a":null,"nom_de":null,"slug_ville":"meaux","departement_id":678,"code_postal":"77100","population":55616,"superficie_km2":"15.00","latitude_centre":"48.9570007","longitude_centre":"2.9000001","distance_km":4.58},{"id":8219,"code_insee":"77309","nom_standard":"Monthyon","nom_a":null,"nom_de":null,"slug_ville":"monthyon","departement_id":678,"code_postal":"77122","population":1749,"superficie_km2":"12.00","latitude_centre":"49.0099983","longitude_centre":"2.8329999","distance_km":4.65},{"id":8172,"code_insee":"77203","nom_standard":"Germigny-l'Évêque","nom_a":null,"nom_de":null,"slug_ville":"germigny-l-eveque","departement_id":678,"code_postal":"77910","population":1345,"superficie_km2":"12.00","latitude_centre":"48.9860001","longitude_centre":"2.9579999","distance_km":4.86},{"id":8233,"code_insee":"77335","nom_standard":"Chauconin-Neufmontiers","nom_a":null,"nom_de":null,"slug_ville":"chauconin-neufmontiers","departement_id":678,"code_postal":"77124","population":3655,"superficie_km2":"17.00","latitude_centre":"48.9720001","longitude_centre":"2.8320000","distance_km":5.37},{"id":8139,"code_insee":"77126","nom_standard":"Congis-sur-Thérouanne","nom_a":null,"nom_de":null,"slug_ville":"congis-sur-therouanne","departement_id":678,"code_postal":"77440","population":1772,"superficie_km2":"15.00","latitude_centre":"49.0120010","longitude_centre":"2.9779999","distance_km":6.32},{"id":8294,"code_insee":"77475","nom_standard":"Trilport","nom_a":null,"nom_de":null,"slug_ville":"trilport","departement_id":678,"code_postal":"77470","population":5081,"superficie_km2":"11.00","latitude_centre":"48.9589996","longitude_centre":"2.9660001","distance_km":6.81},{"id":8308,"code_insee":"77513","nom_standard":"Villenoy","nom_a":null,"nom_de":null,"slug_ville":"villenoy","departement_id":678,"code_postal":"77124","population":5019,"superficie_km2":"7.00","latitude_centre":"48.9410019","longitude_centre":"2.8520000","distance_km":7.04},{"id":8171,"code_insee":"77199","nom_standard":"Fublaines","nom_a":null,"nom_de":null,"slug_ville":"fublaines","departement_id":678,"code_postal":"77470","population":1391,"superficie_km2":"6.00","latitude_centre":"48.9389992","longitude_centre":"2.9410000","distance_km":7.4},{"id":8231,"code_insee":"77330","nom_standard":"Nanteuil-lès-Meaux","nom_a":null,"nom_de":null,"slug_ville":"nanteuil-les-meaux","departement_id":678,"code_postal":"77100","population":6800,"superficie_km2":"8.00","latitude_centre":"48.9290009","longitude_centre":"2.8989999","distance_km":7.68},{"id":8274,"code_insee":"77437","nom_standard":"Saint-Soupplets","nom_a":null,"nom_de":null,"slug_ville":"saint-soupplets","departement_id":678,"code_postal":"77165","population":3585,"superficie_km2":"14.00","latitude_centre":"49.0369988","longitude_centre":"2.8020000","distance_km":7.99},{"id":8204,"code_insee":"77276","nom_standard":"Mareuil-lès-Meaux","nom_a":null,"nom_de":null,"slug_ville":"mareuil-les-meaux","departement_id":678,"code_postal":"77100","population":3304,"superficie_km2":"7.00","latitude_centre":"48.9239998","longitude_centre":"2.8699999","distance_km":8.41},{"id":8090,"code_insee":"77008","nom_standard":"Armentières-en-Brie","nom_a":null,"nom_de":null,"slug_ville":"armentieres-en-brie","departement_id":678,"code_postal":"77440","population":1205,"superficie_km2":"7.00","latitude_centre":"48.9809990","longitude_centre":"3.0160000","distance_km":9.1},{"id":8237,"code_insee":"77344","nom_standard":"Oissery","nom_a":null,"nom_de":null,"slug_ville":"oissery","departement_id":678,"code_postal":"77178","population":2459,"superficie_km2":"15.00","latitude_centre":"49.0699997","longitude_centre":"2.8180001","distance_km":9.74},{"id":8195,"code_insee":"77257","nom_standard":"Lizy-sur-Ourcq","nom_a":null,"nom_de":null,"slug_ville":"lizy-sur-ourcq","departement_id":678,"code_postal":"77440","population":3519,"superficie_km2":"11.00","latitude_centre":"49.0349999","longitude_centre":"3.0190001","distance_km":10},{"id":8185,"code_insee":"77232","nom_standard":"Isles-lès-Villenoy","nom_a":null,"nom_de":null,"slug_ville":"isles-les-villenoy","departement_id":678,"code_postal":"77450","population":1140,"superficie_km2":"7.00","latitude_centre":"48.9169998","longitude_centre":"2.8310001","distance_km":10.11},{"id":8117,"code_insee":"77084","nom_standard":"Changis-sur-Marne","nom_a":null,"nom_de":null,"slug_ville":"changis-sur-marne","departement_id":678,"code_postal":"77660","population":1386,"superficie_km2":"7.00","latitude_centre":"48.9659996","longitude_centre":"3.0250001","distance_km":10.2},{"id":8207,"code_insee":"77280","nom_standard":"Mary-sur-Marne","nom_a":null,"nom_de":null,"slug_ville":"mary-sur-marne","departement_id":678,"code_postal":"77440","population":1114,"superficie_km2":"2.00","latitude_centre":"49.0159988","longitude_centre":"3.0330000","distance_km":10.33}]}