{"ville":{"id":9634,"code_insee":"92022","nom_standard":"Chaville","nom_a":null,"nom_de":null,"slug_ville":"chaville","departement_id":693,"code_postal":"92370","population":19991,"superficie_km2":"4.00","latitude_centre":"48.8079987","longitude_centre":"2.1919999","dep_code":"92","dep_nom":"Hauts-de-Seine","dep_slug":"hauts-de-seine","reg_code":"10","reg_nom":"Île-de-France","reg_slug":"ile-de-france"},"departement":{"code":"92","nom":"Hauts-de-Seine","slug":"hauts-de-seine"},"region":{"code":"10","nom":"Île-de-France","slug":"ile-de-france"},"villes_proches":[{"id":8458,"code_insee":"78686","nom_standard":"Viroflay","nom_a":null,"nom_de":null,"slug_ville":"viroflay","departement_id":679,"code_postal":"78220","population":16960,"superficie_km2":"3.00","latitude_centre":"48.8019981","longitude_centre":"2.1719999","distance_km":1.61},{"id":9660,"code_insee":"92077","nom_standard":"Ville-d'Avray","nom_a":null,"nom_de":null,"slug_ville":"ville-d-avray","departement_id":693,"code_postal":"92410","population":10694,"superficie_km2":"4.00","latitude_centre":"48.8219986","longitude_centre":"2.1780000","distance_km":1.86},{"id":9656,"code_insee":"92072","nom_standard":"Sèvres","nom_a":null,"nom_de":null,"slug_ville":"sevres","departement_id":693,"code_postal":"92310","population":22618,"superficie_km2":"4.00","latitude_centre":"48.8219986","longitude_centre":"2.2100000","distance_km":2.04},{"id":9647,"code_insee":"92048","nom_standard":"Meudon","nom_a":null,"nom_de":null,"slug_ville":"meudon","departement_id":693,"code_postal":"92190","population":46342,"superficie_km2":"10.00","latitude_centre":"48.8040009","longitude_centre":"2.2270000","distance_km":2.6},{"id":8449,"code_insee":"78640","nom_standard":"Vélizy-Villacoublay","nom_a":null,"nom_de":null,"slug_ville":"velizy-villacoublay","departement_id":679,"code_postal":"78140","population":22713,"superficie_km2":"9.00","latitude_centre":"48.7840004","longitude_centre":"2.1970000","distance_km":2.69},{"id":9646,"code_insee":"92047","nom_standard":"Marnes-la-Coquette","nom_a":null,"nom_de":null,"slug_ville":"marnes-la-coquette","departement_id":693,"code_postal":"92430","population":1745,"superficie_km2":"3.00","latitude_centre":"48.8300018","longitude_centre":"2.1659999","distance_km":3.1},{"id":9654,"code_insee":"92064","nom_standard":"Saint-Cloud","nom_a":null,"nom_de":null,"slug_ville":"saint-cloud","departement_id":693,"code_postal":"92210","population":29727,"superficie_km2":"8.00","latitude_centre":"48.8429985","longitude_centre":"2.2090001","distance_km":4.09},{"id":9640,"code_insee":"92033","nom_standard":"Garches","nom_a":null,"nom_de":null,"slug_ville":"garches","departement_id":693,"code_postal":"92380","population":17898,"superficie_km2":"3.00","latitude_centre":"48.8450012","longitude_centre":"2.1870000","distance_km":4.13},{"id":9659,"code_insee":"92076","nom_standard":"Vaucresson","nom_a":null,"nom_de":null,"slug_ville":"vaucresson","departement_id":693,"code_postal":"92420","population":8566,"superficie_km2":"3.00","latitude_centre":"48.8409996","longitude_centre":"2.1600001","distance_km":4.35},{"id":9630,"code_insee":"92012","nom_standard":"Boulogne-Billancourt","nom_a":null,"nom_de":null,"slug_ville":"boulogne-billancourt","departement_id":693,"code_postal":"92100","population":119808,"superficie_km2":"6.00","latitude_centre":"48.8370018","longitude_centre":"2.2390001","distance_km":4.72},{"id":9635,"code_insee":"92023","nom_standard":"Clamart","nom_a":null,"nom_de":null,"slug_ville":"clamart","departement_id":693,"code_postal":"92140","population":54491,"superficie_km2":"9.00","latitude_centre":"48.7960014","longitude_centre":"2.2550001","distance_km":4.8},{"id":8350,"code_insee":"78158","nom_standard":"Le Chesnay-Rocquencourt","nom_a":null,"nom_de":null,"slug_ville":"le-chesnay-rocquencourt","departement_id":679,"code_postal":"78150","population":30924,"superficie_km2":"4.00","latitude_centre":"48.8269997","longitude_centre":"2.1300001","distance_km":5.01},{"id":8382,"code_insee":"78322","nom_standard":"Jouy-en-Josas","nom_a":null,"nom_de":null,"slug_ville":"jouy-en-josas","departement_id":679,"code_postal":"78350","population":7928,"superficie_km2":"10.00","latitude_centre":"48.7659988","longitude_centre":"2.1630001","distance_km":5.13},{"id":8453,"code_insee":"78646","nom_standard":"Versailles","nom_a":null,"nom_de":null,"slug_ville":"versailles","departement_id":679,"code_postal":"78000","population":83587,"superficie_km2":"26.00","latitude_centre":"48.8030014","longitude_centre":"2.1180000","distance_km":5.45},{"id":9643,"code_insee":"92040","nom_standard":"Issy-les-Moulineaux","nom_a":null,"nom_de":null,"slug_ville":"issy-les-moulineaux","departement_id":693,"code_postal":"92130","population":68580,"superficie_km2":"4.00","latitude_centre":"48.8240013","longitude_centre":"2.2639999","distance_km":5.56},{"id":9504,"code_insee":"91064","nom_standard":"Bièvres","nom_a":null,"nom_de":null,"slug_ville":"bievres","departement_id":692,"code_postal":"91570","population":4748,"superficie_km2":"10.00","latitude_centre":"48.7570000","longitude_centre":"2.2070000","distance_km":5.78},{"id":9651,"code_insee":"92060","nom_standard":"Le Plessis-Robinson","nom_a":null,"nom_de":null,"slug_ville":"le-plessis-robinson","departement_id":693,"code_postal":"92350","population":29228,"superficie_km2":"3.00","latitude_centre":"48.7799988","longitude_centre":"2.2609999","distance_km":5.94},{"id":8342,"code_insee":"78126","nom_standard":"La Celle-Saint-Cloud","nom_a":null,"nom_de":null,"slug_ville":"la-celle-saint-cloud","departement_id":679,"code_postal":"78170","population":20476,"superficie_km2":"6.00","latitude_centre":"48.8470001","longitude_centre":"2.1350000","distance_km":6.02},{"id":8337,"code_insee":"78117","nom_standard":"Buc","nom_a":null,"nom_de":null,"slug_ville":"buc","departement_id":679,"code_postal":"78530","population":5920,"superficie_km2":"8.00","latitude_centre":"48.7719994","longitude_centre":"2.1240001","distance_km":6.39},{"id":8387,"code_insee":"78343","nom_standard":"Les Loges-en-Josas","nom_a":null,"nom_de":null,"slug_ville":"les-loges-en-josas","departement_id":679,"code_postal":"78350","population":1646,"superficie_km2":"2.00","latitude_centre":"48.7620010","longitude_centre":"2.1389999","distance_km":6.42}]}