{"ville":{"id":9711,"code_insee":"94019","nom_standard":"Chennevières-sur-Marne","nom_a":null,"nom_de":null,"slug_ville":"chennevieres-sur-marne","departement_id":695,"code_postal":"94430","population":18367,"superficie_km2":"5.00","latitude_centre":"48.7980003","longitude_centre":"2.5420001","dep_code":"94","dep_nom":"Val-de-Marne","dep_slug":"val-de-marne","reg_code":"10","reg_nom":"Île-de-France","reg_slug":"ile-de-france"},"departement":{"code":"94","nom":"Val-de-Marne","slug":"val-de-marne"},"region":{"code":"10","nom":"Île-de-France","slug":"ile-de-france"},"villes_proches":[{"id":9729,"code_insee":"94055","nom_standard":"Ormesson-sur-Marne","nom_a":null,"nom_de":null,"slug_ville":"ormesson-sur-marne","departement_id":695,"code_postal":"94490","population":10540,"superficie_km2":"3.00","latitude_centre":"48.7859993","longitude_centre":"2.5390000","distance_km":1.35},{"id":9732,"code_insee":"94059","nom_standard":"Le Plessis-Trévise","nom_a":null,"nom_de":null,"slug_ville":"le-plessis-trevise","departement_id":695,"code_postal":"94420","population":20218,"superficie_km2":"4.00","latitude_centre":"48.8059998","longitude_centre":"2.5760000","distance_km":2.64},{"id":9709,"code_insee":"94017","nom_standard":"Champigny-sur-Marne","nom_a":null,"nom_de":null,"slug_ville":"champigny-sur-marne","departement_id":695,"code_postal":"94500","population":77724,"superficie_km2":"11.00","latitude_centre":"48.8170013","longitude_centre":"2.5170000","distance_km":2.8},{"id":9727,"code_insee":"94053","nom_standard":"Noiseau","nom_a":null,"nom_de":null,"slug_ville":"noiseau","departement_id":695,"code_postal":"94880","population":4610,"superficie_km2":"5.00","latitude_centre":"48.7739983","longitude_centre":"2.5550001","distance_km":2.83},{"id":9746,"code_insee":"94079","nom_standard":"Villiers-sur-Marne","nom_a":null,"nom_de":null,"slug_ville":"villiers-sur-marne","departement_id":695,"code_postal":"94350","population":30669,"superficie_km2":"4.00","latitude_centre":"48.8260002","longitude_centre":"2.5450001","distance_km":3.12},{"id":9736,"code_insee":"94068","nom_standard":"Saint-Maur-des-Fossés","nom_a":null,"nom_de":null,"slug_ville":"saint-maur-des-fosses","departement_id":695,"code_postal":"94210","population":75441,"superficie_km2":"11.00","latitude_centre":"48.7989998","longitude_centre":"2.4940000","distance_km":3.52},{"id":9739,"code_insee":"94071","nom_standard":"Sucy-en-Brie","nom_a":null,"nom_de":null,"slug_ville":"sucy-en-brie","departement_id":695,"code_postal":"94370","population":27622,"superficie_km2":"10.00","latitude_centre":"48.7659988","longitude_centre":"2.5330000","distance_km":3.62},{"id":9733,"code_insee":"94060","nom_standard":"La Queue-en-Brie","nom_a":null,"nom_de":null,"slug_ville":"la-queue-en-brie","departement_id":695,"code_postal":"94510","population":12081,"superficie_km2":"9.00","latitude_centre":"48.7779999","longitude_centre":"2.5840001","distance_km":3.8},{"id":9684,"code_insee":"93051","nom_standard":"Noisy-le-Grand","nom_a":null,"nom_de":null,"slug_ville":"noisy-le-grand","departement_id":694,"code_postal":"93160","population":70374,"superficie_km2":"13.00","latitude_centre":"48.8359985","longitude_centre":"2.5639999","distance_km":4.52},{"id":9707,"code_insee":"94015","nom_standard":"Bry-sur-Marne","nom_a":null,"nom_de":null,"slug_ville":"bry-sur-marne","departement_id":695,"code_postal":"94360","population":17400,"superficie_km2":"3.00","latitude_centre":"48.8380013","longitude_centre":"2.5230000","distance_km":4.66},{"id":9706,"code_insee":"94011","nom_standard":"Bonneuil-sur-Marne","nom_a":null,"nom_de":null,"slug_ville":"bonneuil-sur-marne","departement_id":695,"code_postal":"94380","population":18750,"superficie_km2":"6.00","latitude_centre":"48.7729988","longitude_centre":"2.4879999","distance_km":4.84},{"id":8246,"code_insee":"77373","nom_standard":"Pontault-Combault","nom_a":null,"nom_de":null,"slug_ville":"pontault-combault","departement_id":678,"code_postal":"77340","population":38258,"superficie_km2":"14.00","latitude_centre":"48.7869988","longitude_centre":"2.6140001","distance_km":5.41},{"id":8158,"code_insee":"77169","nom_standard":"Émerainville","nom_a":null,"nom_de":null,"slug_ville":"emerainville","departement_id":678,"code_postal":"77184","population":7601,"superficie_km2":"5.00","latitude_centre":"48.8199997","longitude_centre":"2.6090000","distance_km":5.48},{"id":9731,"code_insee":"94058","nom_standard":"Le Perreux-sur-Marne","nom_a":null,"nom_de":null,"slug_ville":"le-perreux-sur-marne","departement_id":695,"code_postal":"94170","population":34213,"superficie_km2":"4.00","latitude_centre":"48.8419991","longitude_centre":"2.5039999","distance_km":5.63},{"id":9720,"code_insee":"94042","nom_standard":"Joinville-le-Pont","nom_a":null,"nom_de":null,"slug_ville":"joinville-le-pont","departement_id":695,"code_postal":"94340","population":20413,"superficie_km2":"2.00","latitude_centre":"48.8190002","longitude_centre":"2.4700000","distance_km":5.77},{"id":9705,"code_insee":"94004","nom_standard":"Boissy-Saint-Léger","nom_a":null,"nom_de":null,"slug_ville":"boissy-saint-leger","departement_id":695,"code_postal":"94470","population":17570,"superficie_km2":"9.00","latitude_centre":"48.7470017","longitude_centre":"2.5250001","distance_km":5.81},{"id":9726,"code_insee":"94052","nom_standard":"Nogent-sur-Marne","nom_a":null,"nom_de":null,"slug_ville":"nogent-sur-marne","departement_id":695,"code_postal":"94130","population":33472,"superficie_km2":"3.00","latitude_centre":"48.8370018","longitude_centre":"2.4820001","distance_km":6.17},{"id":9725,"code_insee":"94048","nom_standard":"Marolles-en-Brie","nom_a":null,"nom_de":null,"slug_ville":"marolles-en-brie","departement_id":695,"code_postal":"94440","population":4689,"superficie_km2":"5.00","latitude_centre":"48.7400017","longitude_centre":"2.5550001","distance_km":6.52},{"id":9714,"code_insee":"94028","nom_standard":"Créteil","nom_a":null,"nom_de":null,"slug_ville":"creteil","departement_id":695,"code_postal":"94000","population":92989,"superficie_km2":"11.00","latitude_centre":"48.7840004","longitude_centre":"2.4549999","distance_km":6.56},{"id":8116,"code_insee":"77083","nom_standard":"Champs-sur-Marne","nom_a":null,"nom_de":null,"slug_ville":"champs-sur-marne","departement_id":678,"code_postal":"77420","population":25695,"superficie_km2":"8.00","latitude_centre":"48.8479996","longitude_centre":"2.5960000","distance_km":6.82}]}