{"ville":{"id":8351,"code_insee":"78160","nom_standard":"Chevreuse","nom_a":null,"nom_de":null,"slug_ville":"chevreuse","departement_id":679,"code_postal":"78460","population":5536,"superficie_km2":"14.00","latitude_centre":"48.7070007","longitude_centre":"2.0369999","dep_code":"78","dep_nom":"Yvelines","dep_slug":"yvelines","reg_code":"10","reg_nom":"Île-de-France","reg_slug":"ile-de-france"},"departement":{"code":"78","nom":"Yvelines","slug":"yvelines"},"region":{"code":"10","nom":"Île-de-France","slug":"ile-de-france"},"villes_proches":[{"id":8437,"code_insee":"78575","nom_standard":"Saint-Rémy-lès-Chevreuse","nom_a":null,"nom_de":null,"slug_ville":"saint-remy-les-chevreuse","departement_id":679,"code_postal":"78470","population":7747,"superficie_km2":"10.00","latitude_centre":"48.7039986","longitude_centre":"2.0790000","distance_km":3.1},{"id":8391,"code_insee":"78356","nom_standard":"Magny-les-Hameaux","nom_a":null,"nom_de":null,"slug_ville":"magny-les-hameaux","departement_id":679,"code_postal":"78114","population":9385,"superficie_km2":"17.00","latitude_centre":"48.7410011","longitude_centre":"2.0520000","distance_km":3.94},{"id":9571,"code_insee":"91411","nom_standard":"Les Molières","nom_a":null,"nom_de":null,"slug_ville":"les-molieres","departement_id":692,"code_postal":"91470","population":1896,"superficie_km2":"7.00","latitude_centre":"48.6720009","longitude_centre":"2.0730000","distance_km":4.7},{"id":8347,"code_insee":"78143","nom_standard":"Châteaufort","nom_a":null,"nom_de":null,"slug_ville":"chateaufort","departement_id":679,"code_postal":"78117","population":1515,"superficie_km2":"5.00","latitude_centre":"48.7389984","longitude_centre":"2.0950000","distance_km":5.55},{"id":8459,"code_insee":"78688","nom_standard":"Voisins-le-Bretonneux","nom_a":null,"nom_de":null,"slug_ville":"voisins-le-bretonneux","departement_id":679,"code_postal":"78960","population":10721,"superficie_km2":"4.00","latitude_centre":"48.7589989","longitude_centre":"2.0480001","distance_km":5.84},{"id":8405,"code_insee":"78397","nom_standard":"Le Mesnil-Saint-Denis","nom_a":null,"nom_de":null,"slug_ville":"le-mesnil-saint-denis","departement_id":679,"code_postal":"78320","population":6929,"superficie_km2":"9.00","latitude_centre":"48.7400017","longitude_centre":"1.9660000","distance_km":6.37},{"id":9547,"code_insee":"91274","nom_standard":"Gometz-la-Ville","nom_a":null,"nom_de":null,"slug_ville":"gometz-la-ville","departement_id":692,"code_postal":"91400","population":1506,"superficie_km2":"10.00","latitude_centre":"48.6720009","longitude_centre":"2.1099999","distance_km":6.62},{"id":9620,"code_insee":"91679","nom_standard":"Villiers-le-Bâcle","nom_a":null,"nom_de":null,"slug_ville":"villiers-le-bacle","departement_id":692,"code_postal":"91190","population":1097,"superficie_km2":"6.00","latitude_centre":"48.7290001","longitude_centre":"2.1220000","distance_km":6.7},{"id":9546,"code_insee":"91272","nom_standard":"Gif-sur-Yvette","nom_a":null,"nom_de":null,"slug_ville":"gif-sur-yvette","departement_id":692,"code_postal":"91190","population":22352,"superficie_km2":"12.00","latitude_centre":"48.6990013","longitude_centre":"2.1280000","distance_km":6.74},{"id":8343,"code_insee":"78128","nom_standard":"Cernay-la-Ville","nom_a":null,"nom_de":null,"slug_ville":"cernay-la-ville","departement_id":679,"code_postal":"78720","population":1536,"superficie_km2":"10.00","latitude_centre":"48.6699982","longitude_centre":"1.9600000","distance_km":6.99},{"id":8445,"code_insee":"78620","nom_standard":"Toussus-le-Noble","nom_a":null,"nom_de":null,"slug_ville":"toussus-le-noble","departement_id":679,"code_postal":"78117","population":1157,"superficie_km2":"4.00","latitude_centre":"48.7470017","longitude_centre":"2.1180000","distance_km":7.42},{"id":9558,"code_insee":"91338","nom_standard":"Limours","nom_a":null,"nom_de":null,"slug_ville":"limours","departement_id":692,"code_postal":"91470","population":6431,"superficie_km2":"14.00","latitude_centre":"48.6459999","longitude_centre":"2.0810001","distance_km":7.51},{"id":8384,"code_insee":"78334","nom_standard":"Lévis-Saint-Nom","nom_a":null,"nom_de":null,"slug_ville":"levis-saint-nom","departement_id":679,"code_postal":"78320","population":1607,"superficie_km2":"8.00","latitude_centre":"48.7270012","longitude_centre":"1.9349999","distance_km":7.81},{"id":8376,"code_insee":"78297","nom_standard":"Guyancourt","nom_a":null,"nom_de":null,"slug_ville":"guyancourt","departement_id":679,"code_postal":"78280","population":29406,"superficie_km2":"13.00","latitude_centre":"48.7729988","longitude_centre":"2.0760000","distance_km":7.88},{"id":8411,"code_insee":"78423","nom_standard":"Montigny-le-Bretonneux","nom_a":null,"nom_de":null,"slug_ville":"montigny-le-bretonneux","departement_id":679,"code_postal":"78180","population":31777,"superficie_km2":"11.00","latitude_centre":"48.7799988","longitude_centre":"2.0300000","distance_km":8.13},{"id":8446,"code_insee":"78621","nom_standard":"Trappes","nom_a":null,"nom_de":null,"slug_ville":"trappes","departement_id":679,"code_postal":"78190","population":33717,"superficie_km2":"14.00","latitude_centre":"48.7750015","longitude_centre":"1.9930000","distance_km":8.22},{"id":8452,"code_insee":"78644","nom_standard":"La Verrière","nom_a":null,"nom_de":null,"slug_ville":"la-verriere","departement_id":679,"code_postal":"78320","population":6183,"superficie_km2":"2.00","latitude_centre":"48.7550011","longitude_centre":"1.9510000","distance_km":8.26},{"id":9548,"code_insee":"91275","nom_standard":"Gometz-le-Châtel","nom_a":null,"nom_de":null,"slug_ville":"gometz-le-chatel","departement_id":692,"code_postal":"91940","population":2615,"superficie_km2":"5.00","latitude_centre":"48.6749992","longitude_centre":"2.1429999","distance_km":8.56},{"id":9518,"code_insee":"91122","nom_standard":"Bures-sur-Yvette","nom_a":null,"nom_de":null,"slug_ville":"bures-sur-yvette","departement_id":692,"code_postal":"91440","population":9254,"superficie_km2":"4.00","latitude_centre":"48.6930008","longitude_centre":"2.1580000","distance_km":9.02},{"id":8337,"code_insee":"78117","nom_standard":"Buc","nom_a":null,"nom_de":null,"slug_ville":"buc","departement_id":679,"code_postal":"78530","population":5920,"superficie_km2":"8.00","latitude_centre":"48.7719994","longitude_centre":"2.1240001","distance_km":9.64}]}