{"ville":{"id":8170,"code_insee":"77192","nom_standard":"Fontenay-Trésigny","nom_a":null,"nom_de":null,"slug_ville":"fontenay-tresigny","departement_id":678,"code_postal":"77610","population":5757,"superficie_km2":"22.00","latitude_centre":"48.6980019","longitude_centre":"2.8620000","dep_code":"77","dep_nom":"Seine-et-Marne","dep_slug":"seine-et-marne","reg_code":"10","reg_nom":"Île-de-France","reg_slug":"ile-de-france"},"departement":{"code":"77","nom":"Seine-et-Marne","slug":"seine-et-marne"},"region":{"code":"10","nom":"Île-de-France","slug":"ile-de-france"},"villes_proches":[{"id":8205,"code_insee":"77277","nom_standard":"Marles-en-Brie","nom_a":null,"nom_de":null,"slug_ville":"marles-en-brie","departement_id":678,"code_postal":"77610","population":1843,"superficie_km2":"13.00","latitude_centre":"48.7249985","longitude_centre":"2.8880000","distance_km":3.56},{"id":8127,"code_insee":"77107","nom_standard":"Chaumes-en-Brie","nom_a":null,"nom_de":null,"slug_ville":"chaumes-en-brie","departement_id":678,"code_postal":"77390","population":3401,"superficie_km2":"20.00","latitude_centre":"48.6669998","longitude_centre":"2.8450000","distance_km":3.67},{"id":8193,"code_insee":"77254","nom_standard":"Liverdy-en-Brie","nom_a":null,"nom_de":null,"slug_ville":"liverdy-en-brie","departement_id":678,"code_postal":"77220","population":1306,"superficie_km2":"9.00","latitude_centre":"48.6959992","longitude_centre":"2.7800000","distance_km":6.02},{"id":8184,"code_insee":"77229","nom_standard":"La Houssaye-en-Brie","nom_a":null,"nom_de":null,"slug_ville":"la-houssaye-en-brie","departement_id":678,"code_postal":"77610","population":1675,"superficie_km2":"12.00","latitude_centre":"48.7560005","longitude_centre":"2.8680000","distance_km":6.46},{"id":8301,"code_insee":"77493","nom_standard":"Verneuil-l'Étang","nom_a":null,"nom_de":null,"slug_ville":"verneuil-l-etang","departement_id":678,"code_postal":"77390","population":3198,"superficie_km2":"8.00","latitude_centre":"48.6370010","longitude_centre":"2.8320000","distance_km":7.13},{"id":8200,"code_insee":"77264","nom_standard":"Lumigny-Nesles-Ormeaux","nom_a":null,"nom_de":null,"slug_ville":"lumigny-nesles-ormeaux","departement_id":678,"code_postal":"77540","population":1497,"superficie_km2":"36.00","latitude_centre":"48.7200012","longitude_centre":"2.9540000","distance_km":7.18},{"id":8240,"code_insee":"77352","nom_standard":"Ozouer-le-Voulgis","nom_a":null,"nom_de":null,"slug_ville":"ozouer-le-voulgis","departement_id":678,"code_postal":"77390","population":1970,"superficie_km2":"11.00","latitude_centre":"48.6650009","longitude_centre":"2.7770000","distance_km":7.24},{"id":8257,"code_insee":"77393","nom_standard":"Rozay-en-Brie","nom_a":null,"nom_de":null,"slug_ville":"rozay-en-brie","departement_id":678,"code_postal":"77540","population":2819,"superficie_km2":"3.00","latitude_centre":"48.6839981","longitude_centre":"2.9640000","distance_km":7.65},{"id":8293,"code_insee":"77470","nom_standard":"Tournan-en-Brie","nom_a":null,"nom_de":null,"slug_ville":"tournan-en-brie","departement_id":678,"code_postal":"77220","population":8340,"superficie_km2":"16.00","latitude_centre":"48.7400017","longitude_centre":"2.7780001","distance_km":7.73},{"id":8182,"code_insee":"77222","nom_standard":"Guignes","nom_a":null,"nom_de":null,"slug_ville":"guignes","departement_id":678,"code_postal":"77390","population":4414,"superficie_km2":"6.00","latitude_centre":"48.6360016","longitude_centre":"2.8000000","distance_km":8.26},{"id":8234,"code_insee":"77336","nom_standard":"Neufmoutiers-en-Brie","nom_a":null,"nom_de":null,"slug_ville":"neufmoutiers-en-brie","departement_id":678,"code_postal":"77610","population":1216,"superficie_km2":"16.00","latitude_centre":"48.7739983","longitude_centre":"2.8260000","distance_km":8.85},{"id":8144,"code_insee":"77135","nom_standard":"Courpalay","nom_a":null,"nom_de":null,"slug_ville":"courpalay","departement_id":678,"code_postal":"77540","population":1385,"superficie_km2":"15.00","latitude_centre":"48.6430016","longitude_centre":"2.9540000","distance_km":9.11},{"id":8248,"code_insee":"77377","nom_standard":"Presles-en-Brie","nom_a":null,"nom_de":null,"slug_ville":"presles-en-brie","departement_id":678,"code_postal":"77220","population":2313,"superficie_km2":"17.00","latitude_centre":"48.7130013","longitude_centre":"2.7370000","distance_km":9.32},{"id":8225,"code_insee":"77318","nom_standard":"Mortcerf","nom_a":null,"nom_de":null,"slug_ville":"mortcerf","departement_id":678,"code_postal":"77163","population":1416,"superficie_km2":"18.00","latitude_centre":"48.7830010","longitude_centre":"2.9059999","distance_km":9.99},{"id":8286,"code_insee":"77457","nom_standard":"Solers","nom_a":null,"nom_de":null,"slug_ville":"solers","departement_id":678,"code_postal":"77111","population":1231,"superficie_km2":"6.00","latitude_centre":"48.6590004","longitude_centre":"2.7270000","distance_km":10.82},{"id":8224,"code_insee":"77317","nom_standard":"Mormant","nom_a":null,"nom_de":null,"slug_ville":"mormant","departement_id":678,"code_postal":"77720","population":5222,"superficie_km2":"17.00","latitude_centre":"48.5979996","longitude_centre":"2.8820000","distance_km":11.22},{"id":8162,"code_insee":"77177","nom_standard":"Favières","nom_a":null,"nom_de":null,"slug_ville":"favieres","departement_id":678,"code_postal":"77220","population":1239,"superficie_km2":"28.00","latitude_centre":"48.7799988","longitude_centre":"2.7679999","distance_km":11.43},{"id":8140,"code_insee":"77127","nom_standard":"Coubert","nom_a":null,"nom_de":null,"slug_ville":"coubert","departement_id":678,"code_postal":"77170","population":1879,"superficie_km2":"8.00","latitude_centre":"48.6780014","longitude_centre":"2.7079999","distance_km":11.52},{"id":8177,"code_insee":"77215","nom_standard":"Gretz-Armainvilliers","nom_a":null,"nom_de":null,"slug_ville":"gretz-armainvilliers","departement_id":678,"code_postal":"77220","population":8556,"superficie_km2":"14.00","latitude_centre":"48.7500000","longitude_centre":"2.7260001","distance_km":11.53},{"id":8153,"code_insee":"77154","nom_standard":"Dammartin-sur-Tigeaux","nom_a":null,"nom_de":null,"slug_ville":"dammartin-sur-tigeaux","departement_id":678,"code_postal":"77163","population":1249,"superficie_km2":"9.00","latitude_centre":"48.8079987","longitude_centre":"2.9030001","distance_km":12.6}]}