{"ville":{"id":8173,"code_insee":"77208","nom_standard":"Gouaix","nom_a":null,"nom_de":null,"slug_ville":"gouaix","departement_id":678,"code_postal":"77114","population":1335,"superficie_km2":"14.00","latitude_centre":"48.4760017","longitude_centre":"3.2969999","dep_code":"77","dep_nom":"Seine-et-Marne","dep_slug":"seine-et-marne","reg_code":"10","reg_nom":"Île-de-France","reg_slug":"ile-de-france"},"departement":{"code":"77","nom":"Seine-et-Marne","slug":"seine-et-marne"},"region":{"code":"10","nom":"Île-de-France","slug":"ile-de-france"},"villes_proches":[{"id":8198,"code_insee":"77260","nom_standard":"Longueville","nom_a":null,"nom_de":null,"slug_ville":"longueville","departement_id":678,"code_postal":"77650","population":1800,"superficie_km2":"6.00","latitude_centre":"48.5139999","longitude_centre":"3.2379999","distance_km":6.06},{"id":8261,"code_insee":"77404","nom_standard":"Sainte-Colombe","nom_a":null,"nom_de":null,"slug_ville":"sainte-colombe","departement_id":678,"code_postal":"77650","population":1793,"superficie_km2":"8.00","latitude_centre":"48.5340004","longitude_centre":"3.2590001","distance_km":7.03},{"id":8102,"code_insee":"77051","nom_standard":"Bray-sur-Seine","nom_a":null,"nom_de":null,"slug_ville":"bray-sur-seine","departement_id":678,"code_postal":"77480","population":2356,"superficie_km2":"2.00","latitude_centre":"48.4150009","longitude_centre":"3.2440000","distance_km":7.83},{"id":8288,"code_insee":"77459","nom_standard":"Sourdun","nom_a":null,"nom_de":null,"slug_ville":"sourdun","departement_id":678,"code_postal":"77171","population":1517,"superficie_km2":"23.00","latitude_centre":"48.5369988","longitude_centre":"3.3629999","distance_km":8.35},{"id":8250,"code_insee":"77379","nom_standard":"Provins","nom_a":null,"nom_de":null,"slug_ville":"provins","departement_id":678,"code_postal":"77160","population":11958,"superficie_km2":"15.00","latitude_centre":"48.5629997","longitude_centre":"3.2880001","distance_km":9.7},{"id":8155,"code_insee":"77159","nom_standard":"Donnemarie-Dontilly","nom_a":null,"nom_de":null,"slug_ville":"donnemarie-dontilly","departement_id":678,"code_postal":"77520","population":2747,"superficie_km2":"12.00","latitude_centre":"48.4780006","longitude_centre":"3.1180000","distance_km":13.2},{"id":692,"code_insee":"10382","nom_standard":"Traînel","nom_a":null,"nom_de":null,"slug_ville":"trainel","departement_id":610,"code_postal":"10400","population":1024,"superficie_km2":"20.00","latitude_centre":"48.4140015","longitude_centre":"3.4570000","distance_km":13.67},{"id":9448,"code_insee":"89391","nom_standard":"Sergines","nom_a":null,"nom_de":null,"slug_ville":"sergines","departement_id":690,"code_postal":"89140","population":1248,"superficie_km2":"19.00","latitude_centre":"48.3460007","longitude_centre":"3.2509999","distance_km":14.85},{"id":673,"code_insee":"10268","nom_standard":"Nogent-sur-Seine","nom_a":null,"nom_de":null,"slug_ville":"nogent-sur-seine","departement_id":610,"code_postal":"10400","population":5809,"superficie_km2":"20.00","latitude_centre":"48.4959984","longitude_centre":"3.5000000","distance_km":15.13},{"id":8125,"code_insee":"77101","nom_standard":"Châtenay-sur-Seine","nom_a":null,"nom_de":null,"slug_ville":"chatenay-sur-seine","departement_id":678,"code_postal":"77126","population":1054,"superficie_km2":"13.00","latitude_centre":"48.4199982","longitude_centre":"3.0940001","distance_km":16.22},{"id":9413,"code_insee":"89124","nom_standard":"Courlon-sur-Yonne","nom_a":null,"nom_de":null,"slug_ville":"courlon-sur-yonne","departement_id":690,"code_postal":"89140","population":1177,"superficie_km2":"17.00","latitude_centre":"48.3450012","longitude_centre":"3.1780000","distance_km":17.01},{"id":9464,"code_insee":"89480","nom_standard":"Vinneuf","nom_a":null,"nom_de":null,"slug_ville":"vinneuf","departement_id":690,"code_postal":"89140","population":1583,"superficie_km2":"15.00","latitude_centre":"48.3549995","longitude_centre":"3.1389999","distance_km":17.8},{"id":8129,"code_insee":"77109","nom_standard":"Chenoise-Cucharmoy","nom_a":null,"nom_de":null,"slug_ville":"chenoise-cucharmoy","departement_id":678,"code_postal":"77160","population":1654,"superficie_km2":"36.00","latitude_centre":"48.6220017","longitude_centre":"3.1919999","distance_km":17.98},{"id":8220,"code_insee":"77311","nom_standard":"Montigny-Lencoup","nom_a":null,"nom_de":null,"slug_ville":"montigny-lencoup","departement_id":678,"code_postal":"77520","population":1384,"superficie_km2":"21.00","latitude_centre":"48.4539986","longitude_centre":"3.0530000","distance_km":18.16},{"id":9429,"code_insee":"89255","nom_standard":"Michery","nom_a":null,"nom_de":null,"slug_ville":"michery","departement_id":690,"code_postal":"89140","population":1086,"superficie_km2":"17.00","latitude_centre":"48.3120003","longitude_centre":"3.2460001","distance_km":18.62},{"id":9451,"code_insee":"89414","nom_standard":"Thorigny-sur-Oreuse","nom_a":null,"nom_de":null,"slug_ville":"thorigny-sur-oreuse","departement_id":690,"code_postal":"89260","population":1395,"superficie_km2":"50.00","latitude_centre":"48.2980003","longitude_centre":"3.3800001","distance_km":20.72},{"id":8276,"code_insee":"77439","nom_standard":"Salins","nom_a":null,"nom_de":null,"slug_ville":"salins","departement_id":678,"code_postal":"77148","population":1171,"superficie_km2":"11.00","latitude_centre":"48.4319992","longitude_centre":"3.0190001","distance_km":21.08},{"id":8311,"code_insee":"77519","nom_standard":"Villiers-Saint-Georges","nom_a":null,"nom_de":null,"slug_ville":"villiers-saint-georges","departement_id":678,"code_postal":"77560","population":1165,"superficie_km2":"33.00","latitude_centre":"48.6520004","longitude_centre":"3.4080000","distance_km":21.21},{"id":8206,"code_insee":"77279","nom_standard":"Marolles-sur-Seine","nom_a":null,"nom_de":null,"slug_ville":"marolles-sur-seine","departement_id":678,"code_postal":"77130","population":1812,"superficie_km2":"20.00","latitude_centre":"48.3839989","longitude_centre":"3.0320001","distance_km":22.07},{"id":677,"code_insee":"10298","nom_standard":"Pont-sur-Seine","nom_a":null,"nom_de":null,"slug_ville":"pont-sur-seine","departement_id":610,"code_postal":"10400","population":1156,"superficie_km2":"16.00","latitude_centre":"48.5089989","longitude_centre":"3.5969999","distance_km":22.41}]}