{"ville":{"id":8178,"code_insee":"77216","nom_standard":"Grez-sur-Loing","nom_a":null,"nom_de":null,"slug_ville":"grez-sur-loing","departement_id":678,"code_postal":"77880","population":1436,"superficie_km2":"13.00","latitude_centre":"48.3069992","longitude_centre":"2.6770000","dep_code":"77","dep_nom":"Seine-et-Marne","dep_slug":"seine-et-marne","reg_code":"10","reg_nom":"Île-de-France","reg_slug":"ile-de-france"},"departement":{"code":"77","nom":"Seine-et-Marne","slug":"seine-et-marne"},"region":{"code":"10","nom":"Île-de-France","slug":"ile-de-france"},"villes_proches":[{"id":8216,"code_insee":"77302","nom_standard":"Montcourt-Fromonville","nom_a":null,"nom_de":null,"slug_ville":"montcourt-fromonville","departement_id":678,"code_postal":"77140","population":1925,"superficie_km2":"8.00","latitude_centre":"48.2989998","longitude_centre":"2.7119999","distance_km":2.74},{"id":8101,"code_insee":"77048","nom_standard":"Bourron-Marlotte","nom_a":null,"nom_de":null,"slug_ville":"bourron-marlotte","departement_id":678,"code_postal":"77780","population":2762,"superficie_km2":"11.00","latitude_centre":"48.3349991","longitude_centre":"2.7019999","distance_km":3.62},{"id":8271,"code_insee":"77431","nom_standard":"Saint-Pierre-lès-Nemours","nom_a":null,"nom_de":null,"slug_ville":"saint-pierre-les-nemours","departement_id":678,"code_postal":"77140","population":5416,"superficie_km2":"22.00","latitude_centre":"48.2649994","longitude_centre":"2.6659999","distance_km":4.74},{"id":8232,"code_insee":"77333","nom_standard":"Nemours","nom_a":null,"nom_de":null,"slug_ville":"nemours","departement_id":678,"code_postal":"77140","population":13189,"superficie_km2":"10.00","latitude_centre":"48.2599983","longitude_centre":"2.7110000","distance_km":5.8},{"id":8221,"code_insee":"77312","nom_standard":"Montigny-sur-Loing","nom_a":null,"nom_de":null,"slug_ville":"montigny-sur-loing","departement_id":678,"code_postal":"77690","population":2621,"superficie_km2":"9.00","latitude_centre":"48.3409996","longitude_centre":"2.7509999","distance_km":6.65},{"id":8120,"code_insee":"77088","nom_standard":"La Chapelle-la-Reine","nom_a":null,"nom_de":null,"slug_ville":"la-chapelle-la-reine","departement_id":678,"code_postal":"77760","population":2301,"superficie_km2":"16.00","latitude_centre":"48.3160019","longitude_centre":"2.5669999","distance_km":8.2},{"id":8088,"code_insee":"77001","nom_standard":"Achères-la-Forêt","nom_a":null,"nom_de":null,"slug_ville":"acheres-la-foret","departement_id":678,"code_postal":"77760","population":1154,"superficie_km2":"13.00","latitude_centre":"48.3479996","longitude_centre":"2.5650001","distance_km":9.45},{"id":8092,"code_insee":"77016","nom_standard":"Bagneaux-sur-Loing","nom_a":null,"nom_de":null,"slug_ville":"bagneaux-sur-loing","departement_id":678,"code_postal":"77167","population":1595,"superficie_km2":"5.00","latitude_centre":"48.2229996","longitude_centre":"2.7079999","distance_km":9.62},{"id":8167,"code_insee":"77186","nom_standard":"Fontainebleau","nom_a":null,"nom_de":null,"slug_ville":"fontainebleau","departement_id":678,"code_postal":"77300","population":15945,"superficie_km2":"172.00","latitude_centre":"48.4070015","longitude_centre":"2.6800001","distance_km":11.12},{"id":8223,"code_insee":"77316","nom_standard":"Moret-Loing-et-Orvanne","nom_a":null,"nom_de":null,"slug_ville":"moret-loing-et-orvanne","departement_id":678,"code_postal":"77250","population":12581,"superficie_km2":"5.00","latitude_centre":"48.3650017","longitude_centre":"2.8120000","distance_km":11.88},{"id":8091,"code_insee":"77014","nom_standard":"Avon","nom_a":null,"nom_de":null,"slug_ville":"avon","departement_id":678,"code_postal":"77210","population":13660,"superficie_km2":"4.00","latitude_centre":"48.4129982","longitude_centre":"2.7340000","distance_km":12.52},{"id":8289,"code_insee":"77463","nom_standard":"Thomery","nom_a":null,"nom_de":null,"slug_ville":"thomery","departement_id":678,"code_postal":"77810","population":3411,"superficie_km2":"4.00","latitude_centre":"48.4039993","longitude_centre":"2.7800000","distance_km":13.2},{"id":8268,"code_insee":"77419","nom_standard":"Saint-Mammès","nom_a":null,"nom_de":null,"slug_ville":"saint-mammes","departement_id":678,"code_postal":"77670","population":3302,"superficie_km2":"2.00","latitude_centre":"48.3870010","longitude_centre":"2.8190000","distance_km":13.76},{"id":8279,"code_insee":"77442","nom_standard":"Samoreau","nom_a":null,"nom_de":null,"slug_ville":"samoreau","departement_id":678,"code_postal":"77210","population":2426,"superficie_km2":"6.00","latitude_centre":"48.4199982","longitude_centre":"2.7700000","distance_km":14.32},{"id":8287,"code_insee":"77458","nom_standard":"Souppes-sur-Loing","nom_a":null,"nom_de":null,"slug_ville":"souppes-sur-loing","departement_id":678,"code_postal":"77460","population":5114,"superficie_km2":"28.00","latitude_centre":"48.1870003","longitude_centre":"2.7479999","distance_km":14.34},{"id":8304,"code_insee":"77504","nom_standard":"Villemaréchal","nom_a":null,"nom_de":null,"slug_ville":"villemarechal","departement_id":678,"code_postal":"77710","population":1082,"superficie_km2":"14.00","latitude_centre":"48.2719994","longitude_centre":"2.8680000","distance_km":14.66},{"id":8236,"code_insee":"77339","nom_standard":"Noisy-sur-École","nom_a":null,"nom_de":null,"slug_ville":"noisy-sur-ecole","departement_id":678,"code_postal":"77123","population":1822,"superficie_km2":"30.00","latitude_centre":"48.3779984","longitude_centre":"2.5090001","distance_km":14.71},{"id":8115,"code_insee":"77079","nom_standard":"Champagne-sur-Seine","nom_a":null,"nom_de":null,"slug_ville":"champagne-sur-seine","departement_id":678,"code_postal":"77430","population":6356,"superficie_km2":"7.00","latitude_centre":"48.4090004","longitude_centre":"2.8080001","distance_km":14.91},{"id":8316,"code_insee":"77533","nom_standard":"Vulaines-sur-Seine","nom_a":null,"nom_de":null,"slug_ville":"vulaines-sur-seine","departement_id":678,"code_postal":"77870","population":2731,"superficie_km2":"4.00","latitude_centre":"48.4319992","longitude_centre":"2.7690001","distance_km":15.47},{"id":8094,"code_insee":"77022","nom_standard":"Barbizon","nom_a":null,"nom_de":null,"slug_ville":"barbizon","departement_id":678,"code_postal":"77630","population":1241,"superficie_km2":"5.00","latitude_centre":"48.4480019","longitude_centre":"2.5999999","distance_km":16.68}]}