{"ville":{"id":8107,"code_insee":"77063","nom_standard":"La Celle-sur-Morin","nom_a":null,"nom_de":null,"slug_ville":"la-celle-sur-morin","departement_id":678,"code_postal":"77515","population":1251,"superficie_km2":"8.00","latitude_centre":"48.7960014","longitude_centre":"2.9719999","dep_code":"77","dep_nom":"Seine-et-Marne","dep_slug":"seine-et-marne","reg_code":"10","reg_nom":"Île-de-France","reg_slug":"ile-de-france"},"departement":{"code":"77","nom":"Seine-et-Marne","slug":"seine-et-marne"},"region":{"code":"10","nom":"Île-de-France","slug":"ile-de-france"},"villes_proches":[{"id":8161,"code_insee":"77176","nom_standard":"Faremoutiers","nom_a":null,"nom_de":null,"slug_ville":"faremoutiers","departement_id":678,"code_postal":"77515","population":3013,"superficie_km2":"11.00","latitude_centre":"48.7779999","longitude_centre":"3.0000000","distance_km":2.87},{"id":8180,"code_insee":"77219","nom_standard":"Guérard","nom_a":null,"nom_de":null,"slug_ville":"guerard","departement_id":678,"code_postal":"77580","population":2655,"superficie_km2":"20.00","latitude_centre":"48.8190002","longitude_centre":"2.9519999","distance_km":2.95},{"id":8244,"code_insee":"77371","nom_standard":"Pommeuse","nom_a":null,"nom_de":null,"slug_ville":"pommeuse","departement_id":678,"code_postal":"77515","population":3015,"superficie_km2":"13.00","latitude_centre":"48.8180008","longitude_centre":"3.0060000","distance_km":3.49},{"id":8260,"code_insee":"77400","nom_standard":"Saint-Augustin","nom_a":null,"nom_de":null,"slug_ville":"saint-augustin","departement_id":678,"code_postal":"77515","population":1820,"superficie_km2":"10.00","latitude_centre":"48.7890015","longitude_centre":"3.0290000","distance_km":4.25},{"id":8225,"code_insee":"77318","nom_standard":"Mortcerf","nom_a":null,"nom_de":null,"slug_ville":"mortcerf","departement_id":678,"code_postal":"77163","population":1416,"superficie_km2":"18.00","latitude_centre":"48.7830010","longitude_centre":"2.9059999","distance_km":5.05},{"id":8153,"code_insee":"77154","nom_standard":"Dammartin-sur-Tigeaux","nom_a":null,"nom_de":null,"slug_ville":"dammartin-sur-tigeaux","departement_id":678,"code_postal":"77163","population":1249,"superficie_km2":"9.00","latitude_centre":"48.8079987","longitude_centre":"2.9030001","distance_km":5.23},{"id":8226,"code_insee":"77320","nom_standard":"Mouroux","nom_a":null,"nom_de":null,"slug_ville":"mouroux","departement_id":678,"code_postal":"77120","population":5928,"superficie_km2":"17.00","latitude_centre":"48.8269997","longitude_centre":"3.0510001","distance_km":6.73},{"id":8272,"code_insee":"77433","nom_standard":"Beautheil-Saints","nom_a":null,"nom_de":null,"slug_ville":"beautheil-saints","departement_id":678,"code_postal":"77120","population":2035,"superficie_km2":"20.00","latitude_centre":"48.7639999","longitude_centre":"3.0590000","distance_km":7.3},{"id":8147,"code_insee":"77142","nom_standard":"Crécy-la-Chapelle","nom_a":null,"nom_de":null,"slug_ville":"crecy-la-chapelle","departement_id":678,"code_postal":"77580","population":4779,"superficie_km2":"15.00","latitude_centre":"48.8569984","longitude_centre":"2.9330001","distance_km":7.36},{"id":8314,"code_insee":"77529","nom_standard":"Voulangis","nom_a":null,"nom_de":null,"slug_ville":"voulangis","departement_id":678,"code_postal":"77580","population":1499,"superficie_km2":"10.00","latitude_centre":"48.8400002","longitude_centre":"2.8900001","distance_km":7.74},{"id":8292,"code_insee":"77469","nom_standard":"Touquin","nom_a":null,"nom_de":null,"slug_ville":"touquin","departement_id":678,"code_postal":"77131","population":1221,"superficie_km2":"12.00","latitude_centre":"48.7330017","longitude_centre":"3.0290000","distance_km":8.16},{"id":8200,"code_insee":"77264","nom_standard":"Lumigny-Nesles-Ormeaux","nom_a":null,"nom_de":null,"slug_ville":"lumigny-nesles-ormeaux","departement_id":678,"code_postal":"77540","population":1497,"superficie_km2":"36.00","latitude_centre":"48.7200012","longitude_centre":"2.9540000","distance_km":8.55},{"id":8184,"code_insee":"77229","nom_standard":"La Houssaye-en-Brie","nom_a":null,"nom_de":null,"slug_ville":"la-houssaye-en-brie","departement_id":678,"code_postal":"77610","population":1675,"superficie_km2":"12.00","latitude_centre":"48.7560005","longitude_centre":"2.8680000","distance_km":8.82},{"id":8142,"code_insee":"77131","nom_standard":"Coulommiers","nom_a":null,"nom_de":null,"slug_ville":"coulommiers","departement_id":678,"code_postal":"77120","population":15250,"superficie_km2":"11.00","latitude_centre":"48.8120003","longitude_centre":"3.0910001","distance_km":8.89},{"id":8312,"code_insee":"77521","nom_standard":"Villiers-sur-Morin","nom_a":null,"nom_de":null,"slug_ville":"villiers-sur-morin","departement_id":678,"code_postal":"77580","population":2048,"superficie_km2":"6.00","latitude_centre":"48.8489990","longitude_centre":"2.8690000","distance_km":9.57},{"id":8305,"code_insee":"77508","nom_standard":"Villeneuve-le-Comte","nom_a":null,"nom_de":null,"slug_ville":"villeneuve-le-comte","departement_id":678,"code_postal":"77174","population":1870,"superficie_km2":"19.00","latitude_centre":"48.8120003","longitude_centre":"2.8380001","distance_km":9.97},{"id":8205,"code_insee":"77277","nom_standard":"Marles-en-Brie","nom_a":null,"nom_de":null,"slug_ville":"marles-en-brie","departement_id":678,"code_postal":"77610","population":1843,"superficie_km2":"13.00","latitude_centre":"48.7249985","longitude_centre":"2.8880000","distance_km":10.01},{"id":8100,"code_insee":"77047","nom_standard":"Bouleurs","nom_a":null,"nom_de":null,"slug_ville":"bouleurs","departement_id":678,"code_postal":"77580","population":1720,"superficie_km2":"8.00","latitude_centre":"48.8790016","longitude_centre":"2.9080000","distance_km":10.35},{"id":8234,"code_insee":"77336","nom_standard":"Neufmoutiers-en-Brie","nom_a":null,"nom_de":null,"slug_ville":"neufmoutiers-en-brie","departement_id":678,"code_postal":"77610","population":1216,"superficie_km2":"16.00","latitude_centre":"48.7739983","longitude_centre":"2.8260000","distance_km":10.97},{"id":8146,"code_insee":"77141","nom_standard":"Coutevroult","nom_a":null,"nom_de":null,"slug_ville":"coutevroult","departement_id":678,"code_postal":"77580","population":1194,"superficie_km2":"8.00","latitude_centre":"48.8530006","longitude_centre":"2.8480001","distance_km":11.07}]}