{"ville":{"id":8166,"code_insee":"77183","nom_standard":"La Ferté-sous-Jouarre","nom_a":null,"nom_de":null,"slug_ville":"la-ferte-sous-jouarre","departement_id":678,"code_postal":"77260","population":9714,"superficie_km2":"10.00","latitude_centre":"48.9539986","longitude_centre":"3.1280000","dep_code":"77","dep_nom":"Seine-et-Marne","dep_slug":"seine-et-marne","reg_code":"10","reg_nom":"Île-de-France","reg_slug":"ile-de-france"},"departement":{"code":"77","nom":"Seine-et-Marne","slug":"seine-et-marne"},"region":{"code":"10","nom":"Île-de-France","slug":"ile-de-france"},"villes_proches":[{"id":8114,"code_insee":"77078","nom_standard":"Chamigny","nom_a":null,"nom_de":null,"slug_ville":"chamigny","departement_id":678,"code_postal":"77260","population":1378,"superficie_km2":"14.00","latitude_centre":"48.9850006","longitude_centre":"3.1420000","distance_km":3.6},{"id":8295,"code_insee":"77478","nom_standard":"Ussy-sur-Marne","nom_a":null,"nom_de":null,"slug_ville":"ussy-sur-marne","departement_id":678,"code_postal":"77260","population":1074,"superficie_km2":"14.00","latitude_centre":"48.9669991","longitude_centre":"3.0820000","distance_km":3.66},{"id":8277,"code_insee":"77440","nom_standard":"Sammeron","nom_a":null,"nom_de":null,"slug_ville":"sammeron","departement_id":678,"code_postal":"77260","population":1143,"superficie_km2":"6.00","latitude_centre":"48.9420013","longitude_centre":"3.0769999","distance_km":3.96},{"id":8201,"code_insee":"77265","nom_standard":"Luzancy","nom_a":null,"nom_de":null,"slug_ville":"luzancy","departement_id":678,"code_postal":"77138","population":1070,"superficie_km2":"7.00","latitude_centre":"48.9780006","longitude_centre":"3.1810000","distance_km":4.7},{"id":8262,"code_insee":"77405","nom_standard":"Saint-Cyr-sur-Morin","nom_a":null,"nom_de":null,"slug_ville":"saint-cyr-sur-morin","departement_id":678,"code_postal":"77750","population":1954,"superficie_km2":"19.00","latitude_centre":"48.9119988","longitude_centre":"3.1750000","distance_km":5.8},{"id":8186,"code_insee":"77238","nom_standard":"Jouarre","nom_a":null,"nom_de":null,"slug_ville":"jouarre","departement_id":678,"code_postal":"77640","population":4304,"superficie_km2":"42.00","latitude_centre":"48.9020004","longitude_centre":"3.1129999","distance_km":5.88},{"id":8259,"code_insee":"77397","nom_standard":"Saâcy-sur-Marne","nom_a":null,"nom_de":null,"slug_ville":"saacy-sur-marne","departement_id":678,"code_postal":"77730","population":1864,"superficie_km2":"14.00","latitude_centre":"48.9510002","longitude_centre":"3.2170000","distance_km":6.51},{"id":8267,"code_insee":"77415","nom_standard":"Saint-Jean-les-Deux-Jumeaux","nom_a":null,"nom_de":null,"slug_ville":"saint-jean-les-deux-jumeaux","departement_id":678,"code_postal":"77660","population":1285,"superficie_km2":"13.00","latitude_centre":"48.9389992","longitude_centre":"3.0270000","distance_km":7.56},{"id":8117,"code_insee":"77084","nom_standard":"Changis-sur-Marne","nom_a":null,"nom_de":null,"slug_ville":"changis-sur-marne","departement_id":678,"code_postal":"77660","population":1386,"superficie_km2":"7.00","latitude_centre":"48.9659996","longitude_centre":"3.0250001","distance_km":7.64},{"id":8090,"code_insee":"77008","nom_standard":"Armentières-en-Brie","nom_a":null,"nom_de":null,"slug_ville":"armentieres-en-brie","departement_id":678,"code_postal":"77440","population":1205,"superficie_km2":"7.00","latitude_centre":"48.9809990","longitude_centre":"3.0160000","distance_km":8.71},{"id":243,"code_insee":"02521","nom_standard":"Montreuil-aux-Lions","nom_a":null,"nom_de":null,"slug_ville":"montreuil-aux-lions","departement_id":602,"code_postal":"02310","population":1351,"superficie_km2":"13.00","latitude_centre":"49.0260010","longitude_centre":"3.1940000","distance_km":9.34},{"id":8156,"code_insee":"77162","nom_standard":"Doue","nom_a":null,"nom_de":null,"slug_ville":"doue","departement_id":678,"code_postal":"77510","population":1108,"superficie_km2":"20.00","latitude_centre":"48.8740006","longitude_centre":"3.1689999","distance_km":9.39},{"id":8207,"code_insee":"77280","nom_standard":"Mary-sur-Marne","nom_a":null,"nom_de":null,"slug_ville":"mary-sur-marne","departement_id":678,"code_postal":"77440","population":1114,"superficie_km2":"2.00","latitude_centre":"49.0159988","longitude_centre":"3.0330000","distance_km":9.78},{"id":272,"code_insee":"02818","nom_standard":"Villiers-Saint-Denis","nom_a":null,"nom_de":null,"slug_ville":"villiers-saint-denis","departement_id":602,"code_postal":"02310","population":1157,"superficie_km2":"8.00","latitude_centre":"48.9980011","longitude_centre":"3.2609999","distance_km":10.87},{"id":8294,"code_insee":"77475","nom_standard":"Trilport","nom_a":null,"nom_de":null,"slug_ville":"trilport","departement_id":678,"code_postal":"77470","population":5081,"superficie_km2":"11.00","latitude_centre":"48.9589996","longitude_centre":"2.9660001","distance_km":11.84},{"id":8195,"code_insee":"77257","nom_standard":"Lizy-sur-Ourcq","nom_a":null,"nom_de":null,"slug_ville":"lizy-sur-ourcq","departement_id":678,"code_postal":"77440","population":3519,"superficie_km2":"11.00","latitude_centre":"49.0349999","longitude_centre":"3.0190001","distance_km":12.02},{"id":8139,"code_insee":"77126","nom_standard":"Congis-sur-Thérouanne","nom_a":null,"nom_de":null,"slug_ville":"congis-sur-therouanne","departement_id":678,"code_postal":"77440","population":1772,"superficie_km2":"15.00","latitude_centre":"49.0120010","longitude_centre":"2.9779999","distance_km":12.71},{"id":201,"code_insee":"02163","nom_standard":"Charly-sur-Marne","nom_a":null,"nom_de":null,"slug_ville":"charly-sur-marne","departement_id":602,"code_postal":"02310","population":2581,"superficie_km2":"21.00","latitude_centre":"48.9900017","longitude_centre":"3.2939999","distance_km":12.76},{"id":8172,"code_insee":"77203","nom_standard":"Germigny-l'Évêque","nom_a":null,"nom_de":null,"slug_ville":"germigny-l-eveque","departement_id":678,"code_postal":"77910","population":1345,"superficie_km2":"12.00","latitude_centre":"48.9860001","longitude_centre":"2.9579999","distance_km":12.91},{"id":8253,"code_insee":"77385","nom_standard":"Rebais","nom_a":null,"nom_de":null,"slug_ville":"rebais","departement_id":678,"code_postal":"77510","population":2289,"superficie_km2":"11.00","latitude_centre":"48.8580017","longitude_centre":"3.2330000","distance_km":13.15}]}