{"ville":{"id":8190,"code_insee":"77243","nom_standard":"Lagny-sur-Marne","nom_a":null,"nom_de":null,"slug_ville":"lagny-sur-marne","departement_id":678,"code_postal":"77400","population":21191,"superficie_km2":"6.00","latitude_centre":"48.8730011","longitude_centre":"2.7100000","dep_code":"77","dep_nom":"Seine-et-Marne","dep_slug":"seine-et-marne","reg_code":"10","reg_nom":"Île-de-France","reg_slug":"ile-de-france"},"departement":{"code":"77","nom":"Seine-et-Marne","slug":"seine-et-marne"},"region":{"code":"10","nom":"Île-de-France","slug":"ile-de-france"},"villes_proches":[{"id":8137,"code_insee":"77124","nom_standard":"Conches-sur-Gondoire","nom_a":null,"nom_de":null,"slug_ville":"conches-sur-gondoire","departement_id":678,"code_postal":"77600","population":1742,"superficie_km2":"2.00","latitude_centre":"48.8580017","longitude_centre":"2.7190001","distance_km":1.79},{"id":8174,"code_insee":"77209","nom_standard":"Gouvernes","nom_a":null,"nom_de":null,"slug_ville":"gouvernes","departement_id":678,"code_postal":"77400","population":1178,"superficie_km2":"3.00","latitude_centre":"48.8580017","longitude_centre":"2.6949999","distance_km":2},{"id":8290,"code_insee":"77464","nom_standard":"Thorigny-sur-Marne","nom_a":null,"nom_de":null,"slug_ville":"thorigny-sur-marne","departement_id":678,"code_postal":"77400","population":10405,"superficie_km2":"5.00","latitude_centre":"48.8919983","longitude_centre":"2.7119999","distance_km":2.12},{"id":8181,"code_insee":"77221","nom_standard":"Guermantes","nom_a":null,"nom_de":null,"slug_ville":"guermantes","departement_id":678,"code_postal":"77600","population":1148,"superficie_km2":"1.00","latitude_centre":"48.8510017","longitude_centre":"2.7119999","distance_km":2.45},{"id":8275,"code_insee":"77438","nom_standard":"Saint-Thibault-des-Vignes","nom_a":null,"nom_de":null,"slug_ville":"saint-thibault-des-vignes","departement_id":678,"code_postal":"77400","population":6266,"superficie_km2":"5.00","latitude_centre":"48.8639984","longitude_centre":"2.6760001","distance_km":2.68},{"id":8118,"code_insee":"77085","nom_standard":"Chanteloup-en-Brie","nom_a":null,"nom_de":null,"slug_ville":"chanteloup-en-brie","departement_id":678,"code_postal":"77600","population":4171,"superficie_km2":"3.00","latitude_centre":"48.8580017","longitude_centre":"2.7400000","distance_km":2.76},{"id":8218,"code_insee":"77307","nom_standard":"Montévrain","nom_a":null,"nom_de":null,"slug_ville":"montevrain","departement_id":678,"code_postal":"77144","population":13934,"superficie_km2":"5.00","latitude_centre":"48.8680000","longitude_centre":"2.7500000","distance_km":2.98},{"id":8245,"code_insee":"77372","nom_standard":"Pomponne","nom_a":null,"nom_de":null,"slug_ville":"pomponne","departement_id":678,"code_postal":"77400","population":4158,"superficie_km2":"7.00","latitude_centre":"48.8870010","longitude_centre":"2.6750000","distance_km":3},{"id":8154,"code_insee":"77155","nom_standard":"Dampmart","nom_a":null,"nom_de":null,"slug_ville":"dampmart","departement_id":678,"code_postal":"77400","population":3586,"superficie_km2":"6.00","latitude_centre":"48.8940010","longitude_centre":"2.7460001","distance_km":3.52},{"id":8130,"code_insee":"77111","nom_standard":"Chessy","nom_a":null,"nom_de":null,"slug_ville":"chessy","departement_id":678,"code_postal":"77700","population":6875,"superficie_km2":"6.00","latitude_centre":"48.8720017","longitude_centre":"2.7700000","distance_km":4.39},{"id":8105,"code_insee":"77058","nom_standard":"Bussy-Saint-Georges","nom_a":null,"nom_de":null,"slug_ville":"bussy-saint-georges","departement_id":678,"code_postal":"77600","population":26571,"superficie_km2":"15.00","latitude_centre":"48.8310013","longitude_centre":"2.7219999","distance_km":4.75},{"id":8291,"code_insee":"77468","nom_standard":"Torcy","nom_a":null,"nom_de":null,"slug_ville":"torcy","departement_id":678,"code_postal":"77200","population":22444,"superficie_km2":"6.00","latitude_centre":"48.8530006","longitude_centre":"2.6510000","distance_km":4.86},{"id":8112,"code_insee":"77075","nom_standard":"Chalifert","nom_a":null,"nom_de":null,"slug_ville":"chalifert","departement_id":678,"code_postal":"77144","population":1482,"superficie_km2":"2.00","latitude_centre":"48.8950005","longitude_centre":"2.7730000","distance_km":5.22},{"id":8296,"code_insee":"77479","nom_standard":"Vaires-sur-Marne","nom_a":null,"nom_de":null,"slug_ville":"vaires-sur-marne","departement_id":678,"code_postal":"77360","population":13518,"superficie_km2":"6.00","latitude_centre":"48.8699989","longitude_centre":"2.6359999","distance_km":5.42},{"id":8089,"code_insee":"77005","nom_standard":"Annet-sur-Marne","nom_a":null,"nom_de":null,"slug_ville":"annet-sur-marne","departement_id":678,"code_postal":"77410","population":3317,"superficie_km2":"13.00","latitude_centre":"48.9220009","longitude_centre":"2.7079999","distance_km":5.45},{"id":8104,"code_insee":"77055","nom_standard":"Brou-sur-Chantereine","nom_a":null,"nom_de":null,"slug_ville":"brou-sur-chantereine","departement_id":678,"code_postal":"77177","population":4992,"superficie_km2":"4.00","latitude_centre":"48.8899994","longitude_centre":"2.6400001","distance_km":5.46},{"id":8310,"code_insee":"77517","nom_standard":"Villevaudé","nom_a":null,"nom_de":null,"slug_ville":"villevaude","departement_id":678,"code_postal":"77410","population":2132,"superficie_km2":"10.00","latitude_centre":"48.9119988","longitude_centre":"2.6619999","distance_km":5.58},{"id":8135,"code_insee":"77121","nom_standard":"Collégien","nom_a":null,"nom_de":null,"slug_ville":"collegien","departement_id":678,"code_postal":"77090","population":3334,"superficie_km2":"3.00","latitude_centre":"48.8269997","longitude_centre":"2.6770000","distance_km":5.66},{"id":8164,"code_insee":"77181","nom_standard":"Ferrières-en-Brie","nom_a":null,"nom_de":null,"slug_ville":"ferrieres-en-brie","departement_id":678,"code_postal":"77164","population":3841,"superficie_km2":"6.00","latitude_centre":"48.8199997","longitude_centre":"2.7079999","distance_km":5.9},{"id":8143,"code_insee":"77132","nom_standard":"Coupvray","nom_a":null,"nom_de":null,"slug_ville":"coupvray","departement_id":678,"code_postal":"77700","population":2949,"superficie_km2":"8.00","latitude_centre":"48.8860016","longitude_centre":"2.7939999","distance_km":6.31}]}