{"ville":{"id":8192,"code_insee":"77251","nom_standard":"Lieusaint","nom_a":null,"nom_de":null,"slug_ville":"lieusaint","departement_id":678,"code_postal":"77127","population":13808,"superficie_km2":"12.00","latitude_centre":"48.6259995","longitude_centre":"2.5500000","dep_code":"77","dep_nom":"Seine-et-Marne","dep_slug":"seine-et-marne","reg_code":"10","reg_nom":"Île-de-France","reg_slug":"ile-de-france"},"departement":{"code":"77","nom":"Seine-et-Marne","slug":"seine-et-marne"},"region":{"code":"10","nom":"Île-de-France","slug":"ile-de-france"},"villes_proches":[{"id":9606,"code_insee":"91617","nom_standard":"Tigery","nom_a":null,"nom_de":null,"slug_ville":"tigery","departement_id":692,"code_postal":"91250","population":4318,"superficie_km2":"9.00","latitude_centre":"48.6440010","longitude_centre":"2.5190001","distance_km":3.03},{"id":9598,"code_insee":"91573","nom_standard":"Saint-Pierre-du-Perray","nom_a":null,"nom_de":null,"slug_ville":"saint-pierre-du-perray","departement_id":692,"code_postal":"91280","population":11680,"superficie_km2":"12.00","latitude_centre":"48.6059990","longitude_centre":"2.5160000","distance_km":3.35},{"id":8215,"code_insee":"77296","nom_standard":"Moissy-Cramayel","nom_a":null,"nom_de":null,"slug_ville":"moissy-cramayel","departement_id":678,"code_postal":"77550","population":18248,"superficie_km2":"14.00","latitude_centre":"48.6290016","longitude_centre":"2.5960000","distance_km":3.4},{"id":8136,"code_insee":"77122","nom_standard":"Combs-la-Ville","nom_a":null,"nom_de":null,"slug_ville":"combs-la-ville","departement_id":678,"code_postal":"77380","population":22240,"superficie_km2":"15.00","latitude_centre":"48.6580010","longitude_centre":"2.5750000","distance_km":4},{"id":9595,"code_insee":"91553","nom_standard":"Saint-Germain-lès-Corbeil","nom_a":null,"nom_de":null,"slug_ville":"saint-germain-les-corbeil","departement_id":692,"code_postal":"91250","population":7472,"superficie_km2":"4.00","latitude_centre":"48.6259995","longitude_centre":"2.4909999","distance_km":4.34},{"id":8280,"code_insee":"77445","nom_standard":"Savigny-le-Temple","nom_a":null,"nom_de":null,"slug_ville":"savigny-le-temple","departement_id":678,"code_postal":"77176","population":30510,"superficie_km2":"12.00","latitude_centre":"48.5880013","longitude_centre":"2.5739999","distance_km":4.58},{"id":8229,"code_insee":"77326","nom_standard":"Nandy","nom_a":null,"nom_de":null,"slug_ville":"nandy","departement_id":678,"code_postal":"77176","population":6294,"superficie_km2":"9.00","latitude_centre":"48.5820007","longitude_centre":"2.5480001","distance_km":4.89},{"id":9587,"code_insee":"91514","nom_standard":"Quincy-sous-Sénart","nom_a":null,"nom_de":null,"slug_ville":"quincy-sous-senart","departement_id":692,"code_postal":"91480","population":9477,"superficie_km2":"5.00","latitude_centre":"48.6699982","longitude_centre":"2.5280001","distance_km":5.15},{"id":9599,"code_insee":"91577","nom_standard":"Saintry-sur-Seine","nom_a":null,"nom_de":null,"slug_ville":"saintry-sur-seine","departement_id":692,"code_postal":"91250","population":5829,"superficie_km2":"3.00","latitude_centre":"48.5929985","longitude_centre":"2.4940000","distance_km":5.52},{"id":9538,"code_insee":"91225","nom_standard":"Étiolles","nom_a":null,"nom_de":null,"slug_ville":"etiolles","departement_id":692,"code_postal":"91450","population":3086,"superficie_km2":"12.00","latitude_centre":"48.6500015","longitude_centre":"2.4830000","distance_km":5.6},{"id":8252,"code_insee":"77384","nom_standard":"Réau","nom_a":null,"nom_de":null,"slug_ville":"reau","departement_id":678,"code_postal":"77550","population":1966,"superficie_km2":"13.00","latitude_centre":"48.6069984","longitude_centre":"2.6240001","distance_km":5.84},{"id":9608,"code_insee":"91631","nom_standard":"Varennes-Jarcy","nom_a":null,"nom_de":null,"slug_ville":"varennes-jarcy","departement_id":692,"code_postal":"91480","population":2296,"superficie_km2":"6.00","latitude_centre":"48.6819992","longitude_centre":"2.5620000","distance_km":6.29},{"id":9527,"code_insee":"91174","nom_standard":"Corbeil-Essonnes","nom_a":null,"nom_de":null,"slug_ville":"corbeil-essonnes","departement_id":692,"code_postal":"91100","population":52683,"superficie_km2":"11.00","latitude_centre":"48.6040001","longitude_centre":"2.4690001","distance_km":6.44},{"id":9509,"code_insee":"91097","nom_standard":"Boussy-Saint-Antoine","nom_a":null,"nom_de":null,"slug_ville":"boussy-saint-antoine","departement_id":692,"code_postal":"91800","population":7980,"superficie_km2":"3.00","latitude_centre":"48.6899986","longitude_centre":"2.5339999","distance_km":7.21},{"id":9535,"code_insee":"91215","nom_standard":"Épinay-sous-Sénart","nom_a":null,"nom_de":null,"slug_ville":"epinay-sous-senart","departement_id":692,"code_postal":"91860","population":11869,"superficie_km2":"4.00","latitude_centre":"48.6870003","longitude_centre":"2.5160000","distance_km":7.23},{"id":8160,"code_insee":"77175","nom_standard":"Évry-Grégy-sur-Yerre","nom_a":null,"nom_de":null,"slug_ville":"evry-gregy-sur-yerre","departement_id":678,"code_postal":"77166","population":3150,"superficie_km2":"19.00","latitude_centre":"48.6539993","longitude_centre":"2.6400001","distance_km":7.31},{"id":9605,"code_insee":"91600","nom_standard":"Soisy-sur-Seine","nom_a":null,"nom_de":null,"slug_ville":"soisy-sur-seine","departement_id":692,"code_postal":"91450","population":7322,"superficie_km2":"9.00","latitude_centre":"48.6599999","longitude_centre":"2.4630001","distance_km":7.43},{"id":8109,"code_insee":"77067","nom_standard":"Cesson","nom_a":null,"nom_de":null,"slug_ville":"cesson","departement_id":678,"code_postal":"77240","population":11140,"superficie_km2":"7.00","latitude_centre":"48.5649986","longitude_centre":"2.5950000","distance_km":7.55},{"id":9730,"code_insee":"94056","nom_standard":"Périgny","nom_a":null,"nom_de":null,"slug_ville":"perigny","departement_id":695,"code_postal":"94520","population":2725,"superficie_km2":"3.00","latitude_centre":"48.6969986","longitude_centre":"2.5620000","distance_km":7.94},{"id":9540,"code_insee":"91228","nom_standard":"Évry-Courcouronnes","nom_a":null,"nom_de":null,"slug_ville":"evry-courcouronnes","departement_id":692,"code_postal":"91080","population":66177,"superficie_km2":"9.00","latitude_centre":"48.6300011","longitude_centre":"2.4400001","distance_km":8.1}]}