{"ville":{"id":8195,"code_insee":"77257","nom_standard":"Lizy-sur-Ourcq","nom_a":null,"nom_de":null,"slug_ville":"lizy-sur-ourcq","departement_id":678,"code_postal":"77440","population":3519,"superficie_km2":"11.00","latitude_centre":"49.0349999","longitude_centre":"3.0190001","dep_code":"77","dep_nom":"Seine-et-Marne","dep_slug":"seine-et-marne","reg_code":"10","reg_nom":"Île-de-France","reg_slug":"ile-de-france"},"departement":{"code":"77","nom":"Seine-et-Marne","slug":"seine-et-marne"},"region":{"code":"10","nom":"Île-de-France","slug":"ile-de-france"},"villes_proches":[{"id":8207,"code_insee":"77280","nom_standard":"Mary-sur-Marne","nom_a":null,"nom_de":null,"slug_ville":"mary-sur-marne","departement_id":678,"code_postal":"77440","population":1114,"superficie_km2":"2.00","latitude_centre":"49.0159988","longitude_centre":"3.0330000","distance_km":2.35},{"id":8139,"code_insee":"77126","nom_standard":"Congis-sur-Thérouanne","nom_a":null,"nom_de":null,"slug_ville":"congis-sur-therouanne","departement_id":678,"code_postal":"77440","population":1772,"superficie_km2":"15.00","latitude_centre":"49.0120010","longitude_centre":"2.9779999","distance_km":3.93},{"id":8090,"code_insee":"77008","nom_standard":"Armentières-en-Brie","nom_a":null,"nom_de":null,"slug_ville":"armentieres-en-brie","departement_id":678,"code_postal":"77440","population":1205,"superficie_km2":"7.00","latitude_centre":"48.9809990","longitude_centre":"3.0160000","distance_km":6.01},{"id":8172,"code_insee":"77203","nom_standard":"Germigny-l'Évêque","nom_a":null,"nom_de":null,"slug_ville":"germigny-l-eveque","departement_id":678,"code_postal":"77910","population":1345,"superficie_km2":"12.00","latitude_centre":"48.9860001","longitude_centre":"2.9579999","distance_km":7.03},{"id":8150,"code_insee":"77148","nom_standard":"Crouy-sur-Ourcq","nom_a":null,"nom_de":null,"slug_ville":"crouy-sur-ourcq","departement_id":678,"code_postal":"77840","population":1808,"superficie_km2":"19.00","latitude_centre":"49.0870018","longitude_centre":"3.0799999","distance_km":7.29},{"id":8299,"code_insee":"77483","nom_standard":"Varreddes","nom_a":null,"nom_de":null,"slug_ville":"varreddes","departement_id":678,"code_postal":"77910","population":2121,"superficie_km2":"8.00","latitude_centre":"49.0060005","longitude_centre":"2.9280000","distance_km":7.38},{"id":8117,"code_insee":"77084","nom_standard":"Changis-sur-Marne","nom_a":null,"nom_de":null,"slug_ville":"changis-sur-marne","departement_id":678,"code_postal":"77660","population":1386,"superficie_km2":"7.00","latitude_centre":"48.9659996","longitude_centre":"3.0250001","distance_km":7.68},{"id":8295,"code_insee":"77478","nom_standard":"Ussy-sur-Marne","nom_a":null,"nom_de":null,"slug_ville":"ussy-sur-marne","departement_id":678,"code_postal":"77260","population":1074,"superficie_km2":"14.00","latitude_centre":"48.9669991","longitude_centre":"3.0820000","distance_km":8.85},{"id":8294,"code_insee":"77475","nom_standard":"Trilport","nom_a":null,"nom_de":null,"slug_ville":"trilport","departement_id":678,"code_postal":"77470","population":5081,"superficie_km2":"11.00","latitude_centre":"48.9589996","longitude_centre":"2.9660001","distance_km":9.29},{"id":8113,"code_insee":"77077","nom_standard":"Chambry","nom_a":null,"nom_de":null,"slug_ville":"chambry","departement_id":678,"code_postal":"77910","population":1038,"superficie_km2":"10.00","latitude_centre":"48.9980011","longitude_centre":"2.8940001","distance_km":10},{"id":8114,"code_insee":"77078","nom_standard":"Chamigny","nom_a":null,"nom_de":null,"slug_ville":"chamigny","departement_id":678,"code_postal":"77260","population":1378,"superficie_km2":"14.00","latitude_centre":"48.9850006","longitude_centre":"3.1420000","distance_km":10.55},{"id":8267,"code_insee":"77415","nom_standard":"Saint-Jean-les-Deux-Jumeaux","nom_a":null,"nom_de":null,"slug_ville":"saint-jean-les-deux-jumeaux","departement_id":678,"code_postal":"77660","population":1285,"superficie_km2":"13.00","latitude_centre":"48.9389992","longitude_centre":"3.0270000","distance_km":10.69},{"id":8277,"code_insee":"77440","nom_standard":"Sammeron","nom_a":null,"nom_de":null,"slug_ville":"sammeron","departement_id":678,"code_postal":"77260","population":1143,"superficie_km2":"6.00","latitude_centre":"48.9420013","longitude_centre":"3.0769999","distance_km":11.17},{"id":8166,"code_insee":"77183","nom_standard":"La Ferté-sous-Jouarre","nom_a":null,"nom_de":null,"slug_ville":"la-ferte-sous-jouarre","departement_id":678,"code_postal":"77260","population":9714,"superficie_km2":"10.00","latitude_centre":"48.9539986","longitude_centre":"3.1280000","distance_km":12.02},{"id":8171,"code_insee":"77199","nom_standard":"Fublaines","nom_a":null,"nom_de":null,"slug_ville":"fublaines","departement_id":678,"code_postal":"77470","population":1391,"superficie_km2":"6.00","latitude_centre":"48.9389992","longitude_centre":"2.9410000","distance_km":12.1},{"id":6105,"code_insee":"60380","nom_standard":"Mareuil-sur-Ourcq","nom_a":null,"nom_de":null,"slug_ville":"mareuil-sur-ourcq","departement_id":661,"code_postal":"60890","population":1599,"superficie_km2":"10.00","latitude_centre":"49.1389999","longitude_centre":"3.0730000","distance_km":12.21},{"id":8208,"code_insee":"77284","nom_standard":"Meaux","nom_a":null,"nom_de":null,"slug_ville":"meaux","departement_id":678,"code_postal":"77100","population":55616,"superficie_km2":"15.00","latitude_centre":"48.9570007","longitude_centre":"2.9000001","distance_km":12.27},{"id":8148,"code_insee":"77143","nom_standard":"Crégy-lès-Meaux","nom_a":null,"nom_de":null,"slug_ville":"cregy-les-meaux","departement_id":678,"code_postal":"77124","population":5354,"superficie_km2":"4.00","latitude_centre":"48.9780006","longitude_centre":"2.8740001","distance_km":12.33},{"id":8241,"code_insee":"77358","nom_standard":"Penchard","nom_a":null,"nom_de":null,"slug_ville":"penchard","departement_id":678,"code_postal":"77124","population":1354,"superficie_km2":"4.00","latitude_centre":"48.9910011","longitude_centre":"2.8580000","distance_km":12.72},{"id":243,"code_insee":"02521","nom_standard":"Montreuil-aux-Lions","nom_a":null,"nom_de":null,"slug_ville":"montreuil-aux-lions","departement_id":602,"code_postal":"02310","population":1351,"superficie_km2":"13.00","latitude_centre":"49.0260010","longitude_centre":"3.1940000","distance_km":12.8}]}