{"ville":{"id":8391,"code_insee":"78356","nom_standard":"Magny-les-Hameaux","nom_a":null,"nom_de":null,"slug_ville":"magny-les-hameaux","departement_id":679,"code_postal":"78114","population":9385,"superficie_km2":"17.00","latitude_centre":"48.7410011","longitude_centre":"2.0520000","dep_code":"78","dep_nom":"Yvelines","dep_slug":"yvelines","reg_code":"10","reg_nom":"Île-de-France","reg_slug":"ile-de-france"},"departement":{"code":"78","nom":"Yvelines","slug":"yvelines"},"region":{"code":"10","nom":"Île-de-France","slug":"ile-de-france"},"villes_proches":[{"id":8459,"code_insee":"78688","nom_standard":"Voisins-le-Bretonneux","nom_a":null,"nom_de":null,"slug_ville":"voisins-le-bretonneux","departement_id":679,"code_postal":"78960","population":10721,"superficie_km2":"4.00","latitude_centre":"48.7589989","longitude_centre":"2.0480001","distance_km":2.02},{"id":8347,"code_insee":"78143","nom_standard":"Châteaufort","nom_a":null,"nom_de":null,"slug_ville":"chateaufort","departement_id":679,"code_postal":"78117","population":1515,"superficie_km2":"5.00","latitude_centre":"48.7389984","longitude_centre":"2.0950000","distance_km":3.16},{"id":8351,"code_insee":"78160","nom_standard":"Chevreuse","nom_a":null,"nom_de":null,"slug_ville":"chevreuse","departement_id":679,"code_postal":"78460","population":5536,"superficie_km2":"14.00","latitude_centre":"48.7070007","longitude_centre":"2.0369999","distance_km":3.94},{"id":8376,"code_insee":"78297","nom_standard":"Guyancourt","nom_a":null,"nom_de":null,"slug_ville":"guyancourt","departement_id":679,"code_postal":"78280","population":29406,"superficie_km2":"13.00","latitude_centre":"48.7729988","longitude_centre":"2.0760000","distance_km":3.97},{"id":8437,"code_insee":"78575","nom_standard":"Saint-Rémy-lès-Chevreuse","nom_a":null,"nom_de":null,"slug_ville":"saint-remy-les-chevreuse","departement_id":679,"code_postal":"78470","population":7747,"superficie_km2":"10.00","latitude_centre":"48.7039986","longitude_centre":"2.0790000","distance_km":4.57},{"id":8411,"code_insee":"78423","nom_standard":"Montigny-le-Bretonneux","nom_a":null,"nom_de":null,"slug_ville":"montigny-le-bretonneux","departement_id":679,"code_postal":"78180","population":31777,"superficie_km2":"11.00","latitude_centre":"48.7799988","longitude_centre":"2.0300000","distance_km":4.63},{"id":8445,"code_insee":"78620","nom_standard":"Toussus-le-Noble","nom_a":null,"nom_de":null,"slug_ville":"toussus-le-noble","departement_id":679,"code_postal":"78117","population":1157,"superficie_km2":"4.00","latitude_centre":"48.7470017","longitude_centre":"2.1180000","distance_km":4.89},{"id":9620,"code_insee":"91679","nom_standard":"Villiers-le-Bâcle","nom_a":null,"nom_de":null,"slug_ville":"villiers-le-bacle","departement_id":692,"code_postal":"91190","population":1097,"superficie_km2":"6.00","latitude_centre":"48.7290001","longitude_centre":"2.1220000","distance_km":5.3},{"id":8446,"code_insee":"78621","nom_standard":"Trappes","nom_a":null,"nom_de":null,"slug_ville":"trappes","departement_id":679,"code_postal":"78190","population":33717,"superficie_km2":"14.00","latitude_centre":"48.7750015","longitude_centre":"1.9930000","distance_km":5.74},{"id":8337,"code_insee":"78117","nom_standard":"Buc","nom_a":null,"nom_de":null,"slug_ville":"buc","departement_id":679,"code_postal":"78530","population":5920,"superficie_km2":"8.00","latitude_centre":"48.7719994","longitude_centre":"2.1240001","distance_km":6.3},{"id":8405,"code_insee":"78397","nom_standard":"Le Mesnil-Saint-Denis","nom_a":null,"nom_de":null,"slug_ville":"le-mesnil-saint-denis","departement_id":679,"code_postal":"78320","population":6929,"superficie_km2":"9.00","latitude_centre":"48.7400017","longitude_centre":"1.9660000","distance_km":6.31},{"id":8387,"code_insee":"78343","nom_standard":"Les Loges-en-Josas","nom_a":null,"nom_de":null,"slug_ville":"les-loges-en-josas","departement_id":679,"code_postal":"78350","population":1646,"superficie_km2":"2.00","latitude_centre":"48.7620010","longitude_centre":"2.1389999","distance_km":6.79},{"id":9546,"code_insee":"91272","nom_standard":"Gif-sur-Yvette","nom_a":null,"nom_de":null,"slug_ville":"gif-sur-yvette","departement_id":692,"code_postal":"91190","population":22352,"superficie_km2":"12.00","latitude_centre":"48.6990013","longitude_centre":"2.1280000","distance_km":7.27},{"id":8330,"code_insee":"78073","nom_standard":"Bois-d'Arcy","nom_a":null,"nom_de":null,"slug_ville":"bois-d-arcy","departement_id":679,"code_postal":"78390","population":15435,"superficie_km2":"6.00","latitude_centre":"48.8040009","longitude_centre":"2.0190001","distance_km":7.41},{"id":8432,"code_insee":"78545","nom_standard":"Saint-Cyr-l'École","nom_a":null,"nom_de":null,"slug_ville":"saint-cyr-l-ecole","departement_id":679,"code_postal":"78210","population":20971,"superficie_km2":"5.00","latitude_centre":"48.8069992","longitude_centre":"2.0660000","distance_km":7.41},{"id":8452,"code_insee":"78644","nom_standard":"La Verrière","nom_a":null,"nom_de":null,"slug_ville":"la-verriere","departement_id":679,"code_postal":"78320","population":6183,"superficie_km2":"2.00","latitude_centre":"48.7550011","longitude_centre":"1.9510000","distance_km":7.57},{"id":9571,"code_insee":"91411","nom_standard":"Les Molières","nom_a":null,"nom_de":null,"slug_ville":"les-molieres","departement_id":692,"code_postal":"91470","population":1896,"superficie_km2":"7.00","latitude_centre":"48.6720009","longitude_centre":"2.0730000","distance_km":7.83},{"id":8360,"code_insee":"78208","nom_standard":"Élancourt","nom_a":null,"nom_de":null,"slug_ville":"elancourt","departement_id":679,"code_postal":"78990","population":26082,"superficie_km2":"9.00","latitude_centre":"48.7779999","longitude_centre":"1.9600000","distance_km":7.9},{"id":9591,"code_insee":"91534","nom_standard":"Saclay","nom_a":null,"nom_de":null,"slug_ville":"saclay","departement_id":692,"code_postal":"91400","population":4323,"superficie_km2":"14.00","latitude_centre":"48.7350006","longitude_centre":"2.1659999","distance_km":8.39},{"id":8453,"code_insee":"78646","nom_standard":"Versailles","nom_a":null,"nom_de":null,"slug_ville":"versailles","departement_id":679,"code_postal":"78000","population":83587,"superficie_km2":"26.00","latitude_centre":"48.8030014","longitude_centre":"2.1180000","distance_km":8.42}]}