{"ville":{"id":8392,"code_insee":"78358","nom_standard":"Maisons-Laffitte","nom_a":null,"nom_de":null,"slug_ville":"maisons-laffitte","departement_id":679,"code_postal":"78600","population":23080,"superficie_km2":"7.00","latitude_centre":"48.9519997","longitude_centre":"2.1520000","dep_code":"78","dep_nom":"Yvelines","dep_slug":"yvelines","reg_code":"10","reg_nom":"Île-de-France","reg_slug":"ile-de-france"},"departement":{"code":"78","nom":"Yvelines","slug":"yvelines"},"region":{"code":"10","nom":"Île-de-France","slug":"ile-de-france"},"villes_proches":[{"id":8439,"code_insee":"78586","nom_standard":"Sartrouville","nom_a":null,"nom_de":null,"slug_ville":"sartrouville","departement_id":679,"code_postal":"78500","population":51220,"superficie_km2":"8.00","latitude_centre":"48.9399986","longitude_centre":"2.1750000","distance_km":2.15},{"id":9788,"code_insee":"95257","nom_standard":"La Frette-sur-Seine","nom_a":null,"nom_de":null,"slug_ville":"la-frette-sur-seine","departement_id":696,"code_postal":"95530","population":4621,"superficie_km2":"2.00","latitude_centre":"48.9739990","longitude_centre":"2.1780000","distance_km":3.1},{"id":8404,"code_insee":"78396","nom_standard":"Le Mesnil-le-Roi","nom_a":null,"nom_de":null,"slug_ville":"le-mesnil-le-roi","departement_id":679,"code_postal":"78600","population":6322,"superficie_km2":"4.00","latitude_centre":"48.9259987","longitude_centre":"2.1220000","distance_km":3.63},{"id":8379,"code_insee":"78311","nom_standard":"Houilles","nom_a":null,"nom_de":null,"slug_ville":"houilles","departement_id":679,"code_postal":"78800","population":33449,"superficie_km2":"4.00","latitude_centre":"48.9269981","longitude_centre":"2.1880000","distance_km":3.83},{"id":9772,"code_insee":"95176","nom_standard":"Cormeilles-en-Parisis","nom_a":null,"nom_de":null,"slug_ville":"cormeilles-en-parisis","departement_id":696,"code_postal":"95240","population":26741,"superficie_km2":"8.00","latitude_centre":"48.9679985","longitude_centre":"2.1989999","distance_km":3.87},{"id":8409,"code_insee":"78418","nom_standard":"Montesson","nom_a":null,"nom_de":null,"slug_ville":"montesson","departement_id":679,"code_postal":"78360","population":14511,"superficie_km2":"7.00","latitude_centre":"48.9169998","longitude_centre":"2.1400001","distance_km":3.99},{"id":8434,"code_insee":"78551","nom_standard":"Saint-Germain-en-Laye","nom_a":null,"nom_de":null,"slug_ville":"saint-germain-en-laye","departement_id":679,"code_postal":"78112","population":44380,"superficie_km2":"49.00","latitude_centre":"48.9410019","longitude_centre":"2.0990000","distance_km":4.06},{"id":8341,"code_insee":"78124","nom_standard":"Carrières-sur-Seine","nom_a":null,"nom_de":null,"slug_ville":"carrieres-sur-seine","departement_id":679,"code_postal":"78420","population":15038,"superficie_km2":"5.00","latitude_centre":"48.9119988","longitude_centre":"2.1780000","distance_km":4.84},{"id":8318,"code_insee":"78005","nom_standard":"Achères","nom_a":null,"nom_de":null,"slug_ville":"acheres","departement_id":679,"code_postal":"78260","population":21368,"superficie_km2":"10.00","latitude_centre":"48.9720001","longitude_centre":"2.0899999","distance_km":5.04},{"id":9762,"code_insee":"95063","nom_standard":"Bezons","nom_a":null,"nom_de":null,"slug_ville":"bezons","departement_id":696,"code_postal":"95870","population":32017,"superficie_km2":"4.00","latitude_centre":"48.9259987","longitude_centre":"2.2110000","distance_km":5.19},{"id":9793,"code_insee":"95306","nom_standard":"Herblay-sur-Seine","nom_a":null,"nom_de":null,"slug_ville":"herblay-sur-seine","departement_id":696,"code_postal":"95220","population":31605,"superficie_km2":"13.00","latitude_centre":"49.0009995","longitude_centre":"2.1500001","distance_km":5.45},{"id":9807,"code_insee":"95424","nom_standard":"Montigny-lès-Cormeilles","nom_a":null,"nom_de":null,"slug_ville":"montigny-les-cormeilles","departement_id":696,"code_postal":"95370","population":22603,"superficie_km2":"4.00","latitude_centre":"48.9939995","longitude_centre":"2.1940000","distance_km":5.59},{"id":8348,"code_insee":"78146","nom_standard":"Chatou","nom_a":null,"nom_de":null,"slug_ville":"chatou","departement_id":679,"code_postal":"78400","population":29649,"superficie_km2":"5.00","latitude_centre":"48.8969994","longitude_centre":"2.1540000","distance_km":6.12},{"id":9751,"code_insee":"95018","nom_standard":"Argenteuil","nom_a":null,"nom_de":null,"slug_ville":"argenteuil","departement_id":696,"code_postal":"95100","population":107221,"superficie_km2":"17.00","latitude_centre":"48.9510002","longitude_centre":"2.2409999","distance_km":6.5},{"id":8355,"code_insee":"78172","nom_standard":"Conflans-Sainte-Honorine","nom_a":null,"nom_de":null,"slug_ville":"conflans-sainte-honorine","departement_id":679,"code_postal":"78700","population":35926,"superficie_km2":"10.00","latitude_centre":"49.0000000","longitude_centre":"2.0990000","distance_km":6.59},{"id":9786,"code_insee":"95252","nom_standard":"Franconville","nom_a":null,"nom_de":null,"slug_ville":"franconville","departement_id":696,"code_postal":"95130","population":37520,"superficie_km2":"6.00","latitude_centre":"48.9879990","longitude_centre":"2.2240000","distance_km":6.61},{"id":8454,"code_insee":"78650","nom_standard":"Le Vésinet","nom_a":null,"nom_de":null,"slug_ville":"le-vesinet","departement_id":679,"code_postal":"78110","population":15646,"superficie_km2":"5.00","latitude_centre":"48.8940010","longitude_centre":"2.1300001","distance_km":6.65},{"id":8420,"code_insee":"78481","nom_standard":"Le Pecq","nom_a":null,"nom_de":null,"slug_ville":"le-pecq","departement_id":679,"code_postal":"78230","population":15832,"superficie_km2":"3.00","latitude_centre":"48.8940010","longitude_centre":"2.1050000","distance_km":7.31},{"id":9649,"code_insee":"92050","nom_standard":"Nanterre","nom_a":null,"nom_de":null,"slug_ville":"nanterre","departement_id":693,"code_postal":"92000","population":97351,"superficie_km2":"12.00","latitude_centre":"48.8959999","longitude_centre":"2.2070000","distance_km":7.41},{"id":9818,"code_insee":"95488","nom_standard":"Pierrelaye","nom_a":null,"nom_de":null,"slug_ville":"pierrelaye","departement_id":696,"code_postal":"95220","population":9998,"superficie_km2":"9.00","latitude_centre":"49.0190010","longitude_centre":"2.1610000","distance_km":7.48}]}