{"ville":{"id":9723,"code_insee":"94046","nom_standard":"Maisons-Alfort","nom_a":null,"nom_de":null,"slug_ville":"maisons-alfort","departement_id":695,"code_postal":"94700","population":58068,"superficie_km2":"5.00","latitude_centre":"48.8059998","longitude_centre":"2.4380000","dep_code":"94","dep_nom":"Val-de-Marne","dep_slug":"val-de-marne","reg_code":"10","reg_nom":"Île-de-France","reg_slug":"ile-de-france"},"departement":{"code":"94","nom":"Val-de-Marne","slug":"val-de-marne"},"region":{"code":"10","nom":"Île-de-France","slug":"ile-de-france"},"villes_proches":[{"id":9737,"code_insee":"94069","nom_standard":"Saint-Maurice","nom_a":null,"nom_de":null,"slug_ville":"saint-maurice","departement_id":695,"code_postal":"94410","population":14603,"superficie_km2":"1.00","latitude_centre":"48.8180008","longitude_centre":"2.4380000","distance_km":1.33},{"id":9703,"code_insee":"94002","nom_standard":"Alfortville","nom_a":null,"nom_de":null,"slug_ville":"alfortville","departement_id":695,"code_postal":"94140","population":45046,"superficie_km2":"4.00","latitude_centre":"48.7960014","longitude_centre":"2.4210000","distance_km":1.67},{"id":9714,"code_insee":"94028","nom_standard":"Créteil","nom_a":null,"nom_de":null,"slug_ville":"creteil","departement_id":695,"code_postal":"94000","population":92989,"superficie_km2":"11.00","latitude_centre":"48.7840004","longitude_centre":"2.4549999","distance_km":2.74},{"id":9720,"code_insee":"94042","nom_standard":"Joinville-le-Pont","nom_a":null,"nom_de":null,"slug_ville":"joinville-le-pont","departement_id":695,"code_postal":"94340","population":20413,"superficie_km2":"2.00","latitude_centre":"48.8190002","longitude_centre":"2.4700000","distance_km":2.75},{"id":9710,"code_insee":"94018","nom_standard":"Charenton-le-Pont","nom_a":null,"nom_de":null,"slug_ville":"charenton-le-pont","departement_id":695,"code_postal":"94220","population":29445,"superficie_km2":"2.00","latitude_centre":"48.8230019","longitude_centre":"2.4080000","distance_km":2.9},{"id":9719,"code_insee":"94041","nom_standard":"Ivry-sur-Seine","nom_a":null,"nom_de":null,"slug_ville":"ivry-sur-seine","departement_id":695,"code_postal":"94200","population":64001,"superficie_km2":"6.00","latitude_centre":"48.8129997","longitude_centre":"2.3880000","distance_km":3.74},{"id":9748,"code_insee":"94081","nom_standard":"Vitry-sur-Seine","nom_a":null,"nom_de":null,"slug_ville":"vitry-sur-seine","departement_id":695,"code_postal":"94400","population":96205,"superficie_km2":"12.00","latitude_centre":"48.7879982","longitude_centre":"2.3940001","distance_km":3.79},{"id":9736,"code_insee":"94068","nom_standard":"Saint-Maur-des-Fossés","nom_a":null,"nom_de":null,"slug_ville":"saint-maur-des-fosses","departement_id":695,"code_postal":"94210","population":75441,"superficie_km2":"11.00","latitude_centre":"48.7989998","longitude_centre":"2.4940000","distance_km":4.17},{"id":9735,"code_insee":"94067","nom_standard":"Saint-Mandé","nom_a":null,"nom_de":null,"slug_ville":"saint-mande","departement_id":695,"code_postal":"94160","population":21195,"superficie_km2":"1.00","latitude_centre":"48.8419991","longitude_centre":"2.4189999","distance_km":4.24},{"id":9747,"code_insee":"94080","nom_standard":"Vincennes","nom_a":null,"nom_de":null,"slug_ville":"vincennes","departement_id":695,"code_postal":"94300","population":48798,"superficie_km2":"2.00","latitude_centre":"48.8470001","longitude_centre":"2.4380000","distance_km":4.56},{"id":9726,"code_insee":"94052","nom_standard":"Nogent-sur-Marne","nom_a":null,"nom_de":null,"slug_ville":"nogent-sur-marne","departement_id":695,"code_postal":"94130","population":33472,"superficie_km2":"3.00","latitude_centre":"48.8370018","longitude_centre":"2.4820001","distance_km":4.72},{"id":9713,"code_insee":"94022","nom_standard":"Choisy-le-Roi","nom_a":null,"nom_de":null,"slug_ville":"choisy-le-roi","departement_id":695,"code_postal":"94600","population":46129,"superficie_km2":"5.00","latitude_centre":"48.7639999","longitude_centre":"2.4170001","distance_km":4.92},{"id":9706,"code_insee":"94011","nom_standard":"Bonneuil-sur-Marne","nom_a":null,"nom_de":null,"slug_ville":"bonneuil-sur-marne","departement_id":695,"code_postal":"94380","population":18750,"superficie_km2":"6.00","latitude_centre":"48.7729988","longitude_centre":"2.4879999","distance_km":5.18},{"id":9715,"code_insee":"94033","nom_standard":"Fontenay-sous-Bois","nom_a":null,"nom_de":null,"slug_ville":"fontenay-sous-bois","departement_id":695,"code_postal":"94120","population":51812,"superficie_km2":"6.00","latitude_centre":"48.8510017","longitude_centre":"2.4740000","distance_km":5.66},{"id":9743,"code_insee":"94076","nom_standard":"Villejuif","nom_a":null,"nom_de":null,"slug_ville":"villejuif","departement_id":695,"code_postal":"94800","population":57753,"superficie_km2":"5.00","latitude_centre":"48.7929993","longitude_centre":"2.3599999","distance_km":5.89},{"id":9709,"code_insee":"94017","nom_standard":"Champigny-sur-Marne","nom_a":null,"nom_de":null,"slug_ville":"champigny-sur-marne","departement_id":695,"code_postal":"94500","population":77724,"superficie_km2":"11.00","latitude_centre":"48.8170013","longitude_centre":"2.5170000","distance_km":5.91},{"id":9721,"code_insee":"94043","nom_standard":"Le Kremlin-Bicêtre","nom_a":null,"nom_de":null,"slug_ville":"le-kremlin-bicetre","departement_id":695,"code_postal":"94270","population":24380,"superficie_km2":"2.00","latitude_centre":"48.8089981","longitude_centre":"2.3570001","distance_km":5.94},{"id":9741,"code_insee":"94074","nom_standard":"Valenton","nom_a":null,"nom_de":null,"slug_ville":"valenton","departement_id":695,"code_postal":"94460","population":14482,"superficie_km2":"5.00","latitude_centre":"48.7529984","longitude_centre":"2.4610000","distance_km":6.13},{"id":9731,"code_insee":"94058","nom_standard":"Le Perreux-sur-Marne","nom_a":null,"nom_de":null,"slug_ville":"le-perreux-sur-marne","departement_id":695,"code_postal":"94170","population":34213,"superficie_km2":"4.00","latitude_centre":"48.8419991","longitude_centre":"2.5039999","distance_km":6.27},{"id":9740,"code_insee":"94073","nom_standard":"Thiais","nom_a":null,"nom_de":null,"slug_ville":"thiais","departement_id":695,"code_postal":"94320","population":31097,"superficie_km2":"6.00","latitude_centre":"48.7610016","longitude_centre":"2.3850000","distance_km":6.33}]}