{"ville":{"id":8212,"code_insee":"77292","nom_standard":"Messy","nom_a":null,"nom_de":null,"slug_ville":"messy","departement_id":678,"code_postal":"77410","population":1213,"superficie_km2":"10.00","latitude_centre":"48.9669991","longitude_centre":"2.7010000","dep_code":"77","dep_nom":"Seine-et-Marne","dep_slug":"seine-et-marne","reg_code":"10","reg_nom":"Île-de-France","reg_slug":"ile-de-france"},"departement":{"code":"77","nom":"Seine-et-Marne","slug":"seine-et-marne"},"region":{"code":"10","nom":"Île-de-France","slug":"ile-de-france"},"villes_proches":[{"id":8134,"code_insee":"77118","nom_standard":"Claye-Souilly","nom_a":null,"nom_de":null,"slug_ville":"claye-souilly","departement_id":678,"code_postal":"77410","population":12282,"superficie_km2":"15.00","latitude_centre":"48.9430008","longitude_centre":"2.6750000","distance_km":3.27},{"id":8121,"code_insee":"77095","nom_standard":"Charny","nom_a":null,"nom_de":null,"slug_ville":"charny","departement_id":678,"code_postal":"77410","population":1575,"superficie_km2":"13.00","latitude_centre":"48.9700012","longitude_centre":"2.7560000","distance_km":4.03},{"id":8089,"code_insee":"77005","nom_standard":"Annet-sur-Marne","nom_a":null,"nom_de":null,"slug_ville":"annet-sur-marne","departement_id":678,"code_postal":"77410","population":3317,"superficie_km2":"13.00","latitude_centre":"48.9220009","longitude_centre":"2.7079999","distance_km":5.03},{"id":8189,"code_insee":"77241","nom_standard":"Juilly","nom_a":null,"nom_de":null,"slug_ville":"juilly","departement_id":678,"code_postal":"77230","population":2020,"superficie_km2":"8.00","latitude_centre":"49.0219994","longitude_centre":"2.7060001","distance_km":6.13},{"id":8213,"code_insee":"77294","nom_standard":"Mitry-Mory","nom_a":null,"nom_de":null,"slug_ville":"mitry-mory","departement_id":678,"code_postal":"77290","population":20627,"superficie_km2":"30.00","latitude_centre":"48.9780006","longitude_centre":"2.6120000","distance_km":6.61},{"id":8309,"code_insee":"77514","nom_standard":"Villeparisis","nom_a":null,"nom_de":null,"slug_ville":"villeparisis","departement_id":678,"code_postal":"77270","population":26822,"superficie_km2":"8.00","latitude_centre":"48.9420013","longitude_centre":"2.6170001","distance_km":6.73},{"id":8310,"code_insee":"77517","nom_standard":"Villevaudé","nom_a":null,"nom_de":null,"slug_ville":"villevaude","departement_id":678,"code_postal":"77410","population":2132,"superficie_km2":"10.00","latitude_centre":"48.9119988","longitude_centre":"2.6619999","distance_km":6.75},{"id":8243,"code_insee":"77363","nom_standard":"Le Pin","nom_a":null,"nom_de":null,"slug_ville":"le-pin","departement_id":678,"code_postal":"77181","population":1548,"superficie_km2":"7.00","latitude_centre":"48.9140015","longitude_centre":"2.6280000","distance_km":7.95},{"id":8269,"code_insee":"77420","nom_standard":"Saint-Mard","nom_a":null,"nom_de":null,"slug_ville":"saint-mard","departement_id":678,"code_postal":"77230","population":3847,"superficie_km2":"6.00","latitude_centre":"49.0390015","longitude_centre":"2.6970000","distance_km":8.01},{"id":8290,"code_insee":"77464","nom_standard":"Thorigny-sur-Marne","nom_a":null,"nom_de":null,"slug_ville":"thorigny-sur-marne","departement_id":678,"code_postal":"77400","population":10405,"superficie_km2":"5.00","latitude_centre":"48.8919983","longitude_centre":"2.7119999","distance_km":8.38},{"id":8154,"code_insee":"77155","nom_standard":"Dampmart","nom_a":null,"nom_de":null,"slug_ville":"dampmart","departement_id":678,"code_postal":"77400","population":3586,"superficie_km2":"6.00","latitude_centre":"48.8940010","longitude_centre":"2.7460001","distance_km":8.76},{"id":8145,"code_insee":"77139","nom_standard":"Courtry","nom_a":null,"nom_de":null,"slug_ville":"courtry","departement_id":678,"code_postal":"77181","population":6885,"superficie_km2":"4.00","latitude_centre":"48.9169998","longitude_centre":"2.6029999","distance_km":9.06},{"id":8245,"code_insee":"77372","nom_standard":"Pomponne","nom_a":null,"nom_de":null,"slug_ville":"pomponne","departement_id":678,"code_postal":"77400","population":4158,"superficie_km2":"7.00","latitude_centre":"48.8870010","longitude_centre":"2.6750000","distance_km":9.1},{"id":8211,"code_insee":"77291","nom_standard":"Le Mesnil-Amelot","nom_a":null,"nom_de":null,"slug_ville":"le-mesnil-amelot","departement_id":678,"code_postal":"77990","population":1016,"superficie_km2":"10.00","latitude_centre":"49.0159988","longitude_centre":"2.5960000","distance_km":9.4},{"id":8112,"code_insee":"77075","nom_standard":"Chalifert","nom_a":null,"nom_de":null,"slug_ville":"chalifert","departement_id":678,"code_postal":"77144","population":1482,"superficie_km2":"2.00","latitude_centre":"48.8950005","longitude_centre":"2.7730000","distance_km":9.58},{"id":8233,"code_insee":"77335","nom_standard":"Chauconin-Neufmontiers","nom_a":null,"nom_de":null,"slug_ville":"chauconin-neufmontiers","departement_id":678,"code_postal":"77124","population":3655,"superficie_km2":"17.00","latitude_centre":"48.9720001","longitude_centre":"2.8320000","distance_km":9.58},{"id":9698,"code_insee":"93074","nom_standard":"Vaujours","nom_a":null,"nom_de":null,"slug_ville":"vaujours","departement_id":694,"code_postal":"93410","population":7478,"superficie_km2":"4.00","latitude_centre":"48.9319992","longitude_centre":"2.5810001","distance_km":9.59},{"id":8104,"code_insee":"77055","nom_standard":"Brou-sur-Chantereine","nom_a":null,"nom_de":null,"slug_ville":"brou-sur-chantereine","departement_id":678,"code_postal":"77177","population":4992,"superficie_km2":"4.00","latitude_centre":"48.8899994","longitude_centre":"2.6400001","distance_km":9.65},{"id":8152,"code_insee":"77153","nom_standard":"Dammartin-en-Goële","nom_a":null,"nom_de":null,"slug_ville":"dammartin-en-goele","departement_id":678,"code_postal":"77230","population":11272,"superficie_km2":"9.00","latitude_centre":"49.0540009","longitude_centre":"2.6789999","distance_km":9.81},{"id":8197,"code_insee":"77259","nom_standard":"Longperrier","nom_a":null,"nom_de":null,"slug_ville":"longperrier","departement_id":678,"code_postal":"77230","population":2669,"superficie_km2":"5.00","latitude_centre":"49.0509987","longitude_centre":"2.6550000","distance_km":9.92}]}