{"ville":{"id":9807,"code_insee":"95424","nom_standard":"Montigny-lès-Cormeilles","nom_a":null,"nom_de":null,"slug_ville":"montigny-les-cormeilles","departement_id":696,"code_postal":"95370","population":22603,"superficie_km2":"4.00","latitude_centre":"48.9939995","longitude_centre":"2.1940000","dep_code":"95","dep_nom":"Val-d'Oise","dep_slug":"val-d-oise","reg_code":"10","reg_nom":"Île-de-France","reg_slug":"ile-de-france"},"departement":{"code":"95","nom":"Val-d'Oise","slug":"val-d-oise"},"region":{"code":"10","nom":"Île-de-France","slug":"ile-de-france"},"villes_proches":[{"id":9786,"code_insee":"95252","nom_standard":"Franconville","nom_a":null,"nom_de":null,"slug_ville":"franconville","departement_id":696,"code_postal":"95130","population":37520,"superficie_km2":"6.00","latitude_centre":"48.9879990","longitude_centre":"2.2240000","distance_km":2.29},{"id":9757,"code_insee":"95051","nom_standard":"Beauchamp","nom_a":null,"nom_de":null,"slug_ville":"beauchamp","departement_id":696,"code_postal":"95250","population":9158,"superficie_km2":"3.00","latitude_centre":"49.0149994","longitude_centre":"2.1919999","distance_km":2.34},{"id":9788,"code_insee":"95257","nom_standard":"La Frette-sur-Seine","nom_a":null,"nom_de":null,"slug_ville":"la-frette-sur-seine","departement_id":696,"code_postal":"95530","population":4621,"superficie_km2":"2.00","latitude_centre":"48.9739990","longitude_centre":"2.1780000","distance_km":2.51},{"id":9772,"code_insee":"95176","nom_standard":"Cormeilles-en-Parisis","nom_a":null,"nom_de":null,"slug_ville":"cormeilles-en-parisis","departement_id":696,"code_postal":"95240","population":26741,"superficie_km2":"8.00","latitude_centre":"48.9679985","longitude_centre":"2.1989999","distance_km":2.91},{"id":9819,"code_insee":"95491","nom_standard":"Le Plessis-Bouchard","nom_a":null,"nom_de":null,"slug_ville":"le-plessis-bouchard","departement_id":696,"code_postal":"95130","population":8393,"superficie_km2":"3.00","latitude_centre":"49.0029984","longitude_centre":"2.2340000","distance_km":3.08},{"id":9793,"code_insee":"95306","nom_standard":"Herblay-sur-Seine","nom_a":null,"nom_de":null,"slug_ville":"herblay-sur-seine","departement_id":696,"code_postal":"95220","population":31605,"superficie_km2":"13.00","latitude_centre":"49.0009995","longitude_centre":"2.1500001","distance_km":3.3},{"id":9818,"code_insee":"95488","nom_standard":"Pierrelaye","nom_a":null,"nom_de":null,"slug_ville":"pierrelaye","departement_id":696,"code_postal":"95220","population":9998,"superficie_km2":"9.00","latitude_centre":"49.0190010","longitude_centre":"2.1610000","distance_km":3.68},{"id":9838,"code_insee":"95607","nom_standard":"Taverny","nom_a":null,"nom_de":null,"slug_ville":"taverny","departement_id":696,"code_postal":"95150","population":27025,"superficie_km2":"10.00","latitude_centre":"49.0270004","longitude_centre":"2.2210000","distance_km":4.16},{"id":9782,"code_insee":"95219","nom_standard":"Ermont","nom_a":null,"nom_de":null,"slug_ville":"ermont","departement_id":696,"code_postal":"95120","population":28987,"superficie_km2":"4.00","latitude_centre":"48.9879990","longitude_centre":"2.2570000","distance_km":4.64},{"id":9761,"code_insee":"95060","nom_standard":"Bessancourt","nom_a":null,"nom_de":null,"slug_ville":"bessancourt","departement_id":696,"code_postal":"95550","population":8172,"superficie_km2":"6.00","latitude_centre":"49.0369988","longitude_centre":"2.1980000","distance_km":4.79},{"id":9827,"code_insee":"95563","nom_standard":"Saint-Leu-la-Forêt","nom_a":null,"nom_de":null,"slug_ville":"saint-leu-la-foret","departement_id":696,"code_postal":"95320","population":15979,"superficie_km2":"5.00","latitude_centre":"49.0200005","longitude_centre":"2.2470000","distance_km":4.83},{"id":9832,"code_insee":"95582","nom_standard":"Sannois","nom_a":null,"nom_de":null,"slug_ville":"sannois","departement_id":696,"code_postal":"95110","population":26768,"superficie_km2":"5.00","latitude_centre":"48.9720001","longitude_centre":"2.2530000","distance_km":4.95},{"id":8392,"code_insee":"78358","nom_standard":"Maisons-Laffitte","nom_a":null,"nom_de":null,"slug_ville":"maisons-laffitte","departement_id":679,"code_postal":"78600","population":23080,"superficie_km2":"7.00","latitude_centre":"48.9519997","longitude_centre":"2.1520000","distance_km":5.59},{"id":9751,"code_insee":"95018","nom_standard":"Argenteuil","nom_a":null,"nom_de":null,"slug_ville":"argenteuil","departement_id":696,"code_postal":"95100","population":107221,"superficie_km2":"17.00","latitude_centre":"48.9510002","longitude_centre":"2.2409999","distance_km":5.88},{"id":9777,"code_insee":"95203","nom_standard":"Eaubonne","nom_a":null,"nom_de":null,"slug_ville":"eaubonne","departement_id":696,"code_postal":"95600","population":25373,"superficie_km2":"4.00","latitude_centre":"48.9910011","longitude_centre":"2.2780001","distance_km":6.14},{"id":8439,"code_insee":"78586","nom_standard":"Sartrouville","nom_a":null,"nom_de":null,"slug_ville":"sartrouville","departement_id":679,"code_postal":"78500","population":51220,"superficie_km2":"8.00","latitude_centre":"48.9399986","longitude_centre":"2.1750000","distance_km":6.16},{"id":9787,"code_insee":"95256","nom_standard":"Frépillon","nom_a":null,"nom_de":null,"slug_ville":"frepillon","departement_id":696,"code_postal":"95740","population":3334,"superficie_km2":"3.00","latitude_centre":"49.0499992","longitude_centre":"2.2049999","distance_km":6.28},{"id":9830,"code_insee":"95574","nom_standard":"Saint-Prix","nom_a":null,"nom_de":null,"slug_ville":"saint-prix","departement_id":696,"code_postal":"95390","population":7404,"superficie_km2":"8.00","latitude_centre":"49.0209999","longitude_centre":"2.2700000","distance_km":6.3},{"id":9805,"code_insee":"95394","nom_standard":"Méry-sur-Oise","nom_a":null,"nom_de":null,"slug_ville":"mery-sur-oise","departement_id":696,"code_postal":"95540","population":10046,"superficie_km2":"10.00","latitude_centre":"49.0550003","longitude_centre":"2.1740000","distance_km":6.94},{"id":8355,"code_insee":"78172","nom_standard":"Conflans-Sainte-Honorine","nom_a":null,"nom_de":null,"slug_ville":"conflans-sainte-honorine","departement_id":679,"code_postal":"78700","population":35926,"superficie_km2":"10.00","latitude_centre":"49.0000000","longitude_centre":"2.0990000","distance_km":6.96}]}