{"ville":{"id":8231,"code_insee":"77330","nom_standard":"Nanteuil-lès-Meaux","nom_a":null,"nom_de":null,"slug_ville":"nanteuil-les-meaux","departement_id":678,"code_postal":"77100","population":6800,"superficie_km2":"8.00","latitude_centre":"48.9290009","longitude_centre":"2.8989999","dep_code":"77","dep_nom":"Seine-et-Marne","dep_slug":"seine-et-marne","reg_code":"10","reg_nom":"Île-de-France","reg_slug":"ile-de-france"},"departement":{"code":"77","nom":"Seine-et-Marne","slug":"seine-et-marne"},"region":{"code":"10","nom":"Île-de-France","slug":"ile-de-france"},"villes_proches":[{"id":8204,"code_insee":"77276","nom_standard":"Mareuil-lès-Meaux","nom_a":null,"nom_de":null,"slug_ville":"mareuil-les-meaux","departement_id":678,"code_postal":"77100","population":3304,"superficie_km2":"7.00","latitude_centre":"48.9239998","longitude_centre":"2.8699999","distance_km":2.19},{"id":8208,"code_insee":"77284","nom_standard":"Meaux","nom_a":null,"nom_de":null,"slug_ville":"meaux","departement_id":678,"code_postal":"77100","population":55616,"superficie_km2":"15.00","latitude_centre":"48.9570007","longitude_centre":"2.9000001","distance_km":3.11},{"id":8171,"code_insee":"77199","nom_standard":"Fublaines","nom_a":null,"nom_de":null,"slug_ville":"fublaines","departement_id":678,"code_postal":"77470","population":1391,"superficie_km2":"6.00","latitude_centre":"48.9389992","longitude_centre":"2.9410000","distance_km":3.26},{"id":8251,"code_insee":"77382","nom_standard":"Quincy-Voisins","nom_a":null,"nom_de":null,"slug_ville":"quincy-voisins","departement_id":678,"code_postal":"77860","population":5435,"superficie_km2":"10.00","latitude_centre":"48.8989983","longitude_centre":"2.8780000","distance_km":3.67},{"id":8308,"code_insee":"77513","nom_standard":"Villenoy","nom_a":null,"nom_de":null,"slug_ville":"villenoy","departement_id":678,"code_postal":"77124","population":5019,"superficie_km2":"7.00","latitude_centre":"48.9410019","longitude_centre":"2.8520000","distance_km":3.68},{"id":8185,"code_insee":"77232","nom_standard":"Isles-lès-Villenoy","nom_a":null,"nom_de":null,"slug_ville":"isles-les-villenoy","departement_id":678,"code_postal":"77450","population":1140,"superficie_km2":"7.00","latitude_centre":"48.9169998","longitude_centre":"2.8310001","distance_km":5.14},{"id":8100,"code_insee":"77047","nom_standard":"Bouleurs","nom_a":null,"nom_de":null,"slug_ville":"bouleurs","departement_id":678,"code_postal":"77580","population":1720,"superficie_km2":"8.00","latitude_centre":"48.8790016","longitude_centre":"2.9080000","distance_km":5.6},{"id":8138,"code_insee":"77125","nom_standard":"Condé-Sainte-Libiaire","nom_a":null,"nom_de":null,"slug_ville":"conde-sainte-libiaire","departement_id":678,"code_postal":"77450","population":1438,"superficie_km2":"2.00","latitude_centre":"48.8989983","longitude_centre":"2.8360000","distance_km":5.69},{"id":8148,"code_insee":"77143","nom_standard":"Crégy-lès-Meaux","nom_a":null,"nom_de":null,"slug_ville":"cregy-les-meaux","departement_id":678,"code_postal":"77124","population":5354,"superficie_km2":"4.00","latitude_centre":"48.9780006","longitude_centre":"2.8740001","distance_km":5.75},{"id":8141,"code_insee":"77128","nom_standard":"Couilly-Pont-aux-Dames","nom_a":null,"nom_de":null,"slug_ville":"couilly-pont-aux-dames","departement_id":678,"code_postal":"77860","population":2100,"superficie_km2":"5.00","latitude_centre":"48.8820000","longitude_centre":"2.8650000","distance_km":5.79},{"id":8294,"code_insee":"77475","nom_standard":"Trilport","nom_a":null,"nom_de":null,"slug_ville":"trilport","departement_id":678,"code_postal":"77470","population":5081,"superficie_km2":"11.00","latitude_centre":"48.9589996","longitude_centre":"2.9660001","distance_km":5.92},{"id":8233,"code_insee":"77335","nom_standard":"Chauconin-Neufmontiers","nom_a":null,"nom_de":null,"slug_ville":"chauconin-neufmontiers","departement_id":678,"code_postal":"77124","population":3655,"superficie_km2":"17.00","latitude_centre":"48.9720001","longitude_centre":"2.8320000","distance_km":6.84},{"id":8159,"code_insee":"77171","nom_standard":"Esbly","nom_a":null,"nom_de":null,"slug_ville":"esbly","departement_id":678,"code_postal":"77450","population":6402,"superficie_km2":"3.00","latitude_centre":"48.9010010","longitude_centre":"2.8120000","distance_km":7.08},{"id":8222,"code_insee":"77315","nom_standard":"Montry","nom_a":null,"nom_de":null,"slug_ville":"montry","departement_id":678,"code_postal":"77450","population":3799,"superficie_km2":"3.00","latitude_centre":"48.8860016","longitude_centre":"2.8230000","distance_km":7.33},{"id":8266,"code_insee":"77413","nom_standard":"Saint-Germain-sur-Morin","nom_a":null,"nom_de":null,"slug_ville":"saint-germain-sur-morin","departement_id":678,"code_postal":"77860","population":3881,"superficie_km2":"5.00","latitude_centre":"48.8750000","longitude_centre":"2.8399999","distance_km":7.39},{"id":8241,"code_insee":"77358","nom_standard":"Penchard","nom_a":null,"nom_de":null,"slug_ville":"penchard","departement_id":678,"code_postal":"77124","population":1354,"superficie_km2":"4.00","latitude_centre":"48.9910011","longitude_centre":"2.8580000","distance_km":7.52},{"id":8172,"code_insee":"77203","nom_standard":"Germigny-l'Évêque","nom_a":null,"nom_de":null,"slug_ville":"germigny-l-eveque","departement_id":678,"code_postal":"77910","population":1345,"superficie_km2":"12.00","latitude_centre":"48.9860001","longitude_centre":"2.9579999","distance_km":7.66},{"id":8113,"code_insee":"77077","nom_standard":"Chambry","nom_a":null,"nom_de":null,"slug_ville":"chambry","departement_id":678,"code_postal":"77910","population":1038,"superficie_km2":"10.00","latitude_centre":"48.9980011","longitude_centre":"2.8940001","distance_km":7.68},{"id":8147,"code_insee":"77142","nom_standard":"Crécy-la-Chapelle","nom_a":null,"nom_de":null,"slug_ville":"crecy-la-chapelle","departement_id":678,"code_postal":"77580","population":4779,"superficie_km2":"15.00","latitude_centre":"48.8569984","longitude_centre":"2.9330001","distance_km":8.38},{"id":8299,"code_insee":"77483","nom_standard":"Varreddes","nom_a":null,"nom_de":null,"slug_ville":"varreddes","departement_id":678,"code_postal":"77910","population":2121,"superficie_km2":"8.00","latitude_centre":"49.0060005","longitude_centre":"2.9280000","distance_km":8.82}]}