{"ville":{"id":9726,"code_insee":"94052","nom_standard":"Nogent-sur-Marne","nom_a":null,"nom_de":null,"slug_ville":"nogent-sur-marne","departement_id":695,"code_postal":"94130","population":33472,"superficie_km2":"3.00","latitude_centre":"48.8370018","longitude_centre":"2.4820001","dep_code":"94","dep_nom":"Val-de-Marne","dep_slug":"val-de-marne","reg_code":"10","reg_nom":"Île-de-France","reg_slug":"ile-de-france"},"departement":{"code":"94","nom":"Val-de-Marne","slug":"val-de-marne"},"region":{"code":"10","nom":"Île-de-France","slug":"ile-de-france"},"villes_proches":[{"id":9715,"code_insee":"94033","nom_standard":"Fontenay-sous-Bois","nom_a":null,"nom_de":null,"slug_ville":"fontenay-sous-bois","departement_id":695,"code_postal":"94120","population":51812,"superficie_km2":"6.00","latitude_centre":"48.8510017","longitude_centre":"2.4740000","distance_km":1.66},{"id":9731,"code_insee":"94058","nom_standard":"Le Perreux-sur-Marne","nom_a":null,"nom_de":null,"slug_ville":"le-perreux-sur-marne","departement_id":695,"code_postal":"94170","population":34213,"superficie_km2":"4.00","latitude_centre":"48.8419991","longitude_centre":"2.5039999","distance_km":1.7},{"id":9720,"code_insee":"94042","nom_standard":"Joinville-le-Pont","nom_a":null,"nom_de":null,"slug_ville":"joinville-le-pont","departement_id":695,"code_postal":"94340","population":20413,"superficie_km2":"2.00","latitude_centre":"48.8190002","longitude_centre":"2.4700000","distance_km":2.19},{"id":9707,"code_insee":"94015","nom_standard":"Bry-sur-Marne","nom_a":null,"nom_de":null,"slug_ville":"bry-sur-marne","departement_id":695,"code_postal":"94360","population":17400,"superficie_km2":"3.00","latitude_centre":"48.8380013","longitude_centre":"2.5230000","distance_km":3},{"id":9709,"code_insee":"94017","nom_standard":"Champigny-sur-Marne","nom_a":null,"nom_de":null,"slug_ville":"champigny-sur-marne","departement_id":695,"code_postal":"94500","population":77724,"superficie_km2":"11.00","latitude_centre":"48.8170013","longitude_centre":"2.5170000","distance_km":3.39},{"id":9747,"code_insee":"94080","nom_standard":"Vincennes","nom_a":null,"nom_de":null,"slug_ville":"vincennes","departement_id":695,"code_postal":"94300","population":48798,"superficie_km2":"2.00","latitude_centre":"48.8470001","longitude_centre":"2.4380000","distance_km":3.41},{"id":9682,"code_insee":"93049","nom_standard":"Neuilly-Plaisance","nom_a":null,"nom_de":null,"slug_ville":"neuilly-plaisance","departement_id":694,"code_postal":"93360","population":21415,"superficie_km2":"3.00","latitude_centre":"48.8639984","longitude_centre":"2.5100000","distance_km":3.63},{"id":9681,"code_insee":"93048","nom_standard":"Montreuil","nom_a":null,"nom_de":null,"slug_ville":"montreuil","departement_id":694,"code_postal":"93100","population":111455,"superficie_km2":"9.00","latitude_centre":"48.8629990","longitude_centre":"2.4480000","distance_km":3.81},{"id":9737,"code_insee":"94069","nom_standard":"Saint-Maurice","nom_a":null,"nom_de":null,"slug_ville":"saint-maurice","departement_id":695,"code_postal":"94410","population":14603,"superficie_km2":"1.00","latitude_centre":"48.8180008","longitude_centre":"2.4380000","distance_km":3.85},{"id":9692,"code_insee":"93064","nom_standard":"Rosny-sous-Bois","nom_a":null,"nom_de":null,"slug_ville":"rosny-sous-bois","departement_id":694,"code_postal":"93110","population":45655,"superficie_km2":"6.00","latitude_centre":"48.8750000","longitude_centre":"2.4860001","distance_km":4.24},{"id":9736,"code_insee":"94068","nom_standard":"Saint-Maur-des-Fossés","nom_a":null,"nom_de":null,"slug_ville":"saint-maur-des-fosses","departement_id":695,"code_postal":"94210","population":75441,"superficie_km2":"11.00","latitude_centre":"48.7989998","longitude_centre":"2.4940000","distance_km":4.32},{"id":9735,"code_insee":"94067","nom_standard":"Saint-Mandé","nom_a":null,"nom_de":null,"slug_ville":"saint-mande","departement_id":695,"code_postal":"94160","population":21195,"superficie_km2":"1.00","latitude_centre":"48.8419991","longitude_centre":"2.4189999","distance_km":4.64},{"id":9723,"code_insee":"94046","nom_standard":"Maisons-Alfort","nom_a":null,"nom_de":null,"slug_ville":"maisons-alfort","departement_id":695,"code_postal":"94700","population":58068,"superficie_km2":"5.00","latitude_centre":"48.8059998","longitude_centre":"2.4380000","distance_km":4.72},{"id":9746,"code_insee":"94079","nom_standard":"Villiers-sur-Marne","nom_a":null,"nom_de":null,"slug_ville":"villiers-sur-marne","departement_id":695,"code_postal":"94350","population":30669,"superficie_km2":"4.00","latitude_centre":"48.8260002","longitude_centre":"2.5450001","distance_km":4.77},{"id":9683,"code_insee":"93050","nom_standard":"Neuilly-sur-Marne","nom_a":null,"nom_de":null,"slug_ville":"neuilly-sur-marne","departement_id":694,"code_postal":"93330","population":37531,"superficie_km2":"7.00","latitude_centre":"48.8619995","longitude_centre":"2.5400000","distance_km":5.07},{"id":9664,"code_insee":"93006","nom_standard":"Bagnolet","nom_a":null,"nom_de":null,"slug_ville":"bagnolet","departement_id":694,"code_postal":"93170","population":39366,"superficie_km2":"3.00","latitude_centre":"48.8689995","longitude_centre":"2.4230001","distance_km":5.59},{"id":9710,"code_insee":"94018","nom_standard":"Charenton-le-Pont","nom_a":null,"nom_de":null,"slug_ville":"charenton-le-pont","departement_id":695,"code_postal":"94220","population":29445,"superficie_km2":"2.00","latitude_centre":"48.8230019","longitude_centre":"2.4080000","distance_km":5.64},{"id":9699,"code_insee":"93077","nom_standard":"Villemomble","nom_a":null,"nom_de":null,"slug_ville":"villemomble","departement_id":694,"code_postal":"93250","population":30332,"superficie_km2":"4.00","latitude_centre":"48.8849983","longitude_centre":"2.5090001","distance_km":5.69},{"id":9684,"code_insee":"93051","nom_standard":"Noisy-le-Grand","nom_a":null,"nom_de":null,"slug_ville":"noisy-le-grand","departement_id":694,"code_postal":"93160","population":70374,"superficie_km2":"13.00","latitude_centre":"48.8359985","longitude_centre":"2.5639999","distance_km":6},{"id":9711,"code_insee":"94019","nom_standard":"Chennevières-sur-Marne","nom_a":null,"nom_de":null,"slug_ville":"chennevieres-sur-marne","departement_id":695,"code_postal":"94430","population":18367,"superficie_km2":"5.00","latitude_centre":"48.7980003","longitude_centre":"2.5420001","distance_km":6.17}]}