{"ville":{"id":8249,"code_insee":"77378","nom_standard":"Pringy","nom_a":null,"nom_de":null,"slug_ville":"pringy","departement_id":678,"code_postal":"77310","population":3558,"superficie_km2":"4.00","latitude_centre":"48.5180016","longitude_centre":"2.5500000","dep_code":"77","dep_nom":"Seine-et-Marne","dep_slug":"seine-et-marne","reg_code":"10","reg_nom":"Île-de-France","reg_slug":"ile-de-france"},"departement":{"code":"77","nom":"Seine-et-Marne","slug":"seine-et-marne"},"region":{"code":"10","nom":"Île-de-France","slug":"ile-de-france"},"villes_proches":[{"id":8098,"code_insee":"77040","nom_standard":"Boissise-le-Roi","nom_a":null,"nom_de":null,"slug_ville":"boissise-le-roi","departement_id":678,"code_postal":"77310","population":3700,"superficie_km2":"7.00","latitude_centre":"48.5120010","longitude_centre":"2.5699999","distance_km":1.62},{"id":8273,"code_insee":"77435","nom_standard":"Saint-Sauveur-sur-École","nom_a":null,"nom_de":null,"slug_ville":"saint-sauveur-sur-ecole","departement_id":678,"code_postal":"77930","population":1103,"superficie_km2":"7.00","latitude_centre":"48.5000000","longitude_centre":"2.5339999","distance_km":2.32},{"id":8264,"code_insee":"77407","nom_standard":"Saint-Fargeau-Ponthierry","nom_a":null,"nom_de":null,"slug_ville":"saint-fargeau-ponthierry","departement_id":678,"code_postal":"77310","population":14516,"superficie_km2":"17.00","latitude_centre":"48.5390015","longitude_centre":"2.5250001","distance_km":2.97},{"id":8097,"code_insee":"77039","nom_standard":"Boissise-la-Bertrand","nom_a":null,"nom_de":null,"slug_ville":"boissise-la-bertrand","departement_id":678,"code_postal":"77350","population":1181,"superficie_km2":"8.00","latitude_centre":"48.5340004","longitude_centre":"2.5899999","distance_km":3.44},{"id":8281,"code_insee":"77447","nom_standard":"Seine-Port","nom_a":null,"nom_de":null,"slug_ville":"seine-port","departement_id":678,"code_postal":"77240","population":1824,"superficie_km2":"9.00","latitude_centre":"48.5519981","longitude_centre":"2.5539999","distance_km":3.79},{"id":8242,"code_insee":"77359","nom_standard":"Perthes","nom_a":null,"nom_de":null,"slug_ville":"perthes","departement_id":678,"code_postal":"77930","population":2040,"superficie_km2":"12.00","latitude_centre":"48.4799995","longitude_centre":"2.5500000","distance_km":4.23},{"id":8151,"code_insee":"77152","nom_standard":"Dammarie-les-Lys","nom_a":null,"nom_de":null,"slug_ville":"dammarie-les-lys","departement_id":678,"code_postal":"77190","population":22845,"superficie_km2":"10.00","latitude_centre":"48.5139999","longitude_centre":"2.6280000","distance_km":5.76},{"id":8109,"code_insee":"77067","nom_standard":"Cesson","nom_a":null,"nom_de":null,"slug_ville":"cesson","departement_id":678,"code_postal":"77240","population":11140,"superficie_km2":"7.00","latitude_centre":"48.5649986","longitude_centre":"2.5950000","distance_km":6.19},{"id":8209,"code_insee":"77285","nom_standard":"Le Mée-sur-Seine","nom_a":null,"nom_de":null,"slug_ville":"le-mee-sur-seine","departement_id":678,"code_postal":"77350","population":20207,"superficie_km2":"6.00","latitude_centre":"48.5400009","longitude_centre":"2.6289999","distance_km":6.31},{"id":9529,"code_insee":"91179","nom_standard":"Le Coudray-Montceaux","nom_a":null,"nom_de":null,"slug_ville":"le-coudray-montceaux","departement_id":692,"code_postal":"91830","population":4814,"superficie_km2":"11.00","latitude_centre":"48.5589981","longitude_centre":"2.4870000","distance_km":6.5},{"id":9604,"code_insee":"91599","nom_standard":"Soisy-sur-École","nom_a":null,"nom_de":null,"slug_ville":"soisy-sur-ecole","departement_id":692,"code_postal":"91840","population":1207,"superficie_km2":"12.00","latitude_centre":"48.4790001","longitude_centre":"2.4820001","distance_km":6.63},{"id":8108,"code_insee":"77065","nom_standard":"Cély","nom_a":null,"nom_de":null,"slug_ville":"cely","departement_id":678,"code_postal":"77930","population":1241,"superficie_km2":"6.00","latitude_centre":"48.4599991","longitude_centre":"2.5250001","distance_km":6.71},{"id":8110,"code_insee":"77069","nom_standard":"Chailly-en-Bière","nom_a":null,"nom_de":null,"slug_ville":"chailly-en-biere","departement_id":678,"code_postal":"77930","population":2118,"superficie_km2":"13.00","latitude_centre":"48.4700012","longitude_centre":"2.6120000","distance_km":7.03},{"id":8229,"code_insee":"77326","nom_standard":"Nandy","nom_a":null,"nom_de":null,"slug_ville":"nandy","departement_id":678,"code_postal":"77176","population":6294,"superficie_km2":"9.00","latitude_centre":"48.5820007","longitude_centre":"2.5480001","distance_km":7.12},{"id":9522,"code_insee":"91135","nom_standard":"Champcueil","nom_a":null,"nom_de":null,"slug_ville":"champcueil","departement_id":692,"code_postal":"91750","population":2893,"superficie_km2":"16.00","latitude_centre":"48.5070000","longitude_centre":"2.4480000","distance_km":7.61},{"id":8280,"code_insee":"77445","nom_standard":"Savigny-le-Temple","nom_a":null,"nom_de":null,"slug_ville":"savigny-le-temple","departement_id":678,"code_postal":"77176","population":30510,"superficie_km2":"12.00","latitude_centre":"48.5880013","longitude_centre":"2.5739999","distance_km":7.98},{"id":8303,"code_insee":"77495","nom_standard":"Vert-Saint-Denis","nom_a":null,"nom_de":null,"slug_ville":"vert-saint-denis","departement_id":678,"code_postal":"77240","population":8822,"superficie_km2":"16.00","latitude_centre":"48.5709992","longitude_centre":"2.6270001","distance_km":8.18},{"id":8254,"code_insee":"77389","nom_standard":"La Rochette","nom_a":null,"nom_de":null,"slug_ville":"la-rochette","departement_id":678,"code_postal":"77000","population":3870,"superficie_km2":"6.00","latitude_centre":"48.5070000","longitude_centre":"2.6600001","distance_km":8.19},{"id":9525,"code_insee":"91159","nom_standard":"Chevannes","nom_a":null,"nom_de":null,"slug_ville":"chevannes","departement_id":692,"code_postal":"91750","population":1550,"superficie_km2":"10.00","latitude_centre":"48.5340004","longitude_centre":"2.4410000","distance_km":8.22},{"id":8210,"code_insee":"77288","nom_standard":"Melun","nom_a":null,"nom_de":null,"slug_ville":"melun","departement_id":678,"code_postal":"77000","population":42367,"superficie_km2":"8.00","latitude_centre":"48.5439987","longitude_centre":"2.6580000","distance_km":8.46}]}