{"ville":{"id":8428,"code_insee":"78517","nom_standard":"Rambouillet","nom_a":null,"nom_de":null,"slug_ville":"rambouillet","departement_id":679,"code_postal":"78120","population":26816,"superficie_km2":"36.00","latitude_centre":"48.6539993","longitude_centre":"1.8260000","dep_code":"78","dep_nom":"Yvelines","dep_slug":"yvelines","reg_code":"10","reg_nom":"Île-de-France","reg_slug":"ile-de-france"},"departement":{"code":"78","nom":"Yvelines","slug":"yvelines"},"region":{"code":"10","nom":"Île-de-France","slug":"ile-de-france"},"villes_proches":[{"id":8373,"code_insee":"78269","nom_standard":"Gazeran","nom_a":null,"nom_de":null,"slug_ville":"gazeran","departement_id":679,"code_postal":"78125","population":1288,"superficie_km2":"26.00","latitude_centre":"48.6329994","longitude_centre":"1.7780000","distance_km":4.23},{"id":8421,"code_insee":"78486","nom_standard":"Le Perray-en-Yvelines","nom_a":null,"nom_de":null,"slug_ville":"le-perray-en-yvelines","departement_id":679,"code_postal":"78610","population":6543,"superficie_km2":"14.00","latitude_centre":"48.6969986","longitude_centre":"1.8440000","distance_km":4.96},{"id":8323,"code_insee":"78030","nom_standard":"Auffargis","nom_a":null,"nom_de":null,"slug_ville":"auffargis","departement_id":679,"code_postal":"78610","population":1974,"superficie_km2":"17.00","latitude_centre":"48.6839981","longitude_centre":"1.9020000","distance_km":6.5},{"id":8336,"code_insee":"78108","nom_standard":"Les Bréviaires","nom_a":null,"nom_de":null,"slug_ville":"les-breviaires","departement_id":679,"code_postal":"78610","population":1311,"superficie_km2":"20.00","latitude_centre":"48.7210007","longitude_centre":"1.8160000","distance_km":7.49},{"id":8441,"code_insee":"78601","nom_standard":"Sonchamp","nom_a":null,"nom_de":null,"slug_ville":"sonchamp","departement_id":679,"code_postal":"78120","population":1630,"superficie_km2":"46.00","latitude_centre":"48.5880013","longitude_centre":"1.8690000","distance_km":7.99},{"id":8362,"code_insee":"78220","nom_standard":"Les Essarts-le-Roi","nom_a":null,"nom_de":null,"slug_ville":"les-essarts-le-roi","departement_id":679,"code_postal":"78690","population":6775,"superficie_km2":"20.00","latitude_centre":"48.7159996","longitude_centre":"1.8950000","distance_km":8.55},{"id":8435,"code_insee":"78562","nom_standard":"Saint-Léger-en-Yvelines","nom_a":null,"nom_de":null,"slug_ville":"saint-leger-en-yvelines","departement_id":679,"code_postal":"78610","population":1412,"superficie_km2":"35.00","latitude_centre":"48.7299995","longitude_centre":"1.7600000","distance_km":9.74},{"id":8343,"code_insee":"78128","nom_standard":"Cernay-la-Ville","nom_a":null,"nom_de":null,"slug_ville":"cernay-la-ville","departement_id":679,"code_postal":"78720","population":1536,"superficie_km2":"10.00","latitude_centre":"48.6699982","longitude_centre":"1.9600000","distance_km":10},{"id":8427,"code_insee":"78516","nom_standard":"Raizeux","nom_a":null,"nom_de":null,"slug_ville":"raizeux","departement_id":679,"code_postal":"78125","population":1011,"superficie_km2":"10.00","latitude_centre":"48.6360016","longitude_centre":"1.6890000","distance_km":10.26},{"id":2152,"code_insee":"28135","nom_standard":"Droue-sur-Drouette","nom_a":null,"nom_de":null,"slug_ville":"droue-sur-drouette","departement_id":629,"code_postal":"28230","population":1195,"superficie_km2":"5.00","latitude_centre":"48.6020012","longitude_centre":"1.7010000","distance_km":10.85},{"id":8438,"code_insee":"78576","nom_standard":"Saint-Rémy-l'Honoré","nom_a":null,"nom_de":null,"slug_ville":"saint-remy-l-honore","departement_id":679,"code_postal":"78690","population":1668,"superficie_km2":"10.00","latitude_centre":"48.7490006","longitude_centre":"1.8760000","distance_km":11.18},{"id":8384,"code_insee":"78334","nom_standard":"Lévis-Saint-Nom","nom_a":null,"nom_de":null,"slug_ville":"levis-saint-nom","departement_id":679,"code_postal":"78320","population":1607,"superficie_km2":"8.00","latitude_centre":"48.7270012","longitude_centre":"1.9349999","distance_km":11.4},{"id":8339,"code_insee":"78120","nom_standard":"Bullion","nom_a":null,"nom_de":null,"slug_ville":"bullion","departement_id":679,"code_postal":"78830","population":1914,"superficie_km2":"21.00","latitude_centre":"48.6250000","longitude_centre":"1.9830000","distance_km":11.98},{"id":8431,"code_insee":"78537","nom_standard":"Saint-Arnoult-en-Yvelines","nom_a":null,"nom_de":null,"slug_ville":"saint-arnoult-en-yvelines","departement_id":679,"code_postal":"78730","population":5870,"superficie_km2":"13.00","latitude_centre":"48.5719986","longitude_centre":"1.9349999","distance_km":12.14},{"id":2153,"code_insee":"28140","nom_standard":"Épernon","nom_a":null,"nom_de":null,"slug_ville":"epernon","departement_id":629,"code_postal":"28230","population":5549,"superficie_km2":"7.00","latitude_centre":"48.5940018","longitude_centre":"1.6849999","distance_km":12.33},{"id":8353,"code_insee":"78168","nom_standard":"Coignières","nom_a":null,"nom_de":null,"slug_ville":"coignieres","departement_id":679,"code_postal":"78310","population":4377,"superficie_km2":"8.00","latitude_centre":"48.7500000","longitude_centre":"1.9140000","distance_km":12.48},{"id":8410,"code_insee":"78420","nom_standard":"Montfort-l'Amaury","nom_a":null,"nom_de":null,"slug_ville":"montfort-l-amaury","departement_id":679,"code_postal":"78490","population":2870,"superficie_km2":"6.00","latitude_centre":"48.7709999","longitude_centre":"1.8090000","distance_km":13.07},{"id":8405,"code_insee":"78397","nom_standard":"Le Mesnil-Saint-Denis","nom_a":null,"nom_de":null,"slug_ville":"le-mesnil-saint-denis","departement_id":679,"code_postal":"78320","population":6929,"superficie_km2":"9.00","latitude_centre":"48.7400017","longitude_centre":"1.9660000","distance_km":14.04},{"id":8317,"code_insee":"78003","nom_standard":"Ablis","nom_a":null,"nom_de":null,"slug_ville":"ablis","departement_id":679,"code_postal":"78660","population":3715,"superficie_km2":"26.00","latitude_centre":"48.5279999","longitude_centre":"1.8510000","distance_km":14.13},{"id":8354,"code_insee":"78171","nom_standard":"Condé-sur-Vesgre","nom_a":null,"nom_de":null,"slug_ville":"conde-sur-vesgre","departement_id":679,"code_postal":"78113","population":1250,"superficie_km2":"11.00","latitude_centre":"48.7319984","longitude_centre":"1.6740000","distance_km":14.13}]}