{"ville":{"id":9823,"code_insee":"95527","nom_standard":"Roissy-en-France","nom_a":null,"nom_de":null,"slug_ville":"roissy-en-france","departement_id":696,"code_postal":"95700","population":2738,"superficie_km2":"14.00","latitude_centre":"49.0070000","longitude_centre":"2.5139999","dep_code":"95","dep_nom":"Val-d'Oise","dep_slug":"val-d-oise","reg_code":"10","reg_nom":"Île-de-France","reg_slug":"ile-de-france"},"departement":{"code":"95","nom":"Val-d'Oise","slug":"val-d-oise"},"region":{"code":"10","nom":"Île-de-France","slug":"ile-de-france"},"villes_proches":[{"id":9839,"code_insee":"95612","nom_standard":"Le Thillay","nom_a":null,"nom_de":null,"slug_ville":"le-thillay","departement_id":696,"code_postal":"95500","population":4589,"superficie_km2":"4.00","latitude_centre":"49.0040016","longitude_centre":"2.4690001","distance_km":3.3},{"id":9796,"code_insee":"95351","nom_standard":"Louvres","nom_a":null,"nom_de":null,"slug_ville":"louvres","departement_id":696,"code_postal":"95380","population":12083,"superficie_km2":"11.00","latitude_centre":"49.0419998","longitude_centre":"2.5039999","distance_km":3.96},{"id":9791,"code_insee":"95280","nom_standard":"Goussainville","nom_a":null,"nom_de":null,"slug_ville":"goussainville","departement_id":696,"code_postal":"95190","population":30693,"superficie_km2":"11.00","latitude_centre":"49.0239983","longitude_centre":"2.4660001","distance_km":3.98},{"id":9697,"code_insee":"93073","nom_standard":"Tremblay-en-France","nom_a":null,"nom_de":null,"slug_ville":"tremblay-en-france","departement_id":694,"code_postal":"93290","population":37271,"superficie_km2":"23.00","latitude_centre":"48.9780006","longitude_centre":"2.5550001","distance_km":4.4},{"id":9790,"code_insee":"95277","nom_standard":"Gonesse","nom_a":null,"nom_de":null,"slug_ville":"gonesse","departement_id":696,"code_postal":"95500","population":25963,"superficie_km2":"20.00","latitude_centre":"48.9860001","longitude_centre":"2.4570000","distance_km":4.77},{"id":9700,"code_insee":"93078","nom_standard":"Villepinte","nom_a":null,"nom_de":null,"slug_ville":"villepinte","departement_id":694,"code_postal":"93420","population":38725,"superficie_km2":"10.00","latitude_centre":"48.9589996","longitude_centre":"2.5360000","distance_km":5.57},{"id":8211,"code_insee":"77291","nom_standard":"Le Mesnil-Amelot","nom_a":null,"nom_de":null,"slug_ville":"le-mesnil-amelot","departement_id":678,"code_postal":"77990","population":1016,"superficie_km2":"10.00","latitude_centre":"49.0159988","longitude_centre":"2.5960000","distance_km":6.06},{"id":9846,"code_insee":"95675","nom_standard":"Villeron","nom_a":null,"nom_de":null,"slug_ville":"villeron","departement_id":696,"code_postal":"95380","population":1564,"superficie_km2":"6.00","latitude_centre":"49.0610008","longitude_centre":"2.5339999","distance_km":6.18},{"id":9784,"code_insee":"95241","nom_standard":"Fontenay-en-Parisis","nom_a":null,"nom_de":null,"slug_ville":"fontenay-en-parisis","departement_id":696,"code_postal":"95190","population":2149,"superficie_km2":"11.00","latitude_centre":"49.0499992","longitude_centre":"2.4449999","distance_km":6.94},{"id":9822,"code_insee":"95509","nom_standard":"Puiseux-en-France","nom_a":null,"nom_de":null,"slug_ville":"puiseux-en-france","departement_id":696,"code_postal":"95380","population":3757,"superficie_km2":"5.00","latitude_centre":"49.0670013","longitude_centre":"2.4879999","distance_km":6.94},{"id":9663,"code_insee":"93005","nom_standard":"Aulnay-sous-Bois","nom_a":null,"nom_de":null,"slug_ville":"aulnay-sous-bois","departement_id":694,"code_postal":"93600","population":86135,"superficie_km2":"16.00","latitude_centre":"48.9459992","longitude_centre":"2.4930000","distance_km":6.95},{"id":9843,"code_insee":"95641","nom_standard":"Vémars","nom_a":null,"nom_de":null,"slug_ville":"vemars","departement_id":696,"code_postal":"95470","population":2848,"superficie_km2":"8.00","latitude_centre":"49.0629997","longitude_centre":"2.5669999","distance_km":7.33},{"id":9764,"code_insee":"95088","nom_standard":"Bonneuil-en-France","nom_a":null,"nom_de":null,"slug_ville":"bonneuil-en-france","departement_id":696,"code_postal":"95500","population":1166,"superficie_km2":"5.00","latitude_centre":"48.9650002","longitude_centre":"2.4349999","distance_km":7.42},{"id":9752,"code_insee":"95019","nom_standard":"Arnouville","nom_a":null,"nom_de":null,"slug_ville":"arnouville","departement_id":696,"code_postal":"95400","population":14585,"superficie_km2":"3.00","latitude_centre":"48.9860001","longitude_centre":"2.4170001","distance_km":7.45},{"id":9695,"code_insee":"93071","nom_standard":"Sevran","nom_a":null,"nom_de":null,"slug_ville":"sevran","departement_id":694,"code_postal":"93270","population":51845,"superficie_km2":"7.00","latitude_centre":"48.9389992","longitude_centre":"2.5309999","distance_km":7.66},{"id":8213,"code_insee":"77294","nom_standard":"Mitry-Mory","nom_a":null,"nom_de":null,"slug_ville":"mitry-mory","departement_id":678,"code_postal":"77290","population":20627,"superficie_km2":"30.00","latitude_centre":"48.9780006","longitude_centre":"2.6120000","distance_km":7.84},{"id":9847,"code_insee":"95680","nom_standard":"Villiers-le-Bel","nom_a":null,"nom_de":null,"slug_ville":"villiers-le-bel","departement_id":696,"code_postal":"95400","population":28836,"superficie_km2":"7.00","latitude_centre":"49.0079994","longitude_centre":"2.4040000","distance_km":8.02},{"id":9802,"code_insee":"95371","nom_standard":"Marly-la-Ville","nom_a":null,"nom_de":null,"slug_ville":"marly-la-ville","departement_id":696,"code_postal":"95670","population":5681,"superficie_km2":"9.00","latitude_centre":"49.0820007","longitude_centre":"2.5090001","distance_km":8.35},{"id":9665,"code_insee":"93007","nom_standard":"Le Blanc-Mesnil","nom_a":null,"nom_de":null,"slug_ville":"le-blanc-mesnil","departement_id":694,"code_postal":"93150","population":58257,"superficie_km2":"8.00","latitude_centre":"48.9399986","longitude_centre":"2.4610000","distance_km":8.39},{"id":9789,"code_insee":"95268","nom_standard":"Garges-lès-Gonesse","nom_a":null,"nom_de":null,"slug_ville":"garges-les-gonesse","departement_id":696,"code_postal":"95140","population":42841,"superficie_km2":"5.00","latitude_centre":"48.9700012","longitude_centre":"2.4050000","distance_km":8.95}]}