{"ville":{"id":9653,"code_insee":"92063","nom_standard":"Rueil-Malmaison","nom_a":null,"nom_de":null,"slug_ville":"rueil-malmaison","departement_id":693,"code_postal":"92500","population":78186,"superficie_km2":"15.00","latitude_centre":"48.8689995","longitude_centre":"2.1770000","dep_code":"92","dep_nom":"Hauts-de-Seine","dep_slug":"hauts-de-seine","reg_code":"10","reg_nom":"Île-de-France","reg_slug":"ile-de-france"},"departement":{"code":"92","nom":"Hauts-de-Seine","slug":"hauts-de-seine"},"region":{"code":"10","nom":"Île-de-France","slug":"ile-de-france"},"villes_proches":[{"id":9640,"code_insee":"92033","nom_standard":"Garches","nom_a":null,"nom_de":null,"slug_ville":"garches","departement_id":693,"code_postal":"92380","population":17898,"superficie_km2":"3.00","latitude_centre":"48.8450012","longitude_centre":"2.1870000","distance_km":2.77},{"id":8334,"code_insee":"78092","nom_standard":"Bougival","nom_a":null,"nom_de":null,"slug_ville":"bougival","departement_id":679,"code_postal":"78380","population":9031,"superficie_km2":"3.00","latitude_centre":"48.8639984","longitude_centre":"2.1380000","distance_km":2.91},{"id":9657,"code_insee":"92073","nom_standard":"Suresnes","nom_a":null,"nom_de":null,"slug_ville":"suresnes","departement_id":693,"code_postal":"92150","population":49104,"superficie_km2":"4.00","latitude_centre":"48.8699989","longitude_centre":"2.2200000","distance_km":3.15},{"id":8357,"code_insee":"78190","nom_standard":"Croissy-sur-Seine","nom_a":null,"nom_de":null,"slug_ville":"croissy-sur-seine","departement_id":679,"code_postal":"78290","population":10399,"superficie_km2":"3.00","latitude_centre":"48.8790016","longitude_centre":"2.1350000","distance_km":3.27},{"id":9659,"code_insee":"92076","nom_standard":"Vaucresson","nom_a":null,"nom_de":null,"slug_ville":"vaucresson","departement_id":693,"code_postal":"92420","population":8566,"superficie_km2":"3.00","latitude_centre":"48.8409996","longitude_centre":"2.1600001","distance_km":3.35},{"id":8348,"code_insee":"78146","nom_standard":"Chatou","nom_a":null,"nom_de":null,"slug_ville":"chatou","departement_id":679,"code_postal":"78400","population":29649,"superficie_km2":"5.00","latitude_centre":"48.8969994","longitude_centre":"2.1540000","distance_km":3.54},{"id":9649,"code_insee":"92050","nom_standard":"Nanterre","nom_a":null,"nom_de":null,"slug_ville":"nanterre","departement_id":693,"code_postal":"92000","population":97351,"superficie_km2":"12.00","latitude_centre":"48.8959999","longitude_centre":"2.2070000","distance_km":3.72},{"id":9654,"code_insee":"92064","nom_standard":"Saint-Cloud","nom_a":null,"nom_de":null,"slug_ville":"saint-cloud","departement_id":693,"code_postal":"92210","population":29727,"superficie_km2":"8.00","latitude_centre":"48.8429985","longitude_centre":"2.2090001","distance_km":3.72},{"id":8342,"code_insee":"78126","nom_standard":"La Celle-Saint-Cloud","nom_a":null,"nom_de":null,"slug_ville":"la-celle-saint-cloud","departement_id":679,"code_postal":"78170","population":20476,"superficie_km2":"6.00","latitude_centre":"48.8470001","longitude_centre":"2.1350000","distance_km":3.93},{"id":9646,"code_insee":"92047","nom_standard":"Marnes-la-Coquette","nom_a":null,"nom_de":null,"slug_ville":"marnes-la-coquette","departement_id":693,"code_postal":"92430","population":1745,"superficie_km2":"3.00","latitude_centre":"48.8300018","longitude_centre":"2.1659999","distance_km":4.41},{"id":8454,"code_insee":"78650","nom_standard":"Le Vésinet","nom_a":null,"nom_de":null,"slug_ville":"le-vesinet","departement_id":679,"code_postal":"78110","population":15646,"superficie_km2":"5.00","latitude_centre":"48.8940010","longitude_centre":"2.1300001","distance_km":4.42},{"id":8389,"code_insee":"78350","nom_standard":"Louveciennes","nom_a":null,"nom_de":null,"slug_ville":"louveciennes","departement_id":679,"code_postal":"78430","population":7563,"superficie_km2":"5.00","latitude_centre":"48.8590012","longitude_centre":"2.1140001","distance_km":4.74},{"id":9652,"code_insee":"92062","nom_standard":"Puteaux","nom_a":null,"nom_de":null,"slug_ville":"puteaux","departement_id":693,"code_postal":"92800","population":43672,"superficie_km2":"3.00","latitude_centre":"48.8839989","longitude_centre":"2.2379999","distance_km":4.76},{"id":8341,"code_insee":"78124","nom_standard":"Carrières-sur-Seine","nom_a":null,"nom_de":null,"slug_ville":"carrieres-sur-seine","departement_id":679,"code_postal":"78420","population":15038,"superficie_km2":"5.00","latitude_centre":"48.9119988","longitude_centre":"2.1780000","distance_km":4.78},{"id":8425,"code_insee":"78502","nom_standard":"Le Port-Marly","nom_a":null,"nom_de":null,"slug_ville":"le-port-marly","departement_id":679,"code_postal":"78560","population":5608,"superficie_km2":"1.00","latitude_centre":"48.8800011","longitude_centre":"2.1090000","distance_km":5.12},{"id":9660,"code_insee":"92077","nom_standard":"Ville-d'Avray","nom_a":null,"nom_de":null,"slug_ville":"ville-d-avray","departement_id":693,"code_postal":"92410","population":10694,"superficie_km2":"4.00","latitude_centre":"48.8219986","longitude_centre":"2.1780000","distance_km":5.23},{"id":9656,"code_insee":"92072","nom_standard":"Sèvres","nom_a":null,"nom_de":null,"slug_ville":"sevres","departement_id":693,"code_postal":"92310","population":22618,"superficie_km2":"4.00","latitude_centre":"48.8219986","longitude_centre":"2.2100000","distance_km":5.76},{"id":9630,"code_insee":"92012","nom_standard":"Boulogne-Billancourt","nom_a":null,"nom_de":null,"slug_ville":"boulogne-billancourt","departement_id":693,"code_postal":"92100","population":119808,"superficie_km2":"6.00","latitude_centre":"48.8370018","longitude_centre":"2.2390001","distance_km":5.77},{"id":8350,"code_insee":"78158","nom_standard":"Le Chesnay-Rocquencourt","nom_a":null,"nom_de":null,"slug_ville":"le-chesnay-rocquencourt","departement_id":679,"code_postal":"78150","population":30924,"superficie_km2":"4.00","latitude_centre":"48.8269997","longitude_centre":"2.1300001","distance_km":5.8},{"id":8420,"code_insee":"78481","nom_standard":"Le Pecq","nom_a":null,"nom_de":null,"slug_ville":"le-pecq","departement_id":679,"code_postal":"78230","population":15832,"superficie_km2":"3.00","latitude_centre":"48.8940010","longitude_centre":"2.1050000","distance_km":5.95}]}