{"ville":{"id":8267,"code_insee":"77415","nom_standard":"Saint-Jean-les-Deux-Jumeaux","nom_a":null,"nom_de":null,"slug_ville":"saint-jean-les-deux-jumeaux","departement_id":678,"code_postal":"77660","population":1285,"superficie_km2":"13.00","latitude_centre":"48.9389992","longitude_centre":"3.0270000","dep_code":"77","dep_nom":"Seine-et-Marne","dep_slug":"seine-et-marne","reg_code":"10","reg_nom":"Île-de-France","reg_slug":"ile-de-france"},"departement":{"code":"77","nom":"Seine-et-Marne","slug":"seine-et-marne"},"region":{"code":"10","nom":"Île-de-France","slug":"ile-de-france"},"villes_proches":[{"id":8117,"code_insee":"77084","nom_standard":"Changis-sur-Marne","nom_a":null,"nom_de":null,"slug_ville":"changis-sur-marne","departement_id":678,"code_postal":"77660","population":1386,"superficie_km2":"7.00","latitude_centre":"48.9659996","longitude_centre":"3.0250001","distance_km":3.01},{"id":8277,"code_insee":"77440","nom_standard":"Sammeron","nom_a":null,"nom_de":null,"slug_ville":"sammeron","departement_id":678,"code_postal":"77260","population":1143,"superficie_km2":"6.00","latitude_centre":"48.9420013","longitude_centre":"3.0769999","distance_km":3.67},{"id":8090,"code_insee":"77008","nom_standard":"Armentières-en-Brie","nom_a":null,"nom_de":null,"slug_ville":"armentieres-en-brie","departement_id":678,"code_postal":"77440","population":1205,"superficie_km2":"7.00","latitude_centre":"48.9809990","longitude_centre":"3.0160000","distance_km":4.74},{"id":8294,"code_insee":"77475","nom_standard":"Trilport","nom_a":null,"nom_de":null,"slug_ville":"trilport","departement_id":678,"code_postal":"77470","population":5081,"superficie_km2":"11.00","latitude_centre":"48.9589996","longitude_centre":"2.9660001","distance_km":4.98},{"id":8295,"code_insee":"77478","nom_standard":"Ussy-sur-Marne","nom_a":null,"nom_de":null,"slug_ville":"ussy-sur-marne","departement_id":678,"code_postal":"77260","population":1074,"superficie_km2":"14.00","latitude_centre":"48.9669991","longitude_centre":"3.0820000","distance_km":5.08},{"id":8171,"code_insee":"77199","nom_standard":"Fublaines","nom_a":null,"nom_de":null,"slug_ville":"fublaines","departement_id":678,"code_postal":"77470","population":1391,"superficie_km2":"6.00","latitude_centre":"48.9389992","longitude_centre":"2.9410000","distance_km":6.28},{"id":8172,"code_insee":"77203","nom_standard":"Germigny-l'Évêque","nom_a":null,"nom_de":null,"slug_ville":"germigny-l-eveque","departement_id":678,"code_postal":"77910","population":1345,"superficie_km2":"12.00","latitude_centre":"48.9860001","longitude_centre":"2.9579999","distance_km":7.26},{"id":8186,"code_insee":"77238","nom_standard":"Jouarre","nom_a":null,"nom_de":null,"slug_ville":"jouarre","departement_id":678,"code_postal":"77640","population":4304,"superficie_km2":"42.00","latitude_centre":"48.9020004","longitude_centre":"3.1129999","distance_km":7.51},{"id":8166,"code_insee":"77183","nom_standard":"La Ferté-sous-Jouarre","nom_a":null,"nom_de":null,"slug_ville":"la-ferte-sous-jouarre","departement_id":678,"code_postal":"77260","population":9714,"superficie_km2":"10.00","latitude_centre":"48.9539986","longitude_centre":"3.1280000","distance_km":7.56},{"id":8207,"code_insee":"77280","nom_standard":"Mary-sur-Marne","nom_a":null,"nom_de":null,"slug_ville":"mary-sur-marne","departement_id":678,"code_postal":"77440","population":1114,"superficie_km2":"2.00","latitude_centre":"49.0159988","longitude_centre":"3.0330000","distance_km":8.57},{"id":8139,"code_insee":"77126","nom_standard":"Congis-sur-Thérouanne","nom_a":null,"nom_de":null,"slug_ville":"congis-sur-therouanne","departement_id":678,"code_postal":"77440","population":1772,"superficie_km2":"15.00","latitude_centre":"49.0120010","longitude_centre":"2.9779999","distance_km":8.87},{"id":8231,"code_insee":"77330","nom_standard":"Nanteuil-lès-Meaux","nom_a":null,"nom_de":null,"slug_ville":"nanteuil-les-meaux","departement_id":678,"code_postal":"77100","population":6800,"superficie_km2":"8.00","latitude_centre":"48.9290009","longitude_centre":"2.8989999","distance_km":9.42},{"id":8208,"code_insee":"77284","nom_standard":"Meaux","nom_a":null,"nom_de":null,"slug_ville":"meaux","departement_id":678,"code_postal":"77100","population":55616,"superficie_km2":"15.00","latitude_centre":"48.9570007","longitude_centre":"2.9000001","distance_km":9.49},{"id":8114,"code_insee":"77078","nom_standard":"Chamigny","nom_a":null,"nom_de":null,"slug_ville":"chamigny","departement_id":678,"code_postal":"77260","population":1378,"superficie_km2":"14.00","latitude_centre":"48.9850006","longitude_centre":"3.1420000","distance_km":9.83},{"id":8299,"code_insee":"77483","nom_standard":"Varreddes","nom_a":null,"nom_de":null,"slug_ville":"varreddes","departement_id":678,"code_postal":"77910","population":2121,"superficie_km2":"8.00","latitude_centre":"49.0060005","longitude_centre":"2.9280000","distance_km":10.38},{"id":8195,"code_insee":"77257","nom_standard":"Lizy-sur-Ourcq","nom_a":null,"nom_de":null,"slug_ville":"lizy-sur-ourcq","departement_id":678,"code_postal":"77440","population":3519,"superficie_km2":"11.00","latitude_centre":"49.0349999","longitude_centre":"3.0190001","distance_km":10.69},{"id":8100,"code_insee":"77047","nom_standard":"Bouleurs","nom_a":null,"nom_de":null,"slug_ville":"bouleurs","departement_id":678,"code_postal":"77580","population":1720,"superficie_km2":"8.00","latitude_centre":"48.8790016","longitude_centre":"2.9080000","distance_km":10.96},{"id":8262,"code_insee":"77405","nom_standard":"Saint-Cyr-sur-Morin","nom_a":null,"nom_de":null,"slug_ville":"saint-cyr-sur-morin","departement_id":678,"code_postal":"77750","population":1954,"superficie_km2":"19.00","latitude_centre":"48.9119988","longitude_centre":"3.1750000","distance_km":11.22},{"id":8147,"code_insee":"77142","nom_standard":"Crécy-la-Chapelle","nom_a":null,"nom_de":null,"slug_ville":"crecy-la-chapelle","departement_id":678,"code_postal":"77580","population":4779,"superficie_km2":"15.00","latitude_centre":"48.8569984","longitude_centre":"2.9330001","distance_km":11.42},{"id":8204,"code_insee":"77276","nom_standard":"Mareuil-lès-Meaux","nom_a":null,"nom_de":null,"slug_ville":"mareuil-les-meaux","departement_id":678,"code_postal":"77100","population":3304,"superficie_km2":"7.00","latitude_centre":"48.9239998","longitude_centre":"2.8699999","distance_km":11.59}]}