{"ville":{"id":8262,"code_insee":"77405","nom_standard":"Saint-Cyr-sur-Morin","nom_a":null,"nom_de":null,"slug_ville":"saint-cyr-sur-morin","departement_id":678,"code_postal":"77750","population":1954,"superficie_km2":"19.00","latitude_centre":"48.9119988","longitude_centre":"3.1750000","dep_code":"77","dep_nom":"Seine-et-Marne","dep_slug":"seine-et-marne","reg_code":"10","reg_nom":"Île-de-France","reg_slug":"ile-de-france"},"departement":{"code":"77","nom":"Seine-et-Marne","slug":"seine-et-marne"},"region":{"code":"10","nom":"Île-de-France","slug":"ile-de-france"},"villes_proches":[{"id":8156,"code_insee":"77162","nom_standard":"Doue","nom_a":null,"nom_de":null,"slug_ville":"doue","departement_id":678,"code_postal":"77510","population":1108,"superficie_km2":"20.00","latitude_centre":"48.8740006","longitude_centre":"3.1689999","distance_km":4.25},{"id":8186,"code_insee":"77238","nom_standard":"Jouarre","nom_a":null,"nom_de":null,"slug_ville":"jouarre","departement_id":678,"code_postal":"77640","population":4304,"superficie_km2":"42.00","latitude_centre":"48.9020004","longitude_centre":"3.1129999","distance_km":4.67},{"id":8259,"code_insee":"77397","nom_standard":"Saâcy-sur-Marne","nom_a":null,"nom_de":null,"slug_ville":"saacy-sur-marne","departement_id":678,"code_postal":"77730","population":1864,"superficie_km2":"14.00","latitude_centre":"48.9510002","longitude_centre":"3.2170000","distance_km":5.31},{"id":8166,"code_insee":"77183","nom_standard":"La Ferté-sous-Jouarre","nom_a":null,"nom_de":null,"slug_ville":"la-ferte-sous-jouarre","departement_id":678,"code_postal":"77260","population":9714,"superficie_km2":"10.00","latitude_centre":"48.9539986","longitude_centre":"3.1280000","distance_km":5.8},{"id":8253,"code_insee":"77385","nom_standard":"Rebais","nom_a":null,"nom_de":null,"slug_ville":"rebais","departement_id":678,"code_postal":"77510","population":2289,"superficie_km2":"11.00","latitude_centre":"48.8580017","longitude_centre":"3.2330000","distance_km":7.35},{"id":8201,"code_insee":"77265","nom_standard":"Luzancy","nom_a":null,"nom_de":null,"slug_ville":"luzancy","departement_id":678,"code_postal":"77138","population":1070,"superficie_km2":"7.00","latitude_centre":"48.9780006","longitude_centre":"3.1810000","distance_km":7.35},{"id":8263,"code_insee":"77406","nom_standard":"Saint-Denis-lès-Rebais","nom_a":null,"nom_de":null,"slug_ville":"saint-denis-les-rebais","departement_id":678,"code_postal":"77510","population":1012,"superficie_km2":"15.00","latitude_centre":"48.8450012","longitude_centre":"3.1989999","distance_km":7.65},{"id":8277,"code_insee":"77440","nom_standard":"Sammeron","nom_a":null,"nom_de":null,"slug_ville":"sammeron","departement_id":678,"code_postal":"77260","population":1143,"superficie_km2":"6.00","latitude_centre":"48.9420013","longitude_centre":"3.0769999","distance_km":7.9},{"id":8114,"code_insee":"77078","nom_standard":"Chamigny","nom_a":null,"nom_de":null,"slug_ville":"chamigny","departement_id":678,"code_postal":"77260","population":1378,"superficie_km2":"14.00","latitude_centre":"48.9850006","longitude_centre":"3.1420000","distance_km":8.47},{"id":8295,"code_insee":"77478","nom_standard":"Ussy-sur-Marne","nom_a":null,"nom_de":null,"slug_ville":"ussy-sur-marne","departement_id":678,"code_postal":"77260","population":1074,"superficie_km2":"14.00","latitude_centre":"48.9669991","longitude_centre":"3.0820000","distance_km":9.14},{"id":8126,"code_insee":"77106","nom_standard":"Chauffry","nom_a":null,"nom_de":null,"slug_ville":"chauffry","departement_id":678,"code_postal":"77169","population":1014,"superficie_km2":"5.00","latitude_centre":"48.8219986","longitude_centre":"3.1810000","distance_km":10.02},{"id":8099,"code_insee":"77042","nom_standard":"Boissy-le-Châtel","nom_a":null,"nom_de":null,"slug_ville":"boissy-le-chatel","departement_id":678,"code_postal":"77169","population":3285,"superficie_km2":"10.00","latitude_centre":"48.8250008","longitude_centre":"3.1370001","distance_km":10.07},{"id":8267,"code_insee":"77415","nom_standard":"Saint-Jean-les-Deux-Jumeaux","nom_a":null,"nom_de":null,"slug_ville":"saint-jean-les-deux-jumeaux","departement_id":678,"code_postal":"77660","population":1285,"superficie_km2":"13.00","latitude_centre":"48.9389992","longitude_centre":"3.0270000","distance_km":11.22},{"id":272,"code_insee":"02818","nom_standard":"Villiers-Saint-Denis","nom_a":null,"nom_de":null,"slug_ville":"villiers-saint-denis","departement_id":602,"code_postal":"02310","population":1157,"superficie_km2":"8.00","latitude_centre":"48.9980011","longitude_centre":"3.2609999","distance_km":11.44},{"id":247,"code_insee":"02555","nom_standard":"Nogent-l'Artaud","nom_a":null,"nom_de":null,"slug_ville":"nogent-l-artaud","departement_id":602,"code_postal":"02310","population":2098,"superficie_km2":"24.00","latitude_centre":"48.9430008","longitude_centre":"3.3329999","distance_km":12.05},{"id":201,"code_insee":"02163","nom_standard":"Charly-sur-Marne","nom_a":null,"nom_de":null,"slug_ville":"charly-sur-marne","departement_id":602,"code_postal":"02310","population":2581,"superficie_km2":"21.00","latitude_centre":"48.9900017","longitude_centre":"3.2939999","distance_km":12.28},{"id":8307,"code_insee":"77512","nom_standard":"Villeneuve-sur-Bellot","nom_a":null,"nom_de":null,"slug_ville":"villeneuve-sur-bellot","departement_id":678,"code_postal":"77510","population":1136,"superficie_km2":"10.00","latitude_centre":"48.8730011","longitude_centre":"3.3329999","distance_km":12.34},{"id":8117,"code_insee":"77084","nom_standard":"Changis-sur-Marne","nom_a":null,"nom_de":null,"slug_ville":"changis-sur-marne","departement_id":678,"code_postal":"77660","population":1386,"superficie_km2":"7.00","latitude_centre":"48.9659996","longitude_centre":"3.0250001","distance_km":12.49},{"id":8142,"code_insee":"77131","nom_standard":"Coulommiers","nom_a":null,"nom_de":null,"slug_ville":"coulommiers","departement_id":678,"code_postal":"77120","population":15250,"superficie_km2":"11.00","latitude_centre":"48.8120003","longitude_centre":"3.0910001","distance_km":12.7},{"id":243,"code_insee":"02521","nom_standard":"Montreuil-aux-Lions","nom_a":null,"nom_de":null,"slug_ville":"montreuil-aux-lions","departement_id":602,"code_postal":"02310","population":1351,"superficie_km2":"13.00","latitude_centre":"49.0260010","longitude_centre":"3.1940000","distance_km":12.75}]}