{"ville":{"id":8276,"code_insee":"77439","nom_standard":"Salins","nom_a":null,"nom_de":null,"slug_ville":"salins","departement_id":678,"code_postal":"77148","population":1171,"superficie_km2":"11.00","latitude_centre":"48.4319992","longitude_centre":"3.0190001","dep_code":"77","dep_nom":"Seine-et-Marne","dep_slug":"seine-et-marne","reg_code":"10","reg_nom":"Île-de-France","reg_slug":"ile-de-france"},"departement":{"code":"77","nom":"Seine-et-Marne","slug":"seine-et-marne"},"region":{"code":"10","nom":"Île-de-France","slug":"ile-de-france"},"villes_proches":[{"id":8265,"code_insee":"77409","nom_standard":"Saint-Germain-Laval","nom_a":null,"nom_de":null,"slug_ville":"saint-germain-laval","departement_id":678,"code_postal":"77130","population":2828,"superficie_km2":"9.00","latitude_centre":"48.4090004","longitude_centre":"2.9949999","distance_km":3.11},{"id":8220,"code_insee":"77311","nom_standard":"Montigny-Lencoup","nom_a":null,"nom_de":null,"slug_ville":"montigny-lencoup","departement_id":678,"code_postal":"77520","population":1384,"superficie_km2":"21.00","latitude_centre":"48.4539986","longitude_centre":"3.0530000","distance_km":3.5},{"id":8206,"code_insee":"77279","nom_standard":"Marolles-sur-Seine","nom_a":null,"nom_de":null,"slug_ville":"marolles-sur-seine","departement_id":678,"code_postal":"77130","population":1812,"superficie_km2":"20.00","latitude_centre":"48.3839989","longitude_centre":"3.0320001","distance_km":5.42},{"id":8125,"code_insee":"77101","nom_standard":"Châtenay-sur-Seine","nom_a":null,"nom_de":null,"slug_ville":"chatenay-sur-seine","departement_id":678,"code_postal":"77126","population":1054,"superficie_km2":"13.00","latitude_centre":"48.4199982","longitude_centre":"3.0940001","distance_km":5.69},{"id":8217,"code_insee":"77305","nom_standard":"Montereau-Fault-Yonne","nom_a":null,"nom_de":null,"slug_ville":"montereau-fault-yonne","departement_id":678,"code_postal":"77130","population":22259,"superficie_km2":"9.00","latitude_centre":"48.3899994","longitude_centre":"2.9619999","distance_km":6.29},{"id":8106,"code_insee":"77061","nom_standard":"Cannes-Écluse","nom_a":null,"nom_de":null,"slug_ville":"cannes-ecluse","departement_id":678,"code_postal":"77130","population":2659,"superficie_km2":"9.00","latitude_centre":"48.3639984","longitude_centre":"2.9909999","distance_km":7.84},{"id":8155,"code_insee":"77159","nom_standard":"Donnemarie-Dontilly","nom_a":null,"nom_de":null,"slug_ville":"donnemarie-dontilly","departement_id":678,"code_postal":"77520","population":2747,"superficie_km2":"12.00","latitude_centre":"48.4780006","longitude_centre":"3.1180000","distance_km":8.91},{"id":8297,"code_insee":"77480","nom_standard":"Valence-en-Brie","nom_a":null,"nom_de":null,"slug_ville":"valence-en-brie","departement_id":678,"code_postal":"77830","population":1040,"superficie_km2":"11.00","latitude_centre":"48.4459992","longitude_centre":"2.8929999","distance_km":9.42},{"id":8298,"code_insee":"77482","nom_standard":"Varennes-sur-Seine","nom_a":null,"nom_de":null,"slug_ville":"varennes-sur-seine","departement_id":678,"code_postal":"77130","population":3688,"superficie_km2":"10.00","latitude_centre":"48.3680000","longitude_centre":"2.9300001","distance_km":9.69},{"id":8175,"code_insee":"77210","nom_standard":"La Grande-Paroisse","nom_a":null,"nom_de":null,"slug_ville":"la-grande-paroisse","departement_id":678,"code_postal":"77130","population":2873,"superficie_km2":"29.00","latitude_centre":"48.3919983","longitude_centre":"2.8980000","distance_km":9.98},{"id":9461,"code_insee":"89460","nom_standard":"Villeneuve-la-Guyard","nom_a":null,"nom_de":null,"slug_ville":"villeneuve-la-guyard","departement_id":690,"code_postal":"89340","population":3464,"superficie_km2":"17.00","latitude_centre":"48.3359985","longitude_centre":"3.0560000","distance_km":11.02},{"id":9464,"code_insee":"89480","nom_standard":"Vinneuf","nom_a":null,"nom_de":null,"slug_ville":"vinneuf","departement_id":690,"code_postal":"89140","population":1583,"superficie_km2":"15.00","latitude_centre":"48.3549995","longitude_centre":"3.1389999","distance_km":12.32},{"id":9459,"code_insee":"89449","nom_standard":"Villeblevin","nom_a":null,"nom_de":null,"slug_ville":"villeblevin","departement_id":690,"code_postal":"89340","population":1790,"superficie_km2":"7.00","latitude_centre":"48.3300018","longitude_centre":"3.0860000","distance_km":12.37},{"id":8302,"code_insee":"77494","nom_standard":"Vernou-la-Celle-sur-Seine","nom_a":null,"nom_de":null,"slug_ville":"vernou-la-celle-sur-seine","departement_id":678,"code_postal":"77670","population":2606,"superficie_km2":"22.00","latitude_centre":"48.4059982","longitude_centre":"2.8540001","distance_km":12.52},{"id":8169,"code_insee":"77191","nom_standard":"Fontenailles","nom_a":null,"nom_de":null,"slug_ville":"fontenailles","departement_id":678,"code_postal":"77370","population":1070,"superficie_km2":"27.00","latitude_centre":"48.5320015","longitude_centre":"2.9270000","distance_km":13.02},{"id":8230,"code_insee":"77327","nom_standard":"Nangis","nom_a":null,"nom_de":null,"slug_ville":"nangis","departement_id":678,"code_postal":"77370","population":8898,"superficie_km2":"24.00","latitude_centre":"48.5550003","longitude_centre":"3.0090001","distance_km":13.7},{"id":9413,"code_insee":"89124","nom_standard":"Courlon-sur-Yonne","nom_a":null,"nom_de":null,"slug_ville":"courlon-sur-yonne","departement_id":690,"code_postal":"89140","population":1177,"superficie_km2":"17.00","latitude_centre":"48.3450012","longitude_centre":"3.1780000","distance_km":15.21},{"id":8268,"code_insee":"77419","nom_standard":"Saint-Mammès","nom_a":null,"nom_de":null,"slug_ville":"saint-mammes","departement_id":678,"code_postal":"77670","population":3302,"superficie_km2":"2.00","latitude_centre":"48.3870010","longitude_centre":"2.8190000","distance_km":15.59},{"id":8115,"code_insee":"77079","nom_standard":"Champagne-sur-Seine","nom_a":null,"nom_de":null,"slug_ville":"champagne-sur-seine","departement_id":678,"code_postal":"77430","population":6356,"superficie_km2":"7.00","latitude_centre":"48.4090004","longitude_centre":"2.8080001","distance_km":15.78},{"id":8119,"code_insee":"77086","nom_standard":"La Chapelle-Gauthier","nom_a":null,"nom_de":null,"slug_ville":"la-chapelle-gauthier","departement_id":678,"code_postal":"77720","population":1420,"superficie_km2":"17.00","latitude_centre":"48.5309982","longitude_centre":"2.8629999","distance_km":15.92}]}