{"ville":{"id":8282,"code_insee":"77449","nom_standard":"Serris","nom_a":null,"nom_de":null,"slug_ville":"serris","departement_id":678,"code_postal":"77700","population":9706,"superficie_km2":"6.00","latitude_centre":"48.8450012","longitude_centre":"2.7880001","dep_code":"77","dep_nom":"Seine-et-Marne","dep_slug":"seine-et-marne","reg_code":"10","reg_nom":"Île-de-France","reg_slug":"ile-de-france"},"departement":{"code":"77","nom":"Seine-et-Marne","slug":"seine-et-marne"},"region":{"code":"10","nom":"Île-de-France","slug":"ile-de-france"},"villes_proches":[{"id":8093,"code_insee":"77018","nom_standard":"Bailly-Romainvilliers","nom_a":null,"nom_de":null,"slug_ville":"bailly-romainvilliers","departement_id":678,"code_postal":"77700","population":7169,"superficie_km2":"8.00","latitude_centre":"48.8429985","longitude_centre":"2.8169999","distance_km":2.13},{"id":8202,"code_insee":"77268","nom_standard":"Magny-le-Hongre","nom_a":null,"nom_de":null,"slug_ville":"magny-le-hongre","departement_id":678,"code_postal":"77700","population":9064,"superficie_km2":"5.00","latitude_centre":"48.8670006","longitude_centre":"2.8139999","distance_km":3.1},{"id":8130,"code_insee":"77111","nom_standard":"Chessy","nom_a":null,"nom_de":null,"slug_ville":"chessy","departement_id":678,"code_postal":"77700","population":6875,"superficie_km2":"6.00","latitude_centre":"48.8720017","longitude_centre":"2.7700000","distance_km":3.28},{"id":8306,"code_insee":"77510","nom_standard":"Villeneuve-Saint-Denis","nom_a":null,"nom_de":null,"slug_ville":"villeneuve-saint-denis","departement_id":678,"code_postal":"77174","population":1398,"superficie_km2":"7.00","latitude_centre":"48.8120003","longitude_centre":"2.7930000","distance_km":3.69},{"id":8218,"code_insee":"77307","nom_standard":"Montévrain","nom_a":null,"nom_de":null,"slug_ville":"montevrain","departement_id":678,"code_postal":"77144","population":13934,"superficie_km2":"5.00","latitude_centre":"48.8680000","longitude_centre":"2.7500000","distance_km":3.78},{"id":8118,"code_insee":"77085","nom_standard":"Chanteloup-en-Brie","nom_a":null,"nom_de":null,"slug_ville":"chanteloup-en-brie","departement_id":678,"code_postal":"77600","population":4171,"superficie_km2":"3.00","latitude_centre":"48.8580017","longitude_centre":"2.7400000","distance_km":3.8},{"id":8146,"code_insee":"77141","nom_standard":"Coutevroult","nom_a":null,"nom_de":null,"slug_ville":"coutevroult","departement_id":678,"code_postal":"77580","population":1194,"superficie_km2":"8.00","latitude_centre":"48.8530006","longitude_centre":"2.8480001","distance_km":4.48},{"id":8143,"code_insee":"77132","nom_standard":"Coupvray","nom_a":null,"nom_de":null,"slug_ville":"coupvray","departement_id":678,"code_postal":"77700","population":2949,"superficie_km2":"8.00","latitude_centre":"48.8860016","longitude_centre":"2.7939999","distance_km":4.58},{"id":8266,"code_insee":"77413","nom_standard":"Saint-Germain-sur-Morin","nom_a":null,"nom_de":null,"slug_ville":"saint-germain-sur-morin","departement_id":678,"code_postal":"77860","population":3881,"superficie_km2":"5.00","latitude_centre":"48.8750000","longitude_centre":"2.8399999","distance_km":5.06},{"id":8105,"code_insee":"77058","nom_standard":"Bussy-Saint-Georges","nom_a":null,"nom_de":null,"slug_ville":"bussy-saint-georges","departement_id":678,"code_postal":"77600","population":26571,"superficie_km2":"15.00","latitude_centre":"48.8310013","longitude_centre":"2.7219999","distance_km":5.08},{"id":8305,"code_insee":"77508","nom_standard":"Villeneuve-le-Comte","nom_a":null,"nom_de":null,"slug_ville":"villeneuve-le-comte","departement_id":678,"code_postal":"77174","population":1870,"superficie_km2":"19.00","latitude_centre":"48.8120003","longitude_centre":"2.8380001","distance_km":5.18},{"id":8222,"code_insee":"77315","nom_standard":"Montry","nom_a":null,"nom_de":null,"slug_ville":"montry","departement_id":678,"code_postal":"77450","population":3799,"superficie_km2":"3.00","latitude_centre":"48.8860016","longitude_centre":"2.8230000","distance_km":5.23},{"id":8137,"code_insee":"77124","nom_standard":"Conches-sur-Gondoire","nom_a":null,"nom_de":null,"slug_ville":"conches-sur-gondoire","departement_id":678,"code_postal":"77600","population":1742,"superficie_km2":"2.00","latitude_centre":"48.8580017","longitude_centre":"2.7190001","distance_km":5.25},{"id":8181,"code_insee":"77221","nom_standard":"Guermantes","nom_a":null,"nom_de":null,"slug_ville":"guermantes","departement_id":678,"code_postal":"77600","population":1148,"superficie_km2":"1.00","latitude_centre":"48.8510017","longitude_centre":"2.7119999","distance_km":5.6},{"id":8112,"code_insee":"77075","nom_standard":"Chalifert","nom_a":null,"nom_de":null,"slug_ville":"chalifert","departement_id":678,"code_postal":"77144","population":1482,"superficie_km2":"2.00","latitude_centre":"48.8950005","longitude_centre":"2.7730000","distance_km":5.67},{"id":8312,"code_insee":"77521","nom_standard":"Villiers-sur-Morin","nom_a":null,"nom_de":null,"slug_ville":"villiers-sur-morin","departement_id":678,"code_postal":"77580","population":2048,"superficie_km2":"6.00","latitude_centre":"48.8489990","longitude_centre":"2.8690000","distance_km":5.94},{"id":8154,"code_insee":"77155","nom_standard":"Dampmart","nom_a":null,"nom_de":null,"slug_ville":"dampmart","departement_id":678,"code_postal":"77400","population":3586,"superficie_km2":"6.00","latitude_centre":"48.8940010","longitude_centre":"2.7460001","distance_km":6.25},{"id":8159,"code_insee":"77171","nom_standard":"Esbly","nom_a":null,"nom_de":null,"slug_ville":"esbly","departement_id":678,"code_postal":"77450","population":6402,"superficie_km2":"3.00","latitude_centre":"48.9010010","longitude_centre":"2.8120000","distance_km":6.47},{"id":8164,"code_insee":"77181","nom_standard":"Ferrières-en-Brie","nom_a":null,"nom_de":null,"slug_ville":"ferrieres-en-brie","departement_id":678,"code_postal":"77164","population":3841,"superficie_km2":"6.00","latitude_centre":"48.8199997","longitude_centre":"2.7079999","distance_km":6.48},{"id":8190,"code_insee":"77243","nom_standard":"Lagny-sur-Marne","nom_a":null,"nom_de":null,"slug_ville":"lagny-sur-marne","departement_id":678,"code_postal":"77400","population":21191,"superficie_km2":"6.00","latitude_centre":"48.8730011","longitude_centre":"2.7100000","distance_km":6.5}]}