{"ville":{"id":8441,"code_insee":"78601","nom_standard":"Sonchamp","nom_a":null,"nom_de":null,"slug_ville":"sonchamp","departement_id":679,"code_postal":"78120","population":1630,"superficie_km2":"46.00","latitude_centre":"48.5880013","longitude_centre":"1.8690000","dep_code":"78","dep_nom":"Yvelines","dep_slug":"yvelines","reg_code":"10","reg_nom":"Île-de-France","reg_slug":"ile-de-france"},"departement":{"code":"78","nom":"Yvelines","slug":"yvelines"},"region":{"code":"10","nom":"Île-de-France","slug":"ile-de-france"},"villes_proches":[{"id":8431,"code_insee":"78537","nom_standard":"Saint-Arnoult-en-Yvelines","nom_a":null,"nom_de":null,"slug_ville":"saint-arnoult-en-yvelines","departement_id":679,"code_postal":"78730","population":5870,"superficie_km2":"13.00","latitude_centre":"48.5719986","longitude_centre":"1.9349999","distance_km":5.17},{"id":8317,"code_insee":"78003","nom_standard":"Ablis","nom_a":null,"nom_de":null,"slug_ville":"ablis","departement_id":679,"code_postal":"78660","population":3715,"superficie_km2":"26.00","latitude_centre":"48.5279999","longitude_centre":"1.8510000","distance_km":6.8},{"id":8428,"code_insee":"78517","nom_standard":"Rambouillet","nom_a":null,"nom_de":null,"slug_ville":"rambouillet","departement_id":679,"code_postal":"78120","population":26816,"superficie_km2":"36.00","latitude_centre":"48.6539993","longitude_centre":"1.8260000","distance_km":7.99},{"id":8373,"code_insee":"78269","nom_standard":"Gazeran","nom_a":null,"nom_de":null,"slug_ville":"gazeran","departement_id":679,"code_postal":"78125","population":1288,"superficie_km2":"26.00","latitude_centre":"48.6329994","longitude_centre":"1.7780000","distance_km":8.35},{"id":8339,"code_insee":"78120","nom_standard":"Bullion","nom_a":null,"nom_de":null,"slug_ville":"bullion","departement_id":679,"code_postal":"78830","population":1914,"superficie_km2":"21.00","latitude_centre":"48.6250000","longitude_centre":"1.9830000","distance_km":9.34},{"id":9532,"code_insee":"91200","nom_standard":"Dourdan","nom_a":null,"nom_de":null,"slug_ville":"dourdan","departement_id":692,"code_postal":"91410","population":11279,"superficie_km2":"31.00","latitude_centre":"48.5359993","longitude_centre":"1.9940000","distance_km":10.87},{"id":8323,"code_insee":"78030","nom_standard":"Auffargis","nom_a":null,"nom_de":null,"slug_ville":"auffargis","departement_id":679,"code_postal":"78610","population":1974,"superficie_km2":"17.00","latitude_centre":"48.6839981","longitude_centre":"1.9020000","distance_km":10.95},{"id":8343,"code_insee":"78128","nom_standard":"Cernay-la-Ville","nom_a":null,"nom_de":null,"slug_ville":"cernay-la-ville","departement_id":679,"code_postal":"78720","population":1536,"superficie_km2":"10.00","latitude_centre":"48.6699982","longitude_centre":"1.9600000","distance_km":11.31},{"id":8421,"code_insee":"78486","nom_standard":"Le Perray-en-Yvelines","nom_a":null,"nom_de":null,"slug_ville":"le-perray-en-yvelines","departement_id":679,"code_postal":"78610","population":6543,"superficie_km2":"14.00","latitude_centre":"48.6969986","longitude_centre":"1.8440000","distance_km":12.26},{"id":8331,"code_insee":"78087","nom_standard":"Bonnelles","nom_a":null,"nom_de":null,"slug_ville":"bonnelles","departement_id":679,"code_postal":"78830","population":2123,"superficie_km2":"11.00","latitude_centre":"48.6180000","longitude_centre":"2.0300000","distance_km":12.3},{"id":9528,"code_insee":"91175","nom_standard":"Corbreuse","nom_a":null,"nom_de":null,"slug_ville":"corbreuse","departement_id":692,"code_postal":"91410","population":1706,"superficie_km2":"16.00","latitude_centre":"48.4949989","longitude_centre":"1.9600000","distance_km":12.32},{"id":2152,"code_insee":"28135","nom_standard":"Droue-sur-Drouette","nom_a":null,"nom_de":null,"slug_ville":"droue-sur-drouette","departement_id":629,"code_postal":"28230","population":1195,"superficie_km2":"5.00","latitude_centre":"48.6020012","longitude_centre":"1.7010000","distance_km":12.45},{"id":2153,"code_insee":"28140","nom_standard":"Épernon","nom_a":null,"nom_de":null,"slug_ville":"epernon","departement_id":629,"code_postal":"28230","population":5549,"superficie_km2":"7.00","latitude_centre":"48.5940018","longitude_centre":"1.6849999","distance_km":13.55},{"id":9496,"code_insee":"91017","nom_standard":"Angervilliers","nom_a":null,"nom_de":null,"slug_ville":"angervilliers","departement_id":692,"code_postal":"91470","population":1731,"superficie_km2":"9.00","latitude_centre":"48.5909996","longitude_centre":"2.0590000","distance_km":13.98},{"id":8427,"code_insee":"78516","nom_standard":"Raizeux","nom_a":null,"nom_de":null,"slug_ville":"raizeux","departement_id":679,"code_postal":"78125","population":1011,"superficie_km2":"10.00","latitude_centre":"48.6360016","longitude_centre":"1.6890000","distance_km":14.27},{"id":8362,"code_insee":"78220","nom_standard":"Les Essarts-le-Roi","nom_a":null,"nom_de":null,"slug_ville":"les-essarts-le-roi","departement_id":679,"code_postal":"78690","population":6775,"superficie_km2":"20.00","latitude_centre":"48.7159996","longitude_centre":"1.8950000","distance_km":14.36},{"id":9549,"code_insee":"91284","nom_standard":"Les Granges-le-Roi","nom_a":null,"nom_de":null,"slug_ville":"les-granges-le-roi","departement_id":692,"code_postal":"91410","population":1183,"superficie_km2":"13.00","latitude_centre":"48.4980011","longitude_centre":"2.0109999","distance_km":14.47},{"id":2156,"code_insee":"28168","nom_standard":"Gallardon","nom_a":null,"nom_de":null,"slug_ville":"gallardon","departement_id":629,"code_postal":"28320","population":3589,"superficie_km2":"11.00","latitude_centre":"48.5340004","longitude_centre":"1.6890000","distance_km":14.54},{"id":2123,"code_insee":"28015","nom_standard":"Auneau-Bleury-Saint-Symphorien","nom_a":null,"nom_de":null,"slug_ville":"auneau-bleury-saint-symphorien","departement_id":629,"code_postal":"28700","population":6288,"superficie_km2":"17.00","latitude_centre":"48.4690018","longitude_centre":"1.7730000","distance_km":15},{"id":8336,"code_insee":"78108","nom_standard":"Les Bréviaires","nom_a":null,"nom_de":null,"slug_ville":"les-breviaires","departement_id":679,"code_postal":"78610","population":1311,"superficie_km2":"20.00","latitude_centre":"48.7210007","longitude_centre":"1.8160000","distance_km":15.29}]}