{"ville":{"id":8287,"code_insee":"77458","nom_standard":"Souppes-sur-Loing","nom_a":null,"nom_de":null,"slug_ville":"souppes-sur-loing","departement_id":678,"code_postal":"77460","population":5114,"superficie_km2":"28.00","latitude_centre":"48.1870003","longitude_centre":"2.7479999","dep_code":"77","dep_nom":"Seine-et-Marne","dep_slug":"seine-et-marne","reg_code":"10","reg_nom":"Île-de-France","reg_slug":"ile-de-france"},"departement":{"code":"77","nom":"Seine-et-Marne","slug":"seine-et-marne"},"region":{"code":"10","nom":"Île-de-France","slug":"ile-de-france"},"villes_proches":[{"id":4501,"code_insee":"45127","nom_standard":"Dordives","nom_a":null,"nom_de":null,"slug_ville":"dordives","departement_id":646,"code_postal":"45680","population":3263,"superficie_km2":"15.00","latitude_centre":"48.1469994","longitude_centre":"2.7739999","distance_km":4.85},{"id":8092,"code_insee":"77016","nom_standard":"Bagneaux-sur-Loing","nom_a":null,"nom_de":null,"slug_ville":"bagneaux-sur-loing","departement_id":678,"code_postal":"77167","population":1595,"superficie_km2":"5.00","latitude_centre":"48.2229996","longitude_centre":"2.7079999","distance_km":4.98},{"id":8123,"code_insee":"77099","nom_standard":"Château-Landon","nom_a":null,"nom_de":null,"slug_ville":"chateau-landon","departement_id":678,"code_postal":"77570","population":3085,"superficie_km2":"29.00","latitude_centre":"48.1479988","longitude_centre":"2.7000000","distance_km":5.61},{"id":4532,"code_insee":"45222","nom_standard":"Nargis","nom_a":null,"nom_de":null,"slug_ville":"nargis","departement_id":646,"code_postal":"45210","population":1449,"superficie_km2":"22.00","latitude_centre":"48.1110001","longitude_centre":"2.7379999","distance_km":8.48},{"id":8232,"code_insee":"77333","nom_standard":"Nemours","nom_a":null,"nom_de":null,"slug_ville":"nemours","departement_id":678,"code_postal":"77140","population":13189,"superficie_km2":"10.00","latitude_centre":"48.2599983","longitude_centre":"2.7110000","distance_km":8.57},{"id":4507,"code_insee":"45145","nom_standard":"Ferrières-en-Gâtinais","nom_a":null,"nom_de":null,"slug_ville":"ferrieres-en-gatinais","departement_id":646,"code_postal":"45210","population":3750,"superficie_km2":"27.00","latitude_centre":"48.1059990","longitude_centre":"2.8039999","distance_km":9.92},{"id":8157,"code_insee":"77168","nom_standard":"Égreville","nom_a":null,"nom_de":null,"slug_ville":"egreville","departement_id":678,"code_postal":"77620","population":2143,"superficie_km2":"32.00","latitude_centre":"48.1819992","longitude_centre":"2.8840001","distance_km":10.1},{"id":8271,"code_insee":"77431","nom_standard":"Saint-Pierre-lès-Nemours","nom_a":null,"nom_de":null,"slug_ville":"saint-pierre-les-nemours","departement_id":678,"code_postal":"77140","population":5416,"superficie_km2":"22.00","latitude_centre":"48.2649994","longitude_centre":"2.6659999","distance_km":10.59},{"id":4510,"code_insee":"45148","nom_standard":"Fontenay-sur-Loing","nom_a":null,"nom_de":null,"slug_ville":"fontenay-sur-loing","departement_id":646,"code_postal":"45210","population":1693,"superficie_km2":"10.00","latitude_centre":"48.0830002","longitude_centre":"2.7690001","distance_km":11.67},{"id":8199,"code_insee":"77261","nom_standard":"Lorrez-le-Bocage-Préaux","nom_a":null,"nom_de":null,"slug_ville":"lorrez-le-bocage-preaux","departement_id":678,"code_postal":"77710","population":1213,"superficie_km2":"20.00","latitude_centre":"48.2400017","longitude_centre":"2.8959999","distance_km":12.45},{"id":8216,"code_insee":"77302","nom_standard":"Montcourt-Fromonville","nom_a":null,"nom_de":null,"slug_ville":"montcourt-fromonville","departement_id":678,"code_postal":"77140","population":1925,"superficie_km2":"8.00","latitude_centre":"48.2989998","longitude_centre":"2.7119999","distance_km":12.74},{"id":8304,"code_insee":"77504","nom_standard":"Villemaréchal","nom_a":null,"nom_de":null,"slug_ville":"villemarechal","departement_id":678,"code_postal":"77710","population":1082,"superficie_km2":"14.00","latitude_centre":"48.2719994","longitude_centre":"2.8680000","distance_km":12.97},{"id":8178,"code_insee":"77216","nom_standard":"Grez-sur-Loing","nom_a":null,"nom_de":null,"slug_ville":"grez-sur-loing","departement_id":678,"code_postal":"77880","population":1436,"superficie_km2":"13.00","latitude_centre":"48.3069992","longitude_centre":"2.6770000","distance_km":14.34},{"id":4477,"code_insee":"45061","nom_standard":"Cepoy","nom_a":null,"nom_de":null,"slug_ville":"cepoy","departement_id":646,"code_postal":"45120","population":2373,"superficie_km2":"8.00","latitude_centre":"48.0509987","longitude_centre":"2.7400000","distance_km":15.13},{"id":4572,"code_insee":"45307","nom_standard":"La Selle-sur-le-Bied","nom_a":null,"nom_de":null,"slug_ville":"la-selle-sur-le-bied","departement_id":646,"code_postal":"45210","population":1110,"superficie_km2":"24.00","latitude_centre":"48.0760002","longitude_centre":"2.8880000","distance_km":16.13},{"id":4494,"code_insee":"45104","nom_standard":"Corquilleroy","nom_a":null,"nom_de":null,"slug_ville":"corquilleroy","departement_id":646,"code_postal":"45120","population":2831,"superficie_km2":"14.00","latitude_centre":"48.0410004","longitude_centre":"2.6940000","distance_km":16.72},{"id":8101,"code_insee":"77048","nom_standard":"Bourron-Marlotte","nom_a":null,"nom_de":null,"slug_ville":"bourron-marlotte","departement_id":678,"code_postal":"77780","population":2762,"superficie_km2":"11.00","latitude_centre":"48.3349991","longitude_centre":"2.7019999","distance_km":16.81},{"id":8221,"code_insee":"77312","nom_standard":"Montigny-sur-Loing","nom_a":null,"nom_de":null,"slug_ville":"montigny-sur-loing","departement_id":678,"code_postal":"77690","population":2621,"superficie_km2":"9.00","latitude_centre":"48.3409996","longitude_centre":"2.7509999","distance_km":17.13},{"id":4480,"code_insee":"45068","nom_standard":"Châlette-sur-Loing","nom_a":null,"nom_de":null,"slug_ville":"chalette-sur-loing","departement_id":646,"code_postal":"45120","population":12728,"superficie_km2":"13.00","latitude_centre":"48.0190010","longitude_centre":"2.7360001","distance_km":18.7},{"id":4493,"code_insee":"45103","nom_standard":"Corbeilles","nom_a":null,"nom_de":null,"slug_ville":"corbeilles","departement_id":646,"code_postal":"45490","population":1561,"superficie_km2":"33.00","latitude_centre":"48.0750008","longitude_centre":"2.5599999","distance_km":18.7}]}