{"ville":{"id":9739,"code_insee":"94071","nom_standard":"Sucy-en-Brie","nom_a":null,"nom_de":null,"slug_ville":"sucy-en-brie","departement_id":695,"code_postal":"94370","population":27622,"superficie_km2":"10.00","latitude_centre":"48.7659988","longitude_centre":"2.5330000","dep_code":"94","dep_nom":"Val-de-Marne","dep_slug":"val-de-marne","reg_code":"10","reg_nom":"Île-de-France","reg_slug":"ile-de-france"},"departement":{"code":"94","nom":"Val-de-Marne","slug":"val-de-marne"},"region":{"code":"10","nom":"Île-de-France","slug":"ile-de-france"},"villes_proches":[{"id":9727,"code_insee":"94053","nom_standard":"Noiseau","nom_a":null,"nom_de":null,"slug_ville":"noiseau","departement_id":695,"code_postal":"94880","population":4610,"superficie_km2":"5.00","latitude_centre":"48.7739983","longitude_centre":"2.5550001","distance_km":1.84},{"id":9705,"code_insee":"94004","nom_standard":"Boissy-Saint-Léger","nom_a":null,"nom_de":null,"slug_ville":"boissy-saint-leger","departement_id":695,"code_postal":"94470","population":17570,"superficie_km2":"9.00","latitude_centre":"48.7470017","longitude_centre":"2.5250001","distance_km":2.19},{"id":9729,"code_insee":"94055","nom_standard":"Ormesson-sur-Marne","nom_a":null,"nom_de":null,"slug_ville":"ormesson-sur-marne","departement_id":695,"code_postal":"94490","population":10540,"superficie_km2":"3.00","latitude_centre":"48.7859993","longitude_centre":"2.5390000","distance_km":2.27},{"id":9725,"code_insee":"94048","nom_standard":"Marolles-en-Brie","nom_a":null,"nom_de":null,"slug_ville":"marolles-en-brie","departement_id":695,"code_postal":"94440","population":4689,"superficie_km2":"5.00","latitude_centre":"48.7400017","longitude_centre":"2.5550001","distance_km":3.31},{"id":9706,"code_insee":"94011","nom_standard":"Bonneuil-sur-Marne","nom_a":null,"nom_de":null,"slug_ville":"bonneuil-sur-marne","departement_id":695,"code_postal":"94380","population":18750,"superficie_km2":"6.00","latitude_centre":"48.7729988","longitude_centre":"2.4879999","distance_km":3.39},{"id":9711,"code_insee":"94019","nom_standard":"Chennevières-sur-Marne","nom_a":null,"nom_de":null,"slug_ville":"chennevieres-sur-marne","departement_id":695,"code_postal":"94430","population":18367,"superficie_km2":"5.00","latitude_centre":"48.7980003","longitude_centre":"2.5420001","distance_km":3.62},{"id":9733,"code_insee":"94060","nom_standard":"La Queue-en-Brie","nom_a":null,"nom_de":null,"slug_ville":"la-queue-en-brie","departement_id":695,"code_postal":"94510","population":12081,"superficie_km2":"9.00","latitude_centre":"48.7779999","longitude_centre":"2.5840001","distance_km":3.97},{"id":9722,"code_insee":"94044","nom_standard":"Limeil-Brévannes","nom_a":null,"nom_de":null,"slug_ville":"limeil-brevannes","departement_id":695,"code_postal":"94450","population":27999,"superficie_km2":"7.00","latitude_centre":"48.7449989","longitude_centre":"2.4890001","distance_km":3.98},{"id":9738,"code_insee":"94070","nom_standard":"Santeny","nom_a":null,"nom_de":null,"slug_ville":"santeny","departement_id":695,"code_postal":"94440","population":4003,"superficie_km2":"10.00","latitude_centre":"48.7360001","longitude_centre":"2.5760000","distance_km":4.59},{"id":9736,"code_insee":"94068","nom_standard":"Saint-Maur-des-Fossés","nom_a":null,"nom_de":null,"slug_ville":"saint-maur-des-fosses","departement_id":695,"code_postal":"94210","population":75441,"superficie_km2":"11.00","latitude_centre":"48.7989998","longitude_centre":"2.4940000","distance_km":4.65},{"id":9742,"code_insee":"94075","nom_standard":"Villecresnes","nom_a":null,"nom_de":null,"slug_ville":"villecresnes","departement_id":695,"code_postal":"94440","population":11642,"superficie_km2":"6.00","latitude_centre":"48.7210007","longitude_centre":"2.5320001","distance_km":5},{"id":9732,"code_insee":"94059","nom_standard":"Le Plessis-Trévise","nom_a":null,"nom_de":null,"slug_ville":"le-plessis-trevise","departement_id":695,"code_postal":"94420","population":20218,"superficie_km2":"4.00","latitude_centre":"48.8059998","longitude_centre":"2.5760000","distance_km":5.45},{"id":9741,"code_insee":"94074","nom_standard":"Valenton","nom_a":null,"nom_de":null,"slug_ville":"valenton","departement_id":695,"code_postal":"94460","population":14482,"superficie_km2":"5.00","latitude_centre":"48.7529984","longitude_centre":"2.4610000","distance_km":5.47},{"id":9709,"code_insee":"94017","nom_standard":"Champigny-sur-Marne","nom_a":null,"nom_de":null,"slug_ville":"champigny-sur-marne","departement_id":695,"code_postal":"94500","population":77724,"superficie_km2":"11.00","latitude_centre":"48.8170013","longitude_centre":"2.5170000","distance_km":5.79},{"id":9714,"code_insee":"94028","nom_standard":"Créteil","nom_a":null,"nom_de":null,"slug_ville":"creteil","departement_id":695,"code_postal":"94000","population":92989,"superficie_km2":"11.00","latitude_centre":"48.7840004","longitude_centre":"2.4549999","distance_km":6.06},{"id":9624,"code_insee":"91691","nom_standard":"Yerres","nom_a":null,"nom_de":null,"slug_ville":"yerres","departement_id":692,"code_postal":"91330","population":28699,"superficie_km2":"10.00","latitude_centre":"48.7159996","longitude_centre":"2.4930000","distance_km":6.29},{"id":8191,"code_insee":"77249","nom_standard":"Lésigny","nom_a":null,"nom_de":null,"slug_ville":"lesigny","departement_id":678,"code_postal":"77150","population":7102,"superficie_km2":"10.00","latitude_centre":"48.7500000","longitude_centre":"2.6159999","distance_km":6.34},{"id":8246,"code_insee":"77373","nom_standard":"Pontault-Combault","nom_a":null,"nom_de":null,"slug_ville":"pontault-combault","departement_id":678,"code_postal":"77340","population":38258,"superficie_km2":"14.00","latitude_centre":"48.7869988","longitude_centre":"2.6140001","distance_km":6.38},{"id":9746,"code_insee":"94079","nom_standard":"Villiers-sur-Marne","nom_a":null,"nom_de":null,"slug_ville":"villiers-sur-marne","departement_id":695,"code_postal":"94350","population":30669,"superficie_km2":"4.00","latitude_centre":"48.8260002","longitude_centre":"2.5450001","distance_km":6.73},{"id":9724,"code_insee":"94047","nom_standard":"Mandres-les-Roses","nom_a":null,"nom_de":null,"slug_ville":"mandres-les-roses","departement_id":695,"code_postal":"94520","population":4825,"superficie_km2":"3.00","latitude_centre":"48.7060013","longitude_centre":"2.5480001","distance_km":6.76}]}