{"ville":{"id":8291,"code_insee":"77468","nom_standard":"Torcy","nom_a":null,"nom_de":null,"slug_ville":"torcy","departement_id":678,"code_postal":"77200","population":22444,"superficie_km2":"6.00","latitude_centre":"48.8530006","longitude_centre":"2.6510000","dep_code":"77","dep_nom":"Seine-et-Marne","dep_slug":"seine-et-marne","reg_code":"10","reg_nom":"Île-de-France","reg_slug":"ile-de-france"},"departement":{"code":"77","nom":"Seine-et-Marne","slug":"seine-et-marne"},"region":{"code":"10","nom":"Île-de-France","slug":"ile-de-france"},"villes_proches":[{"id":8296,"code_insee":"77479","nom_standard":"Vaires-sur-Marne","nom_a":null,"nom_de":null,"slug_ville":"vaires-sur-marne","departement_id":678,"code_postal":"77360","population":13518,"superficie_km2":"6.00","latitude_centre":"48.8699989","longitude_centre":"2.6359999","distance_km":2.19},{"id":8275,"code_insee":"77438","nom_standard":"Saint-Thibault-des-Vignes","nom_a":null,"nom_de":null,"slug_ville":"saint-thibault-des-vignes","departement_id":678,"code_postal":"77400","population":6266,"superficie_km2":"5.00","latitude_centre":"48.8639984","longitude_centre":"2.6760001","distance_km":2.2},{"id":8235,"code_insee":"77337","nom_standard":"Noisiel","nom_a":null,"nom_de":null,"slug_ville":"noisiel","departement_id":678,"code_postal":"77186","population":15461,"superficie_km2":"4.00","latitude_centre":"48.8460007","longitude_centre":"2.6199999","distance_km":2.4},{"id":8196,"code_insee":"77258","nom_standard":"Lognes","nom_a":null,"nom_de":null,"slug_ville":"lognes","departement_id":678,"code_postal":"77185","population":14650,"superficie_km2":"4.00","latitude_centre":"48.8330002","longitude_centre":"2.6340001","distance_km":2.55},{"id":8174,"code_insee":"77209","nom_standard":"Gouvernes","nom_a":null,"nom_de":null,"slug_ville":"gouvernes","departement_id":678,"code_postal":"77400","population":1178,"superficie_km2":"3.00","latitude_centre":"48.8580017","longitude_centre":"2.6949999","distance_km":3.27},{"id":8135,"code_insee":"77121","nom_standard":"Collégien","nom_a":null,"nom_de":null,"slug_ville":"collegien","departement_id":678,"code_postal":"77090","population":3334,"superficie_km2":"3.00","latitude_centre":"48.8269997","longitude_centre":"2.6770000","distance_km":3.46},{"id":8149,"code_insee":"77146","nom_standard":"Croissy-Beaubourg","nom_a":null,"nom_de":null,"slug_ville":"croissy-beaubourg","departement_id":678,"code_postal":"77183","population":1990,"superficie_km2":"11.00","latitude_centre":"48.8170013","longitude_centre":"2.6559999","distance_km":4.02},{"id":8116,"code_insee":"77083","nom_standard":"Champs-sur-Marne","nom_a":null,"nom_de":null,"slug_ville":"champs-sur-marne","departement_id":678,"code_postal":"77420","population":25695,"superficie_km2":"8.00","latitude_centre":"48.8479996","longitude_centre":"2.5960000","distance_km":4.06},{"id":8245,"code_insee":"77372","nom_standard":"Pomponne","nom_a":null,"nom_de":null,"slug_ville":"pomponne","departement_id":678,"code_postal":"77400","population":4158,"superficie_km2":"7.00","latitude_centre":"48.8870010","longitude_centre":"2.6750000","distance_km":4.17},{"id":8104,"code_insee":"77055","nom_standard":"Brou-sur-Chantereine","nom_a":null,"nom_de":null,"slug_ville":"brou-sur-chantereine","departement_id":678,"code_postal":"77177","population":4992,"superficie_km2":"4.00","latitude_centre":"48.8899994","longitude_centre":"2.6400001","distance_km":4.19},{"id":8181,"code_insee":"77221","nom_standard":"Guermantes","nom_a":null,"nom_de":null,"slug_ville":"guermantes","departement_id":678,"code_postal":"77600","population":1148,"superficie_km2":"1.00","latitude_centre":"48.8510017","longitude_centre":"2.7119999","distance_km":4.47},{"id":8158,"code_insee":"77169","nom_standard":"Émerainville","nom_a":null,"nom_de":null,"slug_ville":"emerainville","departement_id":678,"code_postal":"77184","population":7601,"superficie_km2":"5.00","latitude_centre":"48.8199997","longitude_centre":"2.6090000","distance_km":4.79},{"id":8190,"code_insee":"77243","nom_standard":"Lagny-sur-Marne","nom_a":null,"nom_de":null,"slug_ville":"lagny-sur-marne","departement_id":678,"code_postal":"77400","population":21191,"superficie_km2":"6.00","latitude_centre":"48.8730011","longitude_centre":"2.7100000","distance_km":4.86},{"id":8137,"code_insee":"77124","nom_standard":"Conches-sur-Gondoire","nom_a":null,"nom_de":null,"slug_ville":"conches-sur-gondoire","departement_id":678,"code_postal":"77600","population":1742,"superficie_km2":"2.00","latitude_centre":"48.8580017","longitude_centre":"2.7190001","distance_km":5.01},{"id":8128,"code_insee":"77108","nom_standard":"Chelles","nom_a":null,"nom_de":null,"slug_ville":"chelles","departement_id":678,"code_postal":"77500","population":54309,"superficie_km2":"16.00","latitude_centre":"48.8839989","longitude_centre":"2.5969999","distance_km":5.24},{"id":8164,"code_insee":"77181","nom_standard":"Ferrières-en-Brie","nom_a":null,"nom_de":null,"slug_ville":"ferrieres-en-brie","departement_id":678,"code_postal":"77164","population":3841,"superficie_km2":"6.00","latitude_centre":"48.8199997","longitude_centre":"2.7079999","distance_km":5.56},{"id":9676,"code_insee":"93033","nom_standard":"Gournay-sur-Marne","nom_a":null,"nom_de":null,"slug_ville":"gournay-sur-marne","departement_id":694,"code_postal":"93460","population":6882,"superficie_km2":"2.00","latitude_centre":"48.8610001","longitude_centre":"2.5750000","distance_km":5.63},{"id":8105,"code_insee":"77058","nom_standard":"Bussy-Saint-Georges","nom_a":null,"nom_de":null,"slug_ville":"bussy-saint-georges","departement_id":678,"code_postal":"77600","population":26571,"superficie_km2":"15.00","latitude_centre":"48.8310013","longitude_centre":"2.7219999","distance_km":5.74},{"id":8290,"code_insee":"77464","nom_standard":"Thorigny-sur-Marne","nom_a":null,"nom_de":null,"slug_ville":"thorigny-sur-marne","departement_id":678,"code_postal":"77400","population":10405,"superficie_km2":"5.00","latitude_centre":"48.8919983","longitude_centre":"2.7119999","distance_km":6.22},{"id":8118,"code_insee":"77085","nom_standard":"Chanteloup-en-Brie","nom_a":null,"nom_de":null,"slug_ville":"chanteloup-en-brie","departement_id":678,"code_postal":"77600","population":4171,"superficie_km2":"3.00","latitude_centre":"48.8580017","longitude_centre":"2.7400000","distance_km":6.54}]}