{"ville":{"id":8297,"code_insee":"77480","nom_standard":"Valence-en-Brie","nom_a":null,"nom_de":null,"slug_ville":"valence-en-brie","departement_id":678,"code_postal":"77830","population":1040,"superficie_km2":"11.00","latitude_centre":"48.4459992","longitude_centre":"2.8929999","dep_code":"77","dep_nom":"Seine-et-Marne","dep_slug":"seine-et-marne","reg_code":"10","reg_nom":"Île-de-France","reg_slug":"ile-de-france"},"departement":{"code":"77","nom":"Seine-et-Marne","slug":"seine-et-marne"},"region":{"code":"10","nom":"Île-de-France","slug":"ile-de-france"},"villes_proches":[{"id":8302,"code_insee":"77494","nom_standard":"Vernou-la-Celle-sur-Seine","nom_a":null,"nom_de":null,"slug_ville":"vernou-la-celle-sur-seine","departement_id":678,"code_postal":"77670","population":2606,"superficie_km2":"22.00","latitude_centre":"48.4059982","longitude_centre":"2.8540001","distance_km":5.3},{"id":8175,"code_insee":"77210","nom_standard":"La Grande-Paroisse","nom_a":null,"nom_de":null,"slug_ville":"la-grande-paroisse","departement_id":678,"code_postal":"77130","population":2873,"superficie_km2":"29.00","latitude_centre":"48.3919983","longitude_centre":"2.8980000","distance_km":6.02},{"id":8115,"code_insee":"77079","nom_standard":"Champagne-sur-Seine","nom_a":null,"nom_de":null,"slug_ville":"champagne-sur-seine","departement_id":678,"code_postal":"77430","population":6356,"superficie_km2":"7.00","latitude_centre":"48.4090004","longitude_centre":"2.8080001","distance_km":7.5},{"id":8183,"code_insee":"77226","nom_standard":"Héricy","nom_a":null,"nom_de":null,"slug_ville":"hericy","departement_id":678,"code_postal":"77850","population":2511,"superficie_km2":"11.00","latitude_centre":"48.4420013","longitude_centre":"2.7890000","distance_km":7.68},{"id":8217,"code_insee":"77305","nom_standard":"Montereau-Fault-Yonne","nom_a":null,"nom_de":null,"slug_ville":"montereau-fault-yonne","departement_id":678,"code_postal":"77130","population":22259,"superficie_km2":"9.00","latitude_centre":"48.3899994","longitude_centre":"2.9619999","distance_km":8.04},{"id":8268,"code_insee":"77419","nom_standard":"Saint-Mammès","nom_a":null,"nom_de":null,"slug_ville":"saint-mammes","departement_id":678,"code_postal":"77670","population":3302,"superficie_km2":"2.00","latitude_centre":"48.3870010","longitude_centre":"2.8190000","distance_km":8.54},{"id":8265,"code_insee":"77409","nom_standard":"Saint-Germain-Laval","nom_a":null,"nom_de":null,"slug_ville":"saint-germain-laval","departement_id":678,"code_postal":"77130","population":2828,"superficie_km2":"9.00","latitude_centre":"48.4090004","longitude_centre":"2.9949999","distance_km":8.58},{"id":8298,"code_insee":"77482","nom_standard":"Varennes-sur-Seine","nom_a":null,"nom_de":null,"slug_ville":"varennes-sur-seine","departement_id":678,"code_postal":"77130","population":3688,"superficie_km2":"10.00","latitude_centre":"48.3680000","longitude_centre":"2.9300001","distance_km":9.09},{"id":8124,"code_insee":"77100","nom_standard":"Le Châtelet-en-Brie","nom_a":null,"nom_de":null,"slug_ville":"le-chatelet-en-brie","departement_id":678,"code_postal":"77820","population":4258,"superficie_km2":"23.00","latitude_centre":"48.5019989","longitude_centre":"2.8030000","distance_km":9.1},{"id":8316,"code_insee":"77533","nom_standard":"Vulaines-sur-Seine","nom_a":null,"nom_de":null,"slug_ville":"vulaines-sur-seine","departement_id":678,"code_postal":"77870","population":2731,"superficie_km2":"4.00","latitude_centre":"48.4319992","longitude_centre":"2.7690001","distance_km":9.28},{"id":8276,"code_insee":"77439","nom_standard":"Salins","nom_a":null,"nom_de":null,"slug_ville":"salins","departement_id":678,"code_postal":"77148","population":1171,"superficie_km2":"11.00","latitude_centre":"48.4319992","longitude_centre":"3.0190001","distance_km":9.42},{"id":8279,"code_insee":"77442","nom_standard":"Samoreau","nom_a":null,"nom_de":null,"slug_ville":"samoreau","departement_id":678,"code_postal":"77210","population":2426,"superficie_km2":"6.00","latitude_centre":"48.4199982","longitude_centre":"2.7700000","distance_km":9.52},{"id":8289,"code_insee":"77463","nom_standard":"Thomery","nom_a":null,"nom_de":null,"slug_ville":"thomery","departement_id":678,"code_postal":"77810","population":3411,"superficie_km2":"4.00","latitude_centre":"48.4039993","longitude_centre":"2.7800000","distance_km":9.56},{"id":8119,"code_insee":"77086","nom_standard":"La Chapelle-Gauthier","nom_a":null,"nom_de":null,"slug_ville":"la-chapelle-gauthier","departement_id":678,"code_postal":"77720","population":1420,"superficie_km2":"17.00","latitude_centre":"48.5309982","longitude_centre":"2.8629999","distance_km":9.71},{"id":8169,"code_insee":"77191","nom_standard":"Fontenailles","nom_a":null,"nom_de":null,"slug_ville":"fontenailles","departement_id":678,"code_postal":"77370","population":1070,"superficie_km2":"27.00","latitude_centre":"48.5320015","longitude_centre":"2.9270000","distance_km":9.89},{"id":8168,"code_insee":"77188","nom_standard":"Fontaine-le-Port","nom_a":null,"nom_de":null,"slug_ville":"fontaine-le-port","departement_id":678,"code_postal":"77590","population":1003,"superficie_km2":"8.00","latitude_centre":"48.4840012","longitude_centre":"2.7670000","distance_km":10.21},{"id":8278,"code_insee":"77441","nom_standard":"Samois-sur-Seine","nom_a":null,"nom_de":null,"slug_ville":"samois-sur-seine","departement_id":678,"code_postal":"77920","population":2010,"superficie_km2":"6.00","latitude_centre":"48.4550018","longitude_centre":"2.7530000","distance_km":10.37},{"id":8223,"code_insee":"77316","nom_standard":"Moret-Loing-et-Orvanne","nom_a":null,"nom_de":null,"slug_ville":"moret-loing-et-orvanne","departement_id":678,"code_postal":"77250","population":12581,"superficie_km2":"5.00","latitude_centre":"48.3650017","longitude_centre":"2.8120000","distance_km":10.81},{"id":8106,"code_insee":"77061","nom_standard":"Cannes-Écluse","nom_a":null,"nom_de":null,"slug_ville":"cannes-ecluse","departement_id":678,"code_postal":"77130","population":2659,"superficie_km2":"9.00","latitude_centre":"48.3639984","longitude_centre":"2.9909999","distance_km":11.64},{"id":8220,"code_insee":"77311","nom_standard":"Montigny-Lencoup","nom_a":null,"nom_de":null,"slug_ville":"montigny-lencoup","departement_id":678,"code_postal":"77520","population":1384,"superficie_km2":"21.00","latitude_centre":"48.4539986","longitude_centre":"3.0530000","distance_km":11.83}]}