{"ville":{"id":8453,"code_insee":"78646","nom_standard":"Versailles","nom_a":null,"nom_de":null,"slug_ville":"versailles","departement_id":679,"code_postal":"78000","population":83587,"superficie_km2":"26.00","latitude_centre":"48.8030014","longitude_centre":"2.1180000","dep_code":"78","dep_nom":"Yvelines","dep_slug":"yvelines","reg_code":"10","reg_nom":"Île-de-France","reg_slug":"ile-de-france"},"departement":{"code":"78","nom":"Yvelines","slug":"yvelines"},"region":{"code":"10","nom":"Île-de-France","slug":"ile-de-france"},"villes_proches":[{"id":8350,"code_insee":"78158","nom_standard":"Le Chesnay-Rocquencourt","nom_a":null,"nom_de":null,"slug_ville":"le-chesnay-rocquencourt","departement_id":679,"code_postal":"78150","population":30924,"superficie_km2":"4.00","latitude_centre":"48.8269997","longitude_centre":"2.1300001","distance_km":2.81},{"id":8337,"code_insee":"78117","nom_standard":"Buc","nom_a":null,"nom_de":null,"slug_ville":"buc","departement_id":679,"code_postal":"78530","population":5920,"superficie_km2":"8.00","latitude_centre":"48.7719994","longitude_centre":"2.1240001","distance_km":3.48},{"id":8432,"code_insee":"78545","nom_standard":"Saint-Cyr-l'École","nom_a":null,"nom_de":null,"slug_ville":"saint-cyr-l-ecole","departement_id":679,"code_postal":"78210","population":20971,"superficie_km2":"5.00","latitude_centre":"48.8069992","longitude_centre":"2.0660000","distance_km":3.83},{"id":8458,"code_insee":"78686","nom_standard":"Viroflay","nom_a":null,"nom_de":null,"slug_ville":"viroflay","departement_id":679,"code_postal":"78220","population":16960,"superficie_km2":"3.00","latitude_centre":"48.8019981","longitude_centre":"2.1719999","distance_km":3.96},{"id":8376,"code_insee":"78297","nom_standard":"Guyancourt","nom_a":null,"nom_de":null,"slug_ville":"guyancourt","departement_id":679,"code_postal":"78280","population":29406,"superficie_km2":"13.00","latitude_centre":"48.7729988","longitude_centre":"2.0760000","distance_km":4.54},{"id":9646,"code_insee":"92047","nom_standard":"Marnes-la-Coquette","nom_a":null,"nom_de":null,"slug_ville":"marnes-la-coquette","departement_id":693,"code_postal":"92430","population":1745,"superficie_km2":"3.00","latitude_centre":"48.8300018","longitude_centre":"2.1659999","distance_km":4.62},{"id":8325,"code_insee":"78043","nom_standard":"Bailly","nom_a":null,"nom_de":null,"slug_ville":"bailly","departement_id":679,"code_postal":"78870","population":3650,"superficie_km2":"7.00","latitude_centre":"48.8370018","longitude_centre":"2.0810001","distance_km":4.65},{"id":8387,"code_insee":"78343","nom_standard":"Les Loges-en-Josas","nom_a":null,"nom_de":null,"slug_ville":"les-loges-en-josas","departement_id":679,"code_postal":"78350","population":1646,"superficie_km2":"2.00","latitude_centre":"48.7620010","longitude_centre":"2.1389999","distance_km":4.81},{"id":9660,"code_insee":"92077","nom_standard":"Ville-d'Avray","nom_a":null,"nom_de":null,"slug_ville":"ville-d-avray","departement_id":693,"code_postal":"92410","population":10694,"superficie_km2":"4.00","latitude_centre":"48.8219986","longitude_centre":"2.1780000","distance_km":4.87},{"id":8342,"code_insee":"78126","nom_standard":"La Celle-Saint-Cloud","nom_a":null,"nom_de":null,"slug_ville":"la-celle-saint-cloud","departement_id":679,"code_postal":"78170","population":20476,"superficie_km2":"6.00","latitude_centre":"48.8470001","longitude_centre":"2.1350000","distance_km":5.05},{"id":9659,"code_insee":"92076","nom_standard":"Vaucresson","nom_a":null,"nom_de":null,"slug_ville":"vaucresson","departement_id":693,"code_postal":"92420","population":8566,"superficie_km2":"3.00","latitude_centre":"48.8409996","longitude_centre":"2.1600001","distance_km":5.23},{"id":8382,"code_insee":"78322","nom_standard":"Jouy-en-Josas","nom_a":null,"nom_de":null,"slug_ville":"jouy-en-josas","departement_id":679,"code_postal":"78350","population":7928,"superficie_km2":"10.00","latitude_centre":"48.7659988","longitude_centre":"2.1630001","distance_km":5.27},{"id":9634,"code_insee":"92022","nom_standard":"Chaville","nom_a":null,"nom_de":null,"slug_ville":"chaville","departement_id":693,"code_postal":"92370","population":19991,"superficie_km2":"4.00","latitude_centre":"48.8079987","longitude_centre":"2.1919999","distance_km":5.45},{"id":8367,"code_insee":"78242","nom_standard":"Fontenay-le-Fleury","nom_a":null,"nom_de":null,"slug_ville":"fontenay-le-fleury","departement_id":679,"code_postal":"78330","population":13455,"superficie_km2":"6.00","latitude_centre":"48.8180008","longitude_centre":"2.0469999","distance_km":5.46},{"id":8449,"code_insee":"78640","nom_standard":"Vélizy-Villacoublay","nom_a":null,"nom_de":null,"slug_ville":"velizy-villacoublay","departement_id":679,"code_postal":"78140","population":22713,"superficie_km2":"9.00","latitude_centre":"48.7840004","longitude_centre":"2.1970000","distance_km":6.16},{"id":8389,"code_insee":"78350","nom_standard":"Louveciennes","nom_a":null,"nom_de":null,"slug_ville":"louveciennes","departement_id":679,"code_postal":"78430","population":7563,"superficie_km2":"5.00","latitude_centre":"48.8590012","longitude_centre":"2.1140001","distance_km":6.23},{"id":8445,"code_insee":"78620","nom_standard":"Toussus-le-Noble","nom_a":null,"nom_de":null,"slug_ville":"toussus-le-noble","departement_id":679,"code_postal":"78117","population":1157,"superficie_km2":"4.00","latitude_centre":"48.7470017","longitude_centre":"2.1180000","distance_km":6.23},{"id":8416,"code_insee":"78455","nom_standard":"Noisy-le-Roi","nom_a":null,"nom_de":null,"slug_ville":"noisy-le-roi","departement_id":679,"code_postal":"78590","population":7631,"superficie_km2":"6.00","latitude_centre":"48.8460007","longitude_centre":"2.0550001","distance_km":6.64},{"id":9640,"code_insee":"92033","nom_standard":"Garches","nom_a":null,"nom_de":null,"slug_ville":"garches","departement_id":693,"code_postal":"92380","population":17898,"superficie_km2":"3.00","latitude_centre":"48.8450012","longitude_centre":"2.1870000","distance_km":6.88},{"id":8411,"code_insee":"78423","nom_standard":"Montigny-le-Bretonneux","nom_a":null,"nom_de":null,"slug_ville":"montigny-le-bretonneux","departement_id":679,"code_postal":"78180","population":31777,"superficie_km2":"11.00","latitude_centre":"48.7799988","longitude_centre":"2.0300000","distance_km":6.94}]}